Crash Number,City Town Name,Crash Date,Crash Severity,Crash Status,Crash Time,Crash Year,Max Injury Severity Reported,Number of Vehicles,Police Agency Type,State Police Troop,Age of Driver - Youngest Known,Age of Driver - Oldest Known,Age of Vulnerable User - Youngest Known,Age of Vulnerable User - Oldest Known,Crash Hour,Driver Contributing Circumstances (All Drivers),Driver Distracted By (All Vehicles),First Harmful Event,Is Geocoded,Light Conditions,Manner of Collision,MassDOT District,Vulnerable User Action (All Persons),Vulnerable User Location (All Persons),Vulnerable User Type (All Persons),RMV Document Numbers,Road Surface Condition,Roadway Junction Type,RPA Abbreviation,Total Fatalities,Total Non-Fatal Injuries,Traffic Control Device Type,Trafficway Description,Vehicle Actions Prior to Crash (All Vehicles),Vehicle Configuration (All Vehicles),Vehicle Emergency Use (All Vehicles),Vehicle Towed From Scene (All Vehicles),Vehicle Travel Directions (All Vehicles),Weather Conditions,County Name,Crash Report IDs,FMCSA Reportable (All Vehicles),FMCSA Reportable (Crash),First Harmful Event Location,Geocoding Method,Hit and Run,Locality,Most Harmful Event (All Vehicles),Road Contributing Circumstance,School Bus Related,Speed Limit,Traffic Control Device Function,Vehicle Sequence of Events (All Vehicles),Work Zone Related,Vulnerable User Sequence of Events (All Persons),Vulnerable User Distracted By (All Persons),Vulnerable User Traffic Control Type (All persons),Vulnerable User Origin Destination (All Persons),Vulnerable User Contributing Circumstances (All Persons),Vulnerable User Alcohol Suspected Type (All Persons),Vulnerable User Drug Suspected Type (All Persons),X,Y,Latitude,Longitude,Street Number,Roadway,Near Intersection Roadway,Distance and Direction From Intersection,Milemarker,Milemarker Route,Distance and Direction From Milemarker,Exit Number,Exit Route,Distance and Direction From Exit,Landmark,Distance and Direction From Landmark,AADT-linked RD,AADT Year-linked RD,Peak % Single Unit Trucks-linked RD,Single-Unit Truck and Bus AADT-linked RD,Peak % Combo Trucks-linked RD,Combination Truck AADT-linked RD,Curb-linked RD-linked RD,Jurisdiction-linked RD,Truck Route-linked RD,Left Sidewalk Width-linked RD,Right Sidewalk Width-linked RD,Left Shoulder Width-linked RD,Left Shoulder Type-linked RD,Surface Width-linked RD,Surface Type-linked RD,Right Shoulder Width-linked RD,Right Shoulder Type-linked RD,Number of Travel Lanes-linked RD,Number of Opposing Travel Lanes-linked RD,Median Width-linked RD,Median Type-linked RD,Urban Type-linked RD,Functional Classification-linked RD,Urbanized Area-linked RD,Federal Aid Route Number-linked RD,Facility Type-linked RD,Street Operation-linked RD,Access Control-linked RD,Number of Peak Hour Lanes-linked RD,Speed Limit-linked RD,Street Name-linked RD,From Street Name-linked RD,To Street Name-linked RD,City-linked RD-linked RD,Structural Condition-linked RD,Terrain-linked RD,Urban Location Type-linked RD,AADT Derivation-linked RD,AADT Station Number-linked RD,Opposing Direction Speed Limit-linked RD,Undivided Left Shoulder Type-linked RD,Undivided Left Shoulder Width-linked RD,Truck Exclusion Type-linked RD,Truck Exclusion Time-linked RD,Federal Functional Classification-linked RD
5493487,MALDEN,1/11/25,Unknown,Open,12:25 AM,2025,Unknown,1,Local police,,,,,,12:00AM to 12:59AM,D1: (Unknown) ,,Other,Yes,Dark - lighted roadway,Single vehicle crash,4,,,, PW20254530453,Dry,Not at junction,MAPC,0,0,No controls,"One-way, not divided",V1: Backing,"V1:(Light truck(van, mini-van, pickup, sport utility))",V1:(No),V1:(No),V1: N,Clear,MIDDLESEX,25000018,"V1:(No, not federally reportable)","No, not federally reportable",Unknown,At Address,"Yes, hit and run",,V1:(Collision with fence),None,"No, school bus not involved",25,"Yes, device functioning", V1:(Collision with fence),No,,,,,,,,234887.4619,908678.6142,42.42784748,-71.07604685,19, CEDAR ST Rte N,,,,,,,,,,,1154,,,,,,Both sides,City or Town accepted road,,7,7,0,No Shoulder,24,Surface-treated road,0,No Shoulder,2,0,0,None,Large Urbanized Area,Local,Boston (MA-NH-RI),,Mainline roadway,One-way traffic,No Access Control,,,CEDAR STREET,PLEASANT STREET,CLIFTON STREET,MALDEN,Good,Level Terrain,,,,,0,0,,,Local
5493488,MALDEN,1/20/25,Property damage only (none injured),Open,8:36 AM,2025,No Apparent Injury (O),4,Local police,,55-64,55-64,,,08:00AM to 08:59AM,D4: (Other improper action) ,D4: Not Distracted,Collision with parked motor vehicle,Yes,Daylight,"Sideswipe, same direction",4,,,, PW20254530452,Snow,Not at junction,MAPC,0,0,No controls,"Two-way, not divided",V1: Parked / V2: Parked / V3: Parked / V4: Travelling straight ahead,V1:(Passenger car) / V2:(Passenger car) / V3:(Passenger car) / V4:(Passenger car),V1:(No) / V2:(No) / V3:(No) / V4:(No),V1:(No) / V2:(No) / V3:(No) / V4:(No),V1: S  / V2: S  / V3: S  / V4: S,Clear,MIDDLESEX,25000050,"V1:(No, not federally reportable) / V2:(No, not federally reportable) / V3:(No, not federally reportable) / V4:(No, not federally reportable)","No, not federally reportable",Roadway,At Address,No hit and run,,V1:(Collision with motor vehicle in traffic) / V2:(Collision with motor vehicle in traffic) / V3:(Collision with motor vehicle in traffic) / V4:(Collision with parked motor vehicle),Other,"No, school bus not involved",20,Not reported, V1:(Collision with motor vehicle in traffic) V2:(Collision with motor vehicle in traffic) V3:(Collision with motor vehicle in traffic) V4:(Collision with parked motor vehicle),No,,,,,,,,236349.2709,908307.2416,42.42443741,-71.05830659,79, LINWOOD ST Rte S,,,,,,,,,,,1154,,,,,,Both sides,City or Town accepted road,,7,7,0,No Shoulder,25,Bituminous concrete road,0,No Shoulder,2,0,0,None,Large Urbanized Area,Local,Boston (MA-NH-RI),,Mainline roadway,Two-way traffic,No Access Control,,,LINWOOD STREET,EASTERN AVENUE,UPHAM STREET,MALDEN,Good,Level Terrain,,,,,0,0,,,Local
5493489,MALDEN,1/26/25,Property damage only (none injured),Open,10:29 AM,2025,No Apparent Injury (O),3,Local police,,35-44,35-44,,,10:00AM to 10:59AM,D1: (No improper driving)  / D2: (Inattention) ,D1: Not Distracted,Collision with parked motor vehicle,Yes,Daylight,Rear-to-rear,4,,,, PW20254530483 / PW20254530487 / PW20254530483 / PW20254530487,Dry,Not at junction,MAPC,0,0,No controls,"Two-way, not divided",V1: Travelling straight ahead / V2: Backing / V3: Parked,V1:(Passenger car) / V2:(Passenger car) / V3:(Passenger car),V1:(No) / V2:(No) / V3:(No),V1:(No) / V2:(No) / V3:(No),V1: N  / V2: S  / V3: S,Clear,MIDDLESEX, 25000076 / 25000077,"V1:(No, not federally reportable) / V2:(No, not federally reportable) / V3:(No, not federally reportable)","No, not federally reportable",Outside roadway,At Address,"Yes, hit and run",,V1:(Collision with motor vehicle in traffic) / V2:(Collision with parked motor vehicle) / V3:(Collision with motor vehicle in traffic),None,"No, school bus not involved",10,"Yes, device functioning", V1:(Collision with motor vehicle in traffic) V2:(Collision with parked motor vehicle) V3:(Collision with motor vehicle in traffic),No,,,,,,,,237737.6927,908598.0097,42.42698909,-71.04141669,114, BROADWAY Rte 6,,,,,,,,,,,20559,2020,0.33,801,0.105,224,Both sides,City or Town accepted road,,6,6,0,No Shoulder,46,Bituminous concrete road,0,No Shoulder,4,0,0,None,Large Urbanized Area,Rural minor arterial or urban principal arterial,Boston (MA-NH-RI),,Mainline roadway,Two-way traffic,No Access Control,,35,BROADWAY,EVERETT CITY LINE,MELROSE CITY LINE,MALDEN,Good,Level Terrain,,Grown from Prior Year HPMS Network,,35,0,0,,,Principal Arterial - Other
5493490,MALDEN,1/18/25,Non-fatal injury,Open,5:26 AM,2025,Suspected Minor Injury (B),2,Local police,,35-44,45-54,,,05:00AM to 05:59AM,D1: (No improper driving)  / D2: (No improper driving) ,D2: Not Distracted,Collision with parked motor vehicle,Yes,Dark - lighted roadway,Rear-end,4,,,, PW20254530455,Dry,Not at junction,MAPC,0,1,No controls,"Two-way, divided, unprotected median",V1: Travelling straight ahead / V2: Parked,V1:(Passenger car) / V2:(Passenger car),V1:(No) / V2:(No),V1:(No) / V2:(No),V1: W  / V2:,Clear,MIDDLESEX,25000039,"V1:(No, not federally reportable) / V2:(No, not federally reportable)","No, not federally reportable",Roadway,At Address,No hit and run,,V1:(Collision with parked motor vehicle) / V2:(Collision with motor vehicle in traffic),None,"No, school bus not involved",25,Not reported, V1:(Collision with parked motor vehicle) V2:(Collision with motor vehicle in traffic),No,,,,,,,,235665.0786,908205.5473,42.4235535,-71.0666266,30, EASTERN AV Rte W,,,,,,,,,,,10575,2020,,,,,Both sides,City or Town accepted road,,6,6,0,No Shoulder,32,Bituminous concrete road,0,No Shoulder,2,0,0,None,Large Urbanized Area,Rural minor arterial or urban principal arterial,Boston (MA-NH-RI),,Mainline roadway,Two-way traffic,No Access Control,,30,EASTERN AVENUE,MAIN STREET,LYNN STREET,MALDEN,Good,Level Terrain,,Pulled back from HPMS network estimation routine,,30,0,0,,,Principal Arterial - Other
5493491,MALDEN,1/28/25,Property damage only (none injured),Open,3:34 PM,2025,No Apparent Injury (O),1,Local police,,65-74,65-74,,,03:00PM to 03:59PM,D1: (Unknown) ,D1: Not Distracted,Collision with median barrier,Yes,Daylight,Single vehicle crash,4,,,, PW20254530484,Dry,Four-way intersection,MAPC,0,0,Traffic control signal,"Two-way, divided, positive median barrier",V1: Travelling straight ahead,V1:(Passenger car),V1:(No),"V1:(Yes, vehicle or trailer disabled)",V1: S,Clear,MIDDLESEX,25000084,"V1:(No, not federally reportable)","No, not federally reportable",Median,At Intersection,No hit and run,,V1:(Collision with median barrier),None,"No, school bus not involved",25,"Yes, device functioning", V1:(Collision with median barrier),No,,,,,,,,235604.6561,908513.0002,42.42632412,-71.06734184,, MAIN ST Rte S  / PLEASANT ST Rte,,,,,,,,,,,10345,2020,0.164,213,0.01,28,Both sides,City or Town accepted road,,10,10,0,No Shoulder,48,Bituminous concrete road,0,No Shoulder,2,0,0,None,Large Urbanized Area,Rural minor arterial or urban principal arterial,Boston (MA-NH-RI),,Mainline roadway,Two-way traffic,No Access Control,,30,MAIN STREET,MELROSE CITY LINE,EVERETT CITY LINE,MALDEN,Good,Level Terrain,,Pulled back from HPMS network estimation routine,,30,0,0,,,Principal Arterial - Other
5493493,MALDEN,1/9/25,Property damage only (none injured),Open,5:13 PM,2025,Not Applicable,2,Local police,,35-44,35-44,,,05:00PM to 05:59PM,D1: (Unknown) ,D1: Not Distracted,Collision with parked motor vehicle,Yes,Daylight,Angle,4,,,, PW20254530451,Dry,Not at junction,MAPC,0,0,No controls,"One-way, not divided",V1: Parked / V2: Travelling straight ahead,V1:(Passenger car) / V2:(Other),V1:(No) / V2:(No),V1:(No) / V2:(No),V1: N  / V2: N,Clear/Severe crosswinds,MIDDLESEX,25000016,"V1:(No, not federally reportable) / V2:(No, not federally reportable)","No, not federally reportable",Roadway,At Address,"Yes, hit and run",,V1:(Collision with parked motor vehicle) / V2:(Collision with parked motor vehicle),None,"No, school bus not involved",25,Not reported, V1:(Collision with parked motor vehicle) V2:(Collision with parked motor vehicle),No,,,,,,,,234839.968,909010.4008,42.43083652,-71.07660397,108, CEDAR ST Rte N,,,,,,,,,,,1154,,,,,,Both sides,City or Town accepted road,,7,7,0,No Shoulder,24,Surface-treated road,0,No Shoulder,2,0,0,None,Large Urbanized Area,Local,Boston (MA-NH-RI),,Mainline roadway,One-way traffic,No Access Control,,,CEDAR STREET,PLEASANT STREET,CLIFTON STREET,MALDEN,Good,Level Terrain,,,,,0,0,,,Local
5493495,MALDEN,1/17/25,Non-fatal injury,Open,11:10 PM,2025,Suspected Minor Injury (B),2,Local police,,21-24,25-34,,,11:00PM to 11:59PM,D1: (No improper driving)  / D2: (No improper driving) ,D1: Not Distracted / D2: Not Distracted,Collision with motor vehicle in traffic,Yes,Dark - lighted roadway,Angle,4,,,, PW20254530457,Dry,T-intersection,MAPC,0,2,Stop signs,"Two-way, not divided",V1: Travelling straight ahead / V2: Travelling straight ahead,V1:(Passenger car) / V2:(Passenger car),V1:(No) / V2:(No),"V1:(Yes, vehicle or trailer disabled) / V2:(Yes, vehicle or trailer disabled)",V1: E  / V2: N,Clear/Clear,MIDDLESEX,25000040,"V1:(No, not federally reportable) / V2:(No, not federally reportable)","No, not federally reportable",Roadway,At Intersection,No hit and run,,V1:(Collision with motor vehicle in traffic) / V2:(Collision with motor vehicle in traffic),None,"No, school bus not involved",35,"Yes, device functioning", V1:(Collision with motor vehicle in traffic) V2:(Collision with motor vehicle in traffic),No,,,,,,,,237265.1561,909765.8125,42.43752497,-71.04708343,, CHERRY ST Rte    / LEBANON ST Rte,,,,,,,,,,,1154,,,,,,Both sides,City or Town accepted road,,7,7,0,No Shoulder,25,Bituminous concrete road,0,No Shoulder,2,0,0,None,Large Urbanized Area,Local,Boston (MA-NH-RI),,Mainline roadway,Two-way traffic,No Access Control,,,CHERRY STREET,LEBANON STREET,ECHO STREET,MALDEN,Good,Level Terrain,,,,,0,0,,,Local
5493496,MALDEN,1/24/25,Property damage only (none injured),Open,8:30 AM,2025,No Apparent Injury (O),2,Local police,,25-34,35-44,,,08:00AM to 08:59AM,D1: (No improper driving)  / D2: (Glare) ,D1: Not Distracted,Collision with motor vehicle in traffic,Yes,Daylight,Rear-end,4,,,, PW20254530485,Dry,Not at junction,MAPC,0,0,No controls,"Two-way, not divided",V1: Travelling straight ahead / V2: Travelling straight ahead,V1:(Passenger car) / V2:(Passenger car),V1:(No) / V2:(No),V1:(No) / V2:(No),V1: S  / V2: S,Clear,MIDDLESEX,25000069,"V1:(No, not federally reportable) / V2:(No, not federally reportable)","No, not federally reportable",Roadway,At Address,No hit and run,,V1:(Collision with motor vehicle in traffic) / V2:(Collision with motor vehicle in traffic),None,"No, school bus not involved",25,"Yes, device functioning", V1:(Collision with motor vehicle in traffic) V2:(Collision with motor vehicle in traffic),No,,,,,,,,236265.3843,907859.2151,42.42040794,-71.05935404,112, WALNUT ST Rte S,,,,,,,,,,,1154,,,,,,Both sides,City or Town accepted road,,9,9,0,No Shoulder,27,Bituminous concrete road,0,No Shoulder,2,0,0,None,Large Urbanized Area,Local,Boston (MA-NH-RI),,Mainline roadway,Two-way traffic,No Access Control,,,WALNUT STREET,FERRY STREET,BELMONT STREET,MALDEN,Good,Rolling Terrain,,,,,0,0,,,Local
5493497,MALDEN,1/25/25,Unknown,Open,7:23 PM,2025,Not reported,1,Local police,,,,,,07:00PM to 07:59PM,,,Collision with parked motor vehicle,Yes,Dark - lighted roadway,"Sideswipe, same direction",4,,,, PW20254530459,Dry,Not at junction,MAPC,0,0,No controls,"Two-way, not divided",V1: Parked,"V1:(Light truck(van, mini-van, pickup, sport utility))",V1:(No),V1:(No),V1: N,Clear,MIDDLESEX,25000074,"V1:(No, not federally reportable)","No, not federally reportable",Roadway,At Address,"Yes, hit and run",,V1:(Collision with motor vehicle in traffic),None,"No, school bus not involved",25,Not reported, V1:(Collision with motor vehicle in traffic),No,,,,,,,,236475.2266,909511.0561,42.43526888,-71.05670006,168, FLORAL AV Rte N,,,,,,,,,,,1154,,,,,,Both sides,City or Town accepted road,,7,7,0,No Shoulder,25,Bituminous concrete road,0,No Shoulder,2,0,0,None,Large Urbanized Area,Local,Boston (MA-NH-RI),,Mainline roadway,Two-way traffic,No Access Control,,,FLORAL AVENUE,FOREST STREET,BAINBRIDGE STREET,MALDEN,Good,Mountainous Terrain,,,,,0,0,,,Local
5493498,MALDEN,1/15/25,Non-fatal injury,Open,9:14 AM,2025,Suspected Minor Injury (B),1,Local police,,35-44,35-44,25-34,25-34,09:00AM to 09:59AM,"D1: (Unknown),(Unknown) ",,Unknown,Yes,Daylight,Unknown,4, VU2: Entering or crossing location, VU2: Unknown, VU2: Pedestrian, PW20254530486,Dry,Four-way intersection,MAPC,0,1,Traffic control signal,"Two-way, divided, positive median barrier",V1: Turning right,"V1:(Light truck(van, mini-van, pickup, sport utility))",V1:(No),V1:(No),V1: S,Clear/Clear,MIDDLESEX,25000029,"V1:(No, not federally reportable)","No, not federally reportable",Unknown,At Intersection,No hit and run,,V1:(Collision with pedestrian),None,"No, school bus not involved",20,"Yes, device functioning", V1:(Collision with pedestrian),No, VU2:(Crossing Roadway),,, VU2: Other,, VU2: No, VU2: No,235572.8125,908388.375,42.42520363,-71.06773647,, CENTRE ST Rte E  / MAIN ST Rte S,,,,,,,,,,,14589,2020,0.558,671,0.155,161,Both sides,City or Town accepted road,,0,8,0,No Shoulder,22,Bituminous concrete road,0,No Shoulder,2,2,5,Raised Median,Large Urbanized Area,Rural minor arterial or urban principal arterial,Boston (MA-NH-RI),,Mainline roadway,Two-way traffic,No Access Control,,30,CENTRE STREET,PLEASANT STREET,EASTERN AVENUE,MALDEN,Good,Level Terrain,,Pulled back from HPMS network estimation routine,,0,0,0,,,Principal Arterial - Other
5493499,MALDEN,1/20/25,Property damage only (none injured),Open,12:01 AM,2025,No Apparent Injury (O),1,Local police,,35-44,35-44,,,12:00AM to 12:59AM,"D1: (Swerving or avoiding due to wind, slippery surface, vehicle, object, vulnerable user in roadway),(Failure to keep in proper lane or running off road) ",,Collision with utility pole,Yes,Dark - lighted roadway,Single vehicle crash,4,,,, PW20254530458,Snow,Not at junction,MAPC,0,0,No controls,"Two-way, not divided",V1: Travelling straight ahead,"V1:(Light truck(van, mini-van, pickup, sport utility))",V1:(No),"V1:(Yes, vehicle or trailer disabled)",V1: N,Snow,MIDDLESEX,25000047,"V1:(No, not federally reportable)","No, not federally reportable",Outside roadway,At Address,No hit and run,,V1:(Collision with light pole or other post/support),"Road surface condition (wet, icy, snow, slush, etc.)","No, school bus not involved",25,Not reported," V1:(Collision with utility pole),(Collision with other fixed object(wall, building, tunnel, etc.))",No,,,,,,,,234350.8609,909288.1591,42.43335875,-71.08253127,621, HIGHLAND AV Rte N,,,,,,,,,,,14259,2020,0.632,812,0.109,115,Both sides,City or Town accepted road,,5,5,0,No Shoulder,40,Bituminous concrete road,0,No Shoulder,2,0,0,None,Large Urbanized Area,Urban minor arterial or rural major collector,Boston (MA-NH-RI),,Mainline roadway,Two-way traffic,No Access Control,,30,HIGHLAND AVENUE,MEDFORD CITY LINE,MEDFORD CITY LINE,MALDEN,Good,Level Terrain,,Pulled back from HPMS network estimation routine,,30,0,0,,,Minor Arterial
5493500,MALDEN,1/20/25,Unknown,Open,9:33 AM,2025,Unknown,2,Local police,,25-34,25-34,,,09:00AM to 09:59AM,D1: (Unknown)  / D2: (Unknown) ,,Collision with motor vehicle in traffic,Yes,Daylight,Angle,4,,,, PW20254530461,Other,Four-way intersection,MAPC,0,0,Unknown,"Two-way, not divided",V1: Unknown / V2: Travelling straight ahead,V1:(Other) / V2:(Passenger car),V1:(No) / V2:(No),"V1:(No) / V2:(Yes, vehicle or trailer disabled)",V1: U  / V2: W,Clear,MIDDLESEX,25000052,"V1:(No, not federally reportable) / V2:(No, not federally reportable)","No, not federally reportable",Roadway,At Address,"Yes, hit and run",,V1:(Unknown) / V2:(Collision with motor vehicle in traffic),Unknown,"No, school bus not involved",25,Not reported, V2:(Collision with motor vehicle in traffic),No,,,,,,,,235563.578,908402.6759,42.42533279,-71.0678478,1, CENTRE ST Rte W,,,,,,,,,,,,,,,,,Both sides,City or Town accepted road,,0,8,0,No Shoulder,22,Bituminous concrete road,0,No Shoulder,2,2,5,Raised Median,Large Urbanized Area,Rural minor arterial or urban principal arterial,Boston (MA-NH-RI),,Mainline roadway,Two-way traffic,No Access Control,,30,CENTRE STREET,PLEASANT STREET,EASTERN AVENUE,MALDEN,Good,Level Terrain,,,,0,0,0,,,Principal Arterial - Other
5493503,MALDEN,1/22/25,Property damage only (none injured),Open,1:25 PM,2025,No Apparent Injury (O),2,Local police,,45-54,45-54,,,01:00PM to 01:59PM,D1: (Unknown) ,,Collision with motor vehicle in traffic,Yes,Daylight,Angle,4,,,, PW20254530460,Snow,Not at junction,MAPC,0,0,No controls,"Two-way, not divided",V1: Backing / V2: Parked,"V1:(Unknown heavy truck, cannot classify) / V2:(Passenger car)",V1:(No) / V2:(No),V1:(No) / V2:(No),V1: W  / V2: Not Reported,Clear,MIDDLESEX,25000062,"V1:(No, not federally reportable) / V2:(No, not federally reportable)","No, not federally reportable",Roadway,At Address,No hit and run,,V1:(Collision with parked motor vehicle) / V2:(Collision with parked motor vehicle),None,"No, school bus not involved",25,Not reported, V1:(Collision with parked motor vehicle) V2:(Collision with parked motor vehicle),No,,,,,,,,237652.2576,908218.3253,42.42357511,-71.04247961,14, GROVER ST Rte W,,,,,,,,,,,1154,,,,,,Both sides,City or Town accepted road,,7,7,0,No Shoulder,25,Bituminous concrete road,0,No Shoulder,2,0,0,None,Large Urbanized Area,Local,Boston (MA-NH-RI),,Mainline roadway,One-way traffic,No Access Control,,,GROVER STREET,BROADWAY,EVERETT CITY LINE,MALDEN,Good,Level Terrain,,,,,0,0,,,Local
5493505,MALDEN,1/29/25,Unknown,Open,6:35 AM,2025,Not reported,2,Local police,,,,,,06:00AM to 06:59AM,,,Collision with parked motor vehicle,Yes,Daylight,Angle,4,,,, PW20254530492,Slush,Not at junction,MAPC,0,0,No controls,"Two-way, not divided",V1: Travelling straight ahead / V2: Parked,"V1:(Light truck(van, mini-van, pickup, sport utility)) / V2:(Light truck(van, mini-van, pickup, sport utility))",V1:(No) / V2:(No),"V1:(Yes, vehicle or trailer disabled) / V2:(No)",V1: W  / V2:,Snow,MIDDLESEX,25000086,"V1:(No, not federally reportable) / V2:(No, not federally reportable)","No, not federally reportable",Outside roadway,At Address,"Yes, hit and run",,V1:(Collision with parked motor vehicle) / V2:(Collision with motor vehicle in traffic),None,"No, school bus not involved",25,Not reported," V1:(Collision with curb),(Collision with parked motor vehicle) V2:(Collision with motor vehicle in traffic)",No,,,,,,,,236835.7993,909313.7231,42.43347544,-71.05233053,19, FAIRVIEW AVE Rte W,,,,,,,,,,,1154,,,,,,Both sides,City or Town accepted road,,7,7,0,No Shoulder,24,Surface-treated road,0,No Shoulder,2,0,0,None,Large Urbanized Area,Local,Boston (MA-NH-RI),,Mainline roadway,Two-way traffic,No Access Control,,,FAIRVIEW AVENUE,GRANVILLE AVENUE,ROCKWELL STREET,MALDEN,Fair,Rolling Terrain,,,,,0,0,,,Local
5493507,MALDEN,1/27/25,Property damage only (none injured),Open,7:58 AM,2025,No Apparent Injury (O),2,Local police,,35-44,55-64,,,07:00AM to 07:59AM,D1: (No improper driving)  / D2: (Inattention) ,D1: Not Distracted,Collision with motor vehicle in traffic,Yes,Daylight,Angle,4,,,, PW20254530462,Dry,Not at junction,MAPC,0,0,No controls,"Two-way, not divided",V1: Travelling straight ahead / V2: Entering traffic lane,V1:(Passenger car) / V2:(Passenger car),V1:(No) / V2:(No),"V1:(No) / V2:(Yes, vehicle or trailer disabled)",V1: W  / V2: W,Clear,MIDDLESEX,25000080,"V1:(No, not federally reportable) / V2:(No, not federally reportable)","No, not federally reportable",Roadway,At Address,No hit and run,,V1:(Collision with motor vehicle in traffic) / V2:(Collision with motor vehicle in traffic),None,"No, school bus not involved",25,"Yes, device functioning", V1:(Collision with motor vehicle in traffic) V2:(Collision with motor vehicle in traffic),No,,,,,,,,237088.3761,908833.9554,42.42914435,-71.0492918,78, LISBON ST Rte W,,,,,,,,,,,1154,,,,,,Both sides,City or Town accepted road,,7,7,0,No Shoulder,40,Bituminous concrete road,0,No Shoulder,2,0,0,None,Large Urbanized Area,Local,Boston (MA-NH-RI),,Mainline roadway,Two-way traffic,No Access Control,,,LISBON STREET,EASTERN AVENUE,SHORT STREET,MALDEN,Good,Level Terrain,,,,,0,0,,,Local
5493508,MALDEN,1/18/25,Unknown,Open,7:23 AM,2025,Not reported,3,Local police,,,,,,07:00AM to 07:59AM,,,Collision with motor vehicle in traffic,Yes,Daylight,Angle,4,,,, PW20254530509,Dry,Not at junction,MAPC,0,0,No controls,"Two-way, not divided",V1: Unknown / V2: Parked / V3: Parked,V1:(Passenger car) / V2:(Passenger car) / V3:(Passenger car),V1:(No) / V2:(No) / V3:(No),"V1:(Yes, vehicle or trailer disabled) / V2:(No) / V3:(Yes, vehicle or trailer disabled)",V1: U  / V2: U  / V3: U,Clear,MIDDLESEX,25000042,"V1:(No, not federally reportable) / V2:(No, not federally reportable) / V3:(No, not federally reportable)","No, not federally reportable",Roadway,At Address,No hit and run,,V1:(Unknown) / V2:(Collision with motor vehicle in traffic) / V3:(Collision with motor vehicle in traffic),None,"No, school bus not involved",25,"No, device not functioning",,No,,,,,,,,236169.401,908365.5367,42.42497058,-71.06048857,76, HOLYOKE Rte 6,,,,,,,,,,,1154,,,,,,Both sides,City or Town accepted road,,7,7,0,No Shoulder,25,Bituminous concrete road,0,No Shoulder,2,0,0,None,Large Urbanized Area,Local,Boston (MA-NH-RI),,Mainline roadway,One-way traffic,No Access Control,,,HOLYOKE STREET,FERRY STREET,FRANKLIN STREET,MALDEN,Good,Level Terrain,,,,,0,0,,,Local
5493509,MALDEN,1/28/25,Non-fatal injury,Open,3:02 PM,2025,Suspected Minor Injury (B),3,Local police,,21-24,55-64,,,03:00PM to 03:59PM,D1: (No improper driving)  / D2: (No improper driving)  / D3: (No improper driving) ,D1: Not Distracted,Collision with motor vehicle in traffic,Yes,Daylight,Rear-end,4,,,, PW20254530491,Dry,Not at junction,MAPC,0,1,No controls,"Two-way, not divided",V1: Slowing or stopped in traffic / V2: Travelling straight ahead / V3: Slowing or stopped in traffic,V1:(Passenger car) / V2:(Passenger car) / V3:(Passenger car),V1:(No) / V2:(No) / V3:(No),"V1:(Yes, vehicle or trailer disabled) / V2:(Yes, vehicle or trailer disabled) / V3:(No)",V1: S  / V2: S  / V3: S,Clear,MIDDLESEX,25000085,"V1:(No, not federally reportable) / V2:(No, not federally reportable) / V3:(No, not federally reportable)","No, not federally reportable",Roadway,At Address,No hit and run,,V1:(Collision with motor vehicle in traffic) / V2:(Collision with motor vehicle in traffic) / V3:(Collision with motor vehicle in traffic),None,"No, school bus not involved",25,"Yes, device functioning", V1:(Collision with motor vehicle in traffic) V2:(Collision with motor vehicle in traffic) V3:(Collision with motor vehicle in traffic),No,,,,,,,,237977.3102,909496.2366,42.43506375,-71.03844589,354, BROADWAY Rte S,,,,,,,,,,,10575,2020,,,,,Both sides,City or Town accepted road,,10,10,0,No Shoulder,44,Bituminous concrete road,0,No Shoulder,2,0,0,None,Large Urbanized Area,Rural minor arterial or urban principal arterial,Boston (MA-NH-RI),,Mainline roadway,Two-way traffic,No Access Control,,30,BROADWAY,EVERETT CITY LINE,MELROSE CITY LINE,MALDEN,Good,Rolling Terrain,,Pulled back from HPMS network estimation routine,,30,0,0,,,Principal Arterial - Other
5493510,MALDEN,1/20/25,Unknown,Open,11:37 AM,2025,Not reported,2,Local police,,,,,,11:00AM to 11:59AM,D2: (Unknown) ,,Collision with parked motor vehicle,Yes,Unknown,"Sideswipe, same direction",4,,,, PW20254530464,Unknown,Not at junction,MAPC,0,0,No controls,"Two-way, not divided",V1: Parked / V2: Unknown,V1:(Passenger car) / V2:(Other),V1:(No) / V2:(No),V1:(No) / V2:(No),V1: N  / V2: N,Unknown,MIDDLESEX,25000053,"V1:(No, not federally reportable) / V2:(No, not federally reportable)","No, not federally reportable",Roadway,At Address,"Yes, hit and run",,V1:(Collision with motor vehicle in traffic) / V2:(Collision with parked motor vehicle),Unknown,"No, school bus not involved",25,Not reported, V1:(Collision with motor vehicle in traffic),No,,,,,,,,234405.5432,909135.2235,42.43197953,-71.08187584,579, HIGHLAND AV Rte N,,,,,,,,,,,14259,2020,0.632,812,0.109,115,Both sides,City or Town accepted road,,5,5,0,No Shoulder,40,Bituminous concrete road,0,No Shoulder,2,0,0,None,Large Urbanized Area,Urban minor arterial or rural major collector,Boston (MA-NH-RI),,Mainline roadway,Two-way traffic,No Access Control,,30,HIGHLAND AVENUE,MEDFORD CITY LINE,MEDFORD CITY LINE,MALDEN,Good,Level Terrain,,Pulled back from HPMS network estimation routine,,30,0,0,,,Minor Arterial