Crash Number,City Town Name,Crash Date,Crash Severity,Crash Status,Crash Time,Crash Year,Max Injury Severity Reported,Number of Vehicles,Police Agency Type,State Police Troop,Age of Driver - Youngest Known,Age of Driver - Oldest Known,Age of Vulnerable User - Youngest Known,Age of Vulnerable User - Oldest Known,Crash Hour,Driver Contributing Circumstances (All Drivers),Driver Distracted By (All Vehicles),First Harmful Event,Is Geocoded,Light Conditions,Manner of Collision,MassDOT District,Vulnerable User Action (All Persons),Vulnerable User Location (All Persons),Vulnerable User Type (All Persons),RMV Document Numbers,Road Surface Condition,Roadway Junction Type,RPA Abbreviation,Total Fatalities,Total Non-Fatal Injuries,Traffic Control Device Type,Trafficway Description,Vehicle Actions Prior to Crash (All Vehicles),Vehicle Configuration (All Vehicles),Vehicle Emergency Use (All Vehicles),Vehicle Towed From Scene (All Vehicles),Vehicle Travel Directions (All Vehicles),Weather Conditions,County Name,Crash Report IDs,FMCSA Reportable (All Vehicles),FMCSA Reportable (Crash),First Harmful Event Location,Geocoding Method,Hit and Run,Locality,Most Harmful Event (All Vehicles),Road Contributing Circumstance,School Bus Related,Speed Limit,Traffic Control Device Function,Vehicle Sequence of Events (All Vehicles),Work Zone Related,Vulnerable User Sequence of Events (All Persons),Vulnerable User Distracted By (All Persons),Vulnerable User Traffic Control Type (All persons),Vulnerable User Origin Destination (All Persons),Vulnerable User Contributing Circumstances (All Persons),Vulnerable User Alcohol Suspected Type (All Persons),Vulnerable User Drug Suspected Type (All Persons),X,Y,Latitude,Longitude,Street Number,Roadway,Near Intersection Roadway,Distance and Direction From Intersection,Milemarker,Milemarker Route,Distance and Direction From Milemarker,Exit Number,Exit Route,Distance and Direction From Exit,Landmark,Distance and Direction From Landmark,AADT-linked RD,AADT Year-linked RD,Peak % Single Unit Trucks-linked RD,Single-Unit Truck and Bus AADT-linked RD,Peak % Combo Trucks-linked RD,Combination Truck AADT-linked RD,Curb-linked RD-linked RD,Jurisdiction-linked RD,Truck Route-linked RD,Left Sidewalk Width-linked RD,Right Sidewalk Width-linked RD,Left Shoulder Width-linked RD,Left Shoulder Type-linked RD,Surface Width-linked RD,Surface Type-linked RD,Right Shoulder Width-linked RD,Right Shoulder Type-linked RD,Number of Travel Lanes-linked RD,Number of Opposing Travel Lanes-linked RD,Median Width-linked RD,Median Type-linked RD,Urban Type-linked RD,Functional Classification-linked RD,Urbanized Area-linked RD,Federal Aid Route Number-linked RD,Facility Type-linked RD,Street Operation-linked RD,Access Control-linked RD,Number of Peak Hour Lanes-linked RD,Speed Limit-linked RD,Street Name-linked RD,From Street Name-linked RD,To Street Name-linked RD,City-linked RD-linked RD,Structural Condition-linked RD,Terrain-linked RD,Urban Location Type-linked RD,AADT Derivation-linked RD,AADT Station Number-linked RD,Opposing Direction Speed Limit-linked RD,Undivided Left Shoulder Type-linked RD,Undivided Left Shoulder Width-linked RD,Truck Exclusion Type-linked RD,Truck Exclusion Time-linked RD,Federal Functional Classification-linked RD
5493543,MALDEN,1/23/25,Property damage only (none injured),Open,6:16 PM,2025,No Apparent Injury (O),1,Local police,,45-54,45-54,,,06:00PM to 06:59PM,"D1: (No improper driving),(No improper driving) ",D1: Not Distracted,Other non-collision,Yes,Other,Single vehicle crash,4,,,, PW20254530475,Dry,Not at junction,MAPC,0,0,No controls,"Two-way, not divided",V1: Parked,V1:(Passenger car),V1:(No),V1:(No),V1: N,Clear/Clear,MIDDLESEX,25000067,"V1:(No, not federally reportable)","No, not federally reportable",Outside roadway,At Address,No hit and run,,V1:(Other),None,"No, school bus not involved",20,Not reported, V1:(Other),No,,,,,,,,238272.4237,909803.0607,42.43781149,-71.03483898,500, BROADWAY Rte 6,,,,,,,,,,,23069,2009,2,2,1,1,Right side only,City or Town accepted road,,0,10,0,No Shoulder,16,Bituminous concrete road,0,No Shoulder,1,1,10,Unprotected,Large Urbanized Area,Rural minor arterial or urban principal arterial,Boston (MA-NH-RI),,Mainline roadway,Two-way traffic,No Access Control,,30,BROADWAY,EVERETT CITY LINE,MELROSE CITY LINE,MALDEN,Good,Level Terrain,,Calculated from Partial Counts,5693,0,0,0,,,Principal Arterial - Other
5493544,MALDEN,1/29/25,Non-fatal injury,Open,11:47 AM,2025,Suspected Minor Injury (B),3,Local police,,25-34,45-54,,,11:00AM to 11:59AM,D1: (Unknown)  / D2: (Unknown)  / D3: (Unknown) ,D3: Not Distracted,Collision with motor vehicle in traffic,Yes,Daylight,Rear-end,4,,,, PW20254530474,Wet,Not at junction,MAPC,0,1,Traffic control signal,"Two-way, divided, unprotected median",V1: Slowing or stopped in traffic / V2: Travelling straight ahead / V3: Slowing or stopped in traffic,"V1:(Passenger car) / V2:(Light truck(van, mini-van, pickup, sport utility)) / V3:(Passenger car)",V1:(No) / V2:(No) / V3:(No),V1:(No) / V2:(No) / V3:(No),V1: W  / V2: W  / V3: W,Clear,MIDDLESEX,25000089,"V1:(No, not federally reportable) / V2:(No, not federally reportable) / V3:(No, not federally reportable)","No, not federally reportable",Roadway,At Address,No hit and run,,V1:(Collision with motor vehicle in traffic) / V2:(Collision with motor vehicle in traffic) / V3:(Collision with motor vehicle in traffic),Unknown,"No, school bus not involved",25,"Yes, device functioning", V1:(Collision with motor vehicle in traffic) V2:(Collision with motor vehicle in traffic) V3:(Collision with motor vehicle in traffic),No,,,,,,,,237509.4868,908930.7218,42.42999535,-71.04416816,919, EASTERN AV Rte W,,,,,,,,,,,16102,2020,0.558,740,0.155,177,Both sides,City or Town accepted road,,6,6,0,No Shoulder,28,Bituminous concrete road,0,No Shoulder,2,0,0,None,Large Urbanized Area,Rural minor arterial or urban principal arterial,Boston (MA-NH-RI),,Mainline roadway,Two-way traffic,No Access Control,,30,EASTERN AVENUE,MAIN STREET,LYNN STREET,MALDEN,Good,Level Terrain,,Pulled back from HPMS network estimation routine,,30,Surfaced shoulder exists – Portland Cement Concrete surface (PCC,8,,,Principal Arterial - Other
5493545,MALDEN,1/20/25,Non-fatal injury,Open,9:34 AM,2025,Suspected Serious Injury (A),3,Local police,,25-34,25-34,,,09:00AM to 09:59AM,"D1: (Unknown)  / D3: (Unknown),(Unknown) ",,Collision with motor vehicle in traffic,Yes,Daylight,Rear-end,4,,,, PW20254530521,Wet,Not at junction,MAPC,0,2,Traffic control signal,"Two-way, divided, unprotected median",V1: Slowing or stopped in traffic / V2: Slowing or stopped in traffic / V3: Slowing or stopped in traffic,"V1:(Light truck(van, mini-van, pickup, sport utility)) / V2:(Light truck(van, mini-van, pickup, sport utility)) / V3:(Passenger car)",V1:(No) / V2:(No) / V3:(No),V1:(No) / V2:(No) / V3:(No),V1: W  / V2: W  / V3: W,"Blowing sand, snow/Clear",MIDDLESEX,25000051,"V1:(No, not federally reportable) / V2:(No, not federally reportable) / V3:(No, not federally reportable)","No, not federally reportable",Roadway,At Address,No hit and run,,V1:(Collision with motor vehicle in traffic) / V2:(Collision with motor vehicle in traffic) / V3:(Collision with motor vehicle in traffic),"Road surface condition (wet, icy, snow, slush, etc.)","No, school bus not involved",25,"Yes, device functioning", V1:(Collision with motor vehicle in traffic) V2:(Collision with motor vehicle in traffic) V3:(Collision with motor vehicle in traffic),No,,,,,,,,234030.0434,908399.4731,42.4253724,-71.08648249,572, PLEASANT ST Rte W,,,,,,,,,,,13461,2020,0.558,619,0.155,148,Both sides,City or Town accepted road,,8,8,0,No Shoulder,24,Bituminous concrete road,0,No Shoulder,2,0,0,None,Large Urbanized Area,Rural minor arterial or urban principal arterial,Boston (MA-NH-RI),,Mainline roadway,Two-way traffic,No Access Control,,20,PLEASANT STREET,COMMERCIAL STREET,MEDFORD CITY LINE,MALDEN,Good,Level Terrain,,Pulled back from HPMS network estimation routine,,20,0,0,,,Principal Arterial - Other
5493547,MALDEN,1/25/25,Property damage only (none injured),Open,1:26 AM,2025,No Apparent Injury (O),3,Local police,,25-34,25-34,,,01:00AM to 01:59AM,"D2: (Unknown),(Unknown) ",,Collision with parked motor vehicle,Yes,Dark - lighted roadway,"Sideswipe, same direction",4,,,, PW20254530476,Dry,Not at junction,MAPC,0,0,No controls,"Two-way, not divided",V1: Parked / V2: Travelling straight ahead / V3: Parked,"V1:(Passenger car) / V2:(Light truck(van, mini-van, pickup, sport utility)) / V3:(Passenger car)",V1:(No) / V2:(No) / V3:(No),"V1:(No) / V2:(Yes, vehicle or trailer disabled) / V3:(No)",V1:    / V2: N  / V3:,Clear/Clear,MIDDLESEX,25000072,"V1:(No, not federally reportable) / V2:(No, not federally reportable) / V3:(No, not federally reportable)","No, not federally reportable",Shoulder - paved,At Address,No hit and run,,V1:(Collision with motor vehicle in traffic) / V2:(Collision with parked motor vehicle) / V3:(Collision with motor vehicle in traffic),None,"No, school bus not involved",25,Not reported, V1:(Collision with motor vehicle in traffic) V2:(Collision with parked motor vehicle) V3:(Collision with motor vehicle in traffic),No,,,,,,,,234131.7011,908198.2372,42.42355632,-71.0852591,65, PRESLEY ST Rte 6,,,,,,,,,,,1154,,,,,,Both sides,City or Town accepted road,,7,7,0,No Shoulder,24,Bituminous concrete road,0,No Shoulder,2,0,0,None,Large Urbanized Area,Local,Boston (MA-NH-RI),,Mainline roadway,Two-way traffic,No Access Control,,,PRESLEY STREET,WEST STREET,CHARLES STREET,MALDEN,Good,Level Terrain,,,,,0,0,,,Local
5493548,MALDEN,1/22/25,Property damage only (none injured),Open,6:57 AM,2025,No Apparent Injury (O),2,Local police,,35-44,55-64,,,06:00AM to 06:59AM,D1: (Unknown)  / D2: (No improper driving) ,D2: Not Distracted,Collision with motor vehicle in traffic,Yes,Daylight,Angle,4,,,, PW20254530523,Dry,Not at junction,MAPC,0,0,Traffic control signal,"Two-way, divided, unprotected median",V1: Entering traffic lane / V2: Travelling straight ahead,V1:(Passenger car) / V2:(Passenger car),V1:(No) / V2:(No),"V1:(Yes, vehicle or trailer disabled) / V2:(Yes, vehicle or trailer disabled)",V1: S  / V2: S,Clear,MIDDLESEX,25000061,"V1:(No, not federally reportable) / V2:(No, not federally reportable)","No, not federally reportable",Roadway,At Address,No hit and run,,V1:(Collision with motor vehicle in traffic) / V2:(Collision with motor vehicle in traffic),None,"No, school bus not involved",25,"Yes, device functioning", V1:(Collision with motor vehicle in traffic) V2:(Collision with motor vehicle in traffic),No,,,,,,,,237838.2998,908976.2442,42.43038927,-71.04016937,214, BROADWAY Rte N,,,,,,,,,,,24974,2020,0.33,974,0.105,275,Both sides,City or Town accepted road,,10,10,0,No Shoulder,44,Bituminous concrete road,0,No Shoulder,2,0,0,None,Large Urbanized Area,Rural minor arterial or urban principal arterial,Boston (MA-NH-RI),,Mainline roadway,Two-way traffic,No Access Control,,30,BROADWAY,EVERETT CITY LINE,MELROSE CITY LINE,MALDEN,Good,Level Terrain,,Grown from Prior Year HPMS Network,,30,0,0,,,Principal Arterial - Other
5493549,MALDEN,1/23/25,Non-fatal injury,Open,1:34 PM,2025,Suspected Minor Injury (B),2,Local police,,21-24,75-84,,,01:00PM to 01:59PM,"D1: (No improper driving)  / D2: (Disregarded traffic signs, signals, road markings) ",D1: Not Distracted,Collision with motor vehicle in traffic,Yes,Daylight,Angle,4,,,, PW20254530477,Dry,Four-way intersection,MAPC,0,2,Traffic control signal,"Two-way, divided, unprotected median",V1: Travelling straight ahead / V2: Travelling straight ahead,V1:(Passenger car) / V2:(Passenger car),V1:(No) / V2:(No),"V1:(Yes, vehicle or trailer disabled) / V2:(No)",V1: S  / V2: E,Cloudy,MIDDLESEX,25000066,"V1:(No, not federally reportable) / V2:(No, not federally reportable)","No, not federally reportable",Roadway,At Intersection,No hit and run,,V1:(Collision with motor vehicle in traffic) / V2:(Collision with motor vehicle in traffic),None,"No, school bus not involved",25,"Yes, device functioning", V1:(Collision with motor vehicle in traffic) V2:(Collision with motor vehicle in traffic),No,,,,,,,,234990.7655,908169.4374,42.42325897,-71.07482236,, CHARLES ST Rte E  / COMMERCIAL ST Rte S,,,,,,,,,,,14942,2020,0.477,732,0.068,89,Both sides,City or Town accepted road,,7,7,0,No Shoulder,49,Surface-treated road,0,No Shoulder,2,0,0,None,Large Urbanized Area,Urban minor arterial or rural major collector,Boston (MA-NH-RI),,Mainline roadway,Two-way traffic,No Access Control,,99,CHARLES STREET,MAIN STREET,FELLSWAY,MALDEN,Good,Level Terrain,,Grown from Prior Year HPMS Network,,99,0,0,,,Minor Arterial
5493552,MALDEN,1/23/25,Non-fatal injury,Open,7:00 PM,2025,Suspected Minor Injury (B),2,Local police,,25-34,65-74,,,07:00PM to 07:59PM,D1: (Unknown)  / D2: (Unknown) ,,Collision with motor vehicle in traffic,Yes,Dark - lighted roadway,Angle,4,,,, PW20254530478,Dry,Four-way intersection,MAPC,0,1,Traffic control signal,"Two-way, divided, unprotected median",V1: Turning left / V2: Travelling straight ahead,V1:(Passenger car) / V2:(Passenger car),V1:(No) / V2:(No),V1:(No) / V2:(No),V1: W  / V2: S,Cloudy,MIDDLESEX,25000068,"V1:(No, not federally reportable) / V2:(No, not federally reportable)","No, not federally reportable",Roadway,At Intersection,No hit and run,,V1:(Collision with motor vehicle in traffic) / V2:(Collision with motor vehicle in traffic),Unknown,"No, school bus not involved",25,"Yes, device functioning", V1:(Collision with motor vehicle in traffic) V2:(Collision with motor vehicle in traffic),No,,,,,,,,234578.0935,907544.1252,42.41764798,-71.07987414,, HIGHLAND AV Rte S  / MEDFORD ST Rte W,,,,,,,,,,,14259,2020,0.632,812,0.109,115,Both sides,City or Town accepted road,,9,9,0,No Shoulder,36,Bituminous concrete road,0,No Shoulder,2,0,0,None,Large Urbanized Area,Urban minor arterial or rural major collector,Boston (MA-NH-RI),,Mainline roadway,Two-way traffic,No Access Control,,25,HIGHLAND AVENUE,MEDFORD CITY LINE,MEDFORD CITY LINE,MALDEN,Good,Level Terrain,,Pulled back from HPMS network estimation routine,,25,0,0,,,Minor Arterial
5493557,MALDEN,1/12/25,Property damage only (none injured),Open,10:38 PM,2025,No Apparent Injury (O),1,Local police,,25-34,25-34,,,10:00PM to 10:59PM,D1: (Unknown) ,,Collision with utility pole,Yes,Dark - lighted roadway,Single vehicle crash,4,,,, PW20254530480,Wet,Not at junction,MAPC,0,0,No controls,"Two-way, divided, unprotected median",V1: Travelling straight ahead,V1:(Passenger car),V1:(No),V1:(No),V1: W,Cloudy,MIDDLESEX,25000026,"V1:(No, not federally reportable)","No, not federally reportable",Outside roadway,At Address,No hit and run,,V1:(Collision with utility pole),Unknown,"No, school bus not involved",25,Not reported, V1:(Collision with utility pole),No,,,,,,,,235000.9875,909392.4743,42.43426893,-71.07462404,64, GLENWOOD ST Rte W,,,,,,,,,,,2717,2020,0.21,132,0,16,Both sides,City or Town accepted road,,7,4,0,No Shoulder,30,Bituminous concrete road,0,No Shoulder,2,0,0,None,Large Urbanized Area,Urban collector or rural minor collector,Boston (MA-NH-RI),,Mainline roadway,Two-way traffic,No Access Control,,99,GLENWOOD STREET,HIGHLAND AVENUE,WASHINGTON STREET,MALDEN,Good,Level Terrain,,Grown from Prior Year HPMS Network,,99,0,0,,,Major Collector
5493559,MALDEN,1/27/25,Property damage only (none injured),Open,10:55 AM,2025,No Apparent Injury (O),1,Local police,,55-64,55-64,,,10:00AM to 10:59AM,D1: (No improper driving) ,D1: Not Distracted,Other,Yes,Daylight,Single vehicle crash,4,,,, PW20254530528,Ice,Not at junction,MAPC,0,0,No controls,"Two-way, not divided",V1: Turning right,V1:(Passenger car),V1:(No),V1:(No),V1: U,Clear,MIDDLESEX,25000079,"V1:(No, not federally reportable)","No, not federally reportable",Roadway,At Address,No hit and run,,"V1:(Collision with other fixed object (wall, building, tunnel, etc.))",Other,"No, school bus not involved",25,Not reported," V1:(Collision with other fixed object(wall, building, tunnel, etc.))",No,,,,,,,,236154.2998,908892.7268,42.42971732,-71.06063907,190, SALEM ST Rte 6,,,,,,,,,,,13977,2020,0.477,684,0.068,84,Both sides,City or Town accepted road,,9,9,0,No Shoulder,40,Bituminous concrete road,0,No Shoulder,2,0,0,None,Large Urbanized Area,Urban minor arterial or rural major collector,Boston (MA-NH-RI),,Mainline roadway,Two-way traffic,No Access Control,,30,SALEM STREET,MAIN STREET ,,MALDEN,Good,Level Terrain,,Grown from Prior Year HPMS Network,,30,0,0,,,Minor Arterial
5493563,MALDEN,1/29/25,Unknown,Open,8:37 AM,2025,Not reported,2,Local police,,,,,,08:00AM to 08:59AM,,,Collision with parked motor vehicle,Yes,Daylight,Rear-end,4,,,, PW20254530530,Wet,T-intersection,MAPC,0,0,No controls,"Two-way, not divided",V1: Parked / V2: Travelling straight ahead,V1:(Passenger car) / V2:(Passenger car),V1:(No) / V2:(No),V1:(No) / V2:(No),V1:    / V2: N,Clear,MIDDLESEX,25000087,"V1:(No, not federally reportable) / V2:(No, not federally reportable)","No, not federally reportable",Roadway,At Intersection,"Yes, hit and run",,V1:(Collision with motor vehicle in traffic) / V2:(Collision with parked motor vehicle),None,"No, school bus not involved",25,Not reported, V1:(Collision with motor vehicle in traffic) V2:(Collision with parked motor vehicle),No,,,,,,,,235878.3595,908704.5,42.42803555,-71.06400404,, HOLDEN ST Rte N  / SALEM ST Rte E,,,,,,,,,,,2798,2020,0.21,136,0,17,Both sides,City or Town accepted road,,7,7,0,No Shoulder,36,Bituminous concrete road,0,No Shoulder,2,0,0,None,Large Urbanized Area,Urban collector or rural minor collector,Boston (MA-NH-RI),,Mainline roadway,Two-way traffic,No Access Control,,99,HOLDEN STREET,SALEM STREET,CENTRE STREET,MALDEN,Good,Level Terrain,,Grown from Prior Year HPMS Network,,99,0,0,,,Major Collector
5493566,MALDEN,1/29/25,Non-fatal injury,Open,5:32 PM,2025,Suspected Minor Injury (B),2,Local police,,35-44,55-64,,,05:00PM to 05:59PM,D1: (Unknown)  / D2: (Unknown) ,,Collision with motor vehicle in traffic,Yes,Dark - lighted roadway,Angle,4,,,, PW20254530533,Wet,T-intersection,MAPC,0,1,No controls,"Two-way, divided, unprotected median",V1: Travelling straight ahead / V2: Travelling straight ahead,V1:(Passenger car) / V2:(Passenger car),V1:(No) / V2:(No),V1:(No) / V2:(No),V1: E  / V2: N,Cloudy,MIDDLESEX,25000092,"V1:(No, not federally reportable) / V2:(No, not federally reportable)","No, not federally reportable",Roadway,Off Intersection,No hit and run,,V1:(Collision with motor vehicle in traffic) / V2:(Collision with motor vehicle in traffic),Unknown,"No, school bus not involved",25,Not reported, V1:(Collision with motor vehicle in traffic) V2:(Collision with motor vehicle in traffic),No,,,,,,,,235016.8521,908615.3187,42.42727186,-71.07447836,, PLEASANT STREET, SUMMER STREET,50 feet W  of,,,,,,,,,14655,2020,0.477,718,0.068,88,Both sides,City or Town accepted road,,9,9,0,No Shoulder,36,Bituminous concrete road,0,No Shoulder,2,0,0,None,Large Urbanized Area,Urban minor arterial or rural major collector,Boston (MA-NH-RI),,Mainline roadway,Two-way traffic,No Access Control,,30,PLEASANT STREET,COMMERCIAL STREET,MEDFORD CITY LINE,MALDEN,Good,Level Terrain,,Grown from Prior Year HPMS Network,,30,0,0,,,Minor Arterial
5493586,MALDEN,1/15/25,Property damage only (none injured),Open,12:11 PM,2025,No Apparent Injury (O),2,Local police,,45-54,75-84,,,12:00PM to 12:59PM,D1: (No improper driving)  / D2: (Unknown) ,,Collision with motor vehicle in traffic,Yes,Daylight,Rear-end,4,,,, PW20254530434,Dry,Not at junction,MAPC,0,0,No controls,"Two-way, not divided",V1: Slowing or stopped in traffic / V2: Travelling straight ahead,V2:(Unknown vehicle configuration),V1:(No) / V2:(No),"V1:(No) / V2:(Yes, vehicle or trailer disabled)",V1: N  / V2: N,Clear,MIDDLESEX,25000031,"V1:(No, not federally reportable) / V2:(No, not federally reportable)","No, not federally reportable",Roadway,At Address,No hit and run,,V1:(Collision with motor vehicle in traffic) / V2:(Collision with motor vehicle in traffic),None,"No, school bus not involved",25,Not reported, V1:(Collision with motor vehicle in traffic) V2:(Collision with motor vehicle in traffic),No,,,,,,,,237657.1026,908305.5784,42.42436037,-71.04241506,33, BROADWAY Rte N,,,,,,,,,,,21508,2020,,,,,Both sides,City or Town accepted road,,8,8,0,No Shoulder,46,Bituminous concrete road,0,No Shoulder,4,0,0,None,Large Urbanized Area,Rural minor arterial or urban principal arterial,Boston (MA-NH-RI),,Mainline roadway,Two-way traffic,No Access Control,,35,BROADWAY,EVERETT CITY LINE,MELROSE CITY LINE,MALDEN,Good,Level Terrain,,Pulled back from HPMS network estimation routine,,35,0,0,,,Principal Arterial - Other
5493589,MALDEN,1/16/25,Non-fatal injury,Open,3:40 PM,2025,Suspected Minor Injury (B),2,Local police,,25-34,35-44,,,03:00PM to 03:59PM,D1: (Other improper action)  / D2: (No improper driving) ,"D1: Other activity (searching, eating, personal hygiene, etc.) / D2: Not Distracted",Collision with embankment,Yes,Daylight,Single vehicle crash,4,,,, PW20254530433 / PW20254530444 / PW20254530433 / PW20254530444,Dry,Not at junction,MAPC,0,1,Stop signs,"Two-way, not divided",V1: Other / V2: Travelling straight ahead,V1:(Passenger car) / V2:(Passenger car),V1:(No) / V2:(No),"V1:(Yes, vehicle or trailer disabled) / V2:(No)",V1: U  / V2: W,Clear,MIDDLESEX, 25000034 / 25000035,"V1:(No, not federally reportable) / V2:(No, not federally reportable)","No, not federally reportable",Roadside,At Address,"Yes, hit and run",,V1:(Collision with embankment) / V2:(Collision with motor vehicle in traffic),None,"No, school bus not involved",25,"Yes, device functioning", V1:(Collision with embankment) V2:(Collision with motor vehicle in traffic),No,,,,,,,,238840.3836,909830.0185,42.43802609,-71.02793435,103, KENNEDY DR Rte S,,,,,,,,,,,2831,2020,0.21,139,0,17,Both sides,City or Town accepted road,,10,10,0,No Shoulder,40,Bituminous concrete road,0,No Shoulder,2,0,0,None,Large Urbanized Area,Urban collector or rural minor collector,Boston (MA-NH-RI),,Mainline roadway,Two-way traffic,No Access Control,,99,KENNEDY DRIVE,SALEM STREET,KENNEDY DRIVE,MALDEN,Good,Rolling Terrain,,Grown from Prior Year HPMS Network,,99,0,0,,,Major Collector
5493590,MALDEN,1/20/25,Property damage only (none injured),Open,8:06 AM,2025,No Apparent Injury (O),2,Local police,,25-34,35-44,,,08:00AM to 08:59AM,"D1: (No improper driving),(No improper driving)  / D2: (No improper driving),(No improper driving) ",D1: Not Distracted / D2: Not Distracted,Collision with motor vehicle in traffic,Yes,Daylight,"Sideswipe, same direction",4,,,, PW20254530449,Snow,Not at junction,MAPC,0,0,No controls,"One-way, not divided",V1: Entering traffic lane / V2: Travelling straight ahead,V1:(Passenger car) / V2:(Passenger car),V1:(No) / V2:(No),V1:(No) / V2:(No),V1: S  / V2: S,Snow,MIDDLESEX,25000049,"V1:(No, not federally reportable) / V2:(No, not federally reportable)","No, not federally reportable",Roadway,At Address,No hit and run,,V1:(Collision with motor vehicle in traffic) / V2:(Collision with motor vehicle in traffic),None,"No, school bus not involved",20,Not reported, V1:(Collision with motor vehicle in traffic) V2:(Collision with motor vehicle in traffic),No,,,,,,,,236086.262,908041.9112,42.42206098,-71.06151903,47, WALNUT ST Rte S,,,,,,,,,,,1154,,,,,,Both sides,City or Town accepted road,,9,9,0,No Shoulder,30,Bituminous concrete road,0,No Shoulder,2,0,0,None,Large Urbanized Area,Local,Boston (MA-NH-RI),,Mainline roadway,One-way traffic,No Access Control,,,WALNUT STREET,FERRY STREET,BELMONT STREET,MALDEN,Good,Level Terrain,,,,,0,0,,,Local
5493591,MALDEN,1/14/25,Non-fatal injury,Open,2:31 PM,2025,Suspected Minor Injury (B),3,Local police,,16-17,25-34,,,02:00PM to 02:59PM,D2: (No improper driving)  / D3: (No improper driving) ,D3: Not Distracted,Collision with motor vehicle in traffic,Yes,Daylight,"Sideswipe, same direction",4,,,, PW20254530489,Dry,Not at junction,MAPC,0,1,No controls,"Two-way, not divided",V1: Parked / V2: Travelling straight ahead / V3: Travelling straight ahead,V1:(Passenger car) / V2:(Passenger car) / V3:(Passenger car),V1:(No) / V2:(No) / V3:(No),"V1:(Yes, vehicle or trailer disabled) / V2:(Yes, vehicle or trailer disabled) / V3:(Yes, vehicle or trailer disabled)",V1: U  / V2: W  / V3: W,Clear,MIDDLESEX,25000028,"V1:(No, not federally reportable) / V2:(No, not federally reportable) / V3:(No, not federally reportable)","No, not federally reportable",Roadway,At Intersection,No hit and run,,V1:(Collision with other movable object) / V2:(Collision with motor vehicle in traffic) / V3:(Collision with motor vehicle in traffic),None,"No, school bus not involved",25,"Yes, device functioning", V1:(Collision with other movable object) V2:(Collision with motor vehicle in traffic) V3:(Collision with motor vehicle in traffic),No,,,,,,,,236480.385,909455.5482,42.43476893,-71.05664088,, BAINBRIDGE ST Rte W  / BAINCROFT RD Rte,,,,,,,,,,,7187,2020,0.21,352,0,42,Both sides,City or Town accepted road,,7,7,0,No Shoulder,25,Bituminous concrete road,0,No Shoulder,2,0,0,None,Large Urbanized Area,Urban collector or rural minor collector,Boston (MA-NH-RI),,Mainline roadway,Two-way traffic,No Access Control,,99,BAINBRIDGE STREET,ROCKWELL STREET,MOUNT VERNON STREET,MALDEN,Good,Level Terrain,,Grown from Prior Year HPMS Network,,99,0,0,,,Major Collector
5501259,MALDEN,2/12/25,Property damage only (none injured),Open,4:19 PM,2025,No Apparent Injury (O),2,State police,A,35-44,35-44,,,04:00PM to 04:59PM,D1: (No improper driving)  / D2: (Over-correcting/over-steering) ,D1: Not Distracted,Collision with motor vehicle in traffic,Yes,Daylight,Front to Rear,4,,,, PW20254539092,Dry,On-ramp,MAPC,0,0,Stop signs,"Two-way, not divided",V1: Entering traffic lane / V2: Turning left,"V1:(Truck/trailer) / V2:(Light truck(van, mini-van, pickup, sport utility))",V1:(No) / V2:(No),"V1:(Yes, other reason not disabled) / V2:(Yes, vehicle or trailer disabled)",V1: S  / V2: S,Clear/Clear,MIDDLESEX, 2025-ATrp-1549,"V1:(No, not federally reportable) / V2:(No, not federally reportable)","No, not federally reportable",Roadway,Operator Designated,No hit and run,,V1:(Collision with motor vehicle in traffic) / V2:(Collision with motor vehicle in traffic),None,"No, school bus not involved",,Not reported, V1:(Collision with motor vehicle in traffic) V2:(Collision with motor vehicle in traffic),No,,,,,,,,239290.3857,909682.3691,42.43667433,-71.02247519,, RAMP-SALEM ST TO RT 1 SB, SALEM STREET Rte US1 S,50 feet N  of,,,,,,,,,7498,2020,0.632,426,0.109,60,,City or Town accepted road,,0,5,0,No Shoulder,20,Bituminous concrete road,0,No Shoulder,1,0,0,None,Large Urbanized Area,Urban collector or rural minor collector,Boston (MA-NH-RI),,Simple Ramp/ Channelized Turning Lane,One-way traffic,No Access Control,,99,RAMP-SALEM ST TO RT 1 SB,SALEM STREET,BENNETT HIGHWAY ,MALDEN,Good,Rolling Terrain,,Grown,,99,0,0,,,Major Collector
5501396,MALDEN,2/22/25,Property damage only (none injured),Open,6:54 PM,2025,No Apparent Injury (O),2,State police,A,25-34,35-44,,,06:00PM to 06:59PM,D1: (Failure to keep in proper lane or running off road)  / D2: (No improper driving) ,D2: Not Distracted,Collision with motor vehicle in traffic,Yes,Dark - lighted roadway,"Sideswipe, same direction",4,,,, PW20254539253,Dry,On-ramp,MAPC,0,0,No controls,"Two-way, divided, positive median barrier",V1: Entering traffic lane / V2: Entering traffic lane,V1:(Passenger car) / V2:(Passenger car),V1:(No) / V2:(No),V1:(No) / V2:(No),V1: N  / V2: N,Clear,SUFFOLK, 2025-ATrp-1932/1,"V1:(No, not federally reportable) / V2:(No, not federally reportable)","No, not federally reportable",Roadway,Operator Designated,No hit and run,,V1:(Collision with motor vehicle in traffic) / V2:(Collision with motor vehicle in traffic),None,"No, school bus not involved",50,Not reported, V1:(Collision with motor vehicle in traffic) V2:(Collision with motor vehicle in traffic),No,,,,,,,,239225.9422,909750.1371,42.43728765,-71.0232538,, BENNETT HIGHWAY Rte US1 N  / RAMP-SALEM ST TO RT 1 NB,,,,,,,,,,,71015,2020,0.203,1835,0.066,706,Right side only,Massachusetts Department of Transportation,,0,5,2,Hardened bituminous mix or penetration,24,Bituminous concrete road,4,Hardened bituminous mix or penetration,2,2,4,Positive Barrier – rigid,Large Urbanized Area,Rural or urban principal arterial,Boston (MA-NH-RI),,Mainline roadway,Two-way traffic,Full Access Control,,50,CUTLER HIGHWAY,,NORTHEAST EXPRESSWAY,MALDEN,Fair,Level Terrain,,Pulled back from HPMS network estimation routine,,0,0,0,,,Principal Arterial - Other Freeways or Expressways