Crash Number,City Town Name,Crash Date,Crash Severity,Crash Status,Crash Time,Crash Year,Max Injury Severity Reported,Number of Vehicles,Police Agency Type,State Police Troop,Age of Driver - Youngest Known,Age of Driver - Oldest Known,Age of Vulnerable User - Youngest Known,Age of Vulnerable User - Oldest Known,Crash Hour,Driver Contributing Circumstances (All Drivers),Driver Distracted By (All Vehicles),First Harmful Event,Is Geocoded,Light Conditions,Manner of Collision,MassDOT District,Vulnerable User Action (All Persons),Vulnerable User Location (All Persons),Vulnerable User Type (All Persons),RMV Document Numbers,Road Surface Condition,Roadway Junction Type,RPA Abbreviation,Total Fatalities,Total Non-Fatal Injuries,Traffic Control Device Type,Trafficway Description,Vehicle Actions Prior to Crash (All Vehicles),Vehicle Configuration (All Vehicles),Vehicle Emergency Use (All Vehicles),Vehicle Towed From Scene (All Vehicles),Vehicle Travel Directions (All Vehicles),Weather Conditions,County Name,Crash Report IDs,FMCSA Reportable (All Vehicles),FMCSA Reportable (Crash),First Harmful Event Location,Geocoding Method,Hit and Run,Locality,Most Harmful Event (All Vehicles),Road Contributing Circumstance,School Bus Related,Speed Limit,Traffic Control Device Function,Vehicle Sequence of Events (All Vehicles),Work Zone Related,Vulnerable User Sequence of Events (All Persons),Vulnerable User Distracted By (All Persons),Vulnerable User Traffic Control Type (All persons),Vulnerable User Origin Destination (All Persons),Vulnerable User Contributing Circumstances (All Persons),Vulnerable User Alcohol Suspected Type (All Persons),Vulnerable User Drug Suspected Type (All Persons),X,Y,Latitude,Longitude,Street Number,Roadway,Near Intersection Roadway,Distance and Direction From Intersection,Milemarker,Milemarker Route,Distance and Direction From Milemarker,Exit Number,Exit Route,Distance and Direction From Exit,Landmark,Distance and Direction From Landmark,AADT-linked RD,AADT Year-linked RD,Peak % Single Unit Trucks-linked RD,Single-Unit Truck and Bus AADT-linked RD,Peak % Combo Trucks-linked RD,Combination Truck AADT-linked RD,Curb-linked RD-linked RD,Jurisdiction-linked RD,Truck Route-linked RD,Left Sidewalk Width-linked RD,Right Sidewalk Width-linked RD,Left Shoulder Width-linked RD,Left Shoulder Type-linked RD,Surface Width-linked RD,Surface Type-linked RD,Right Shoulder Width-linked RD,Right Shoulder Type-linked RD,Number of Travel Lanes-linked RD,Number of Opposing Travel Lanes-linked RD,Median Width-linked RD,Median Type-linked RD,Urban Type-linked RD,Functional Classification-linked RD,Urbanized Area-linked RD,Federal Aid Route Number-linked RD,Facility Type-linked RD,Street Operation-linked RD,Access Control-linked RD,Number of Peak Hour Lanes-linked RD,Speed Limit-linked RD,Street Name-linked RD,From Street Name-linked RD,To Street Name-linked RD,City-linked RD-linked RD,Structural Condition-linked RD,Terrain-linked RD,Urban Location Type-linked RD,AADT Derivation-linked RD,AADT Station Number-linked RD,Opposing Direction Speed Limit-linked RD,Undivided Left Shoulder Type-linked RD,Undivided Left Shoulder Width-linked RD,Truck Exclusion Type-linked RD,Truck Exclusion Time-linked RD,Federal Functional Classification-linked RD
5504414,MALDEN,2/1/25,Unknown,Open,3:34 AM,2025,Not reported,1,Local police,,,,,,03:00AM to 03:59AM,,,Collision with median barrier,Yes,Dark - lighted roadway,Single vehicle crash,4,,,, PW20254542864,Wet,T-intersection,MAPC,0,0,Stop signs,"Two-way, divided, positive median barrier",V1: Travelling straight ahead,V1:(Passenger car),V1:(No),"V1:(Yes, vehicle or trailer disabled)",V1: E,Rain,MIDDLESEX,25000098,"V1:(No, not federally reportable)","No, not federally reportable",Unknown,At Intersection,No hit and run,,V1:(Collision with median barrier),Unknown,"No, school bus not involved",25,"No, device not functioning", V1:(Collision with median barrier),No,,,,,,,,238974.6564,909108.9373,42.43152786,-71.0263511,, EASTERN AV Rte E  / LYNN ST Rte,,,,,,,,,,,17158,2020,0.558,790,0.155,189,Both sides,City or Town accepted road,,6,6,0,No Shoulder,28,Bituminous concrete road,0,No Shoulder,2,0,0,None,Large Urbanized Area,Rural minor arterial or urban principal arterial,Boston (MA-NH-RI),,Mainline roadway,Two-way traffic,No Access Control,,35,EASTERN AVENUE,MAIN STREET,LYNN STREET,MALDEN,Good,Level Terrain,,Pulled back from HPMS network estimation routine,,35,0,0,,,Principal Arterial - Other
5504415,MALDEN,2/1/25,Property damage only (none injured),Open,1:08 PM,2025,No Apparent Injury (O),2,Local police,,45-54,45-54,,,01:00PM to 01:59PM,D2: (Over-correcting/over-steering) ,D2: Not Distracted,Collision with parked motor vehicle,Yes,Daylight,Rear-end,4,,,, PW20254542871,Snow,T-intersection,MAPC,0,0,No controls,"Two-way, not divided",V1: Parked / V2: Turning left,"V1:(Passenger car) / V2:(Unknown heavy truck, cannot classify)",V1:(No) / V2:(No),V1:(No) / V2:(No),V1: Not Reported / V2: N,Clear,MIDDLESEX,25000104,"V1:(No, not federally reportable) / V2:(No, not federally reportable)","No, not federally reportable",Shoulder - paved,At Intersection,No hit and run,,V1:(Collision with motor vehicle in traffic) / V2:(Collision with parked motor vehicle),None,"No, school bus not involved",25,"No, device not functioning", V1:(Collision with motor vehicle in traffic) V2:(Collision with parked motor vehicle),No,,,,,,,,238546.4842,910000.0002,42.43957093,-71.03149499,, CENTRAL AV Rte E  / GREENWOOD ST Rte N,,,,,,,,,,,2836,2020,0.21,139,0,17,Both sides,City or Town accepted road,,6,6,0,No Shoulder,36,Bituminous concrete road,0,No Shoulder,2,0,0,None,Large Urbanized Area,Urban collector or rural minor collector,Boston (MA-NH-RI),,Mainline roadway,Two-way traffic,No Access Control,,99,CENTRAL AVENUE,SALEM STREET,BROADWAY,MALDEN,Good,Rolling Terrain,,Grown from Prior Year HPMS Network,,99,0,0,,,Major Collector
5504416,MALDEN,2/1/25,Property damage only (none injured),Open,11:13 AM,2025,No Apparent Injury (O),1,Local police,,45-54,45-54,,,11:00AM to 11:59AM,"D1: (Swerving or avoiding due to wind, slippery surface, vehicle, object, vulnerable user in roadway),(No improper driving) ",D1: Not Distracted,Collision with utility pole,Yes,Daylight,Single vehicle crash,4,,,, PW20254542867,Ice,T-intersection,MAPC,0,0,Stop signs,"Two-way, not divided",V1: Travelling straight ahead,V1:(Passenger car),V1:(No),"V1:(Yes, vehicle or trailer disabled)",V1: E,Snow/Cloudy,MIDDLESEX,25000099,"V1:(No, not federally reportable)","No, not federally reportable",Roadway,At Intersection,No hit and run,,V1:(Collision with utility pole),"Road surface condition (wet, icy, snow, slush, etc.)","No, school bus not involved",20,"Yes, device functioning", V1:(Collision with utility pole),No,,,,,,,,235592.7342,907779.8751,42.41972468,-71.06753188,, WIGGLESWORTH ST Rte E  / JAMES ST Rte N,,,,,,,,,,,1154,,,,,,Both sides,City or Town accepted road,,9,9,0,No Shoulder,30,Bituminous concrete road,0,No Shoulder,2,0,0,None,Large Urbanized Area,Local,Boston (MA-NH-RI),,Mainline roadway,Two-way traffic,No Access Control,,0,WIGGLESWORTH STREET,MADISON STREET,MAIN STREET,MALDEN,Fair,Level Terrain,,,,,0,0,,,Local
5504418,MALDEN,2/2/25,Property damage only (none injured),Open,10:43 PM,2025,No Apparent Injury (O),1,Local police,,18-20,18-20,,,10:00PM to 10:59PM,D1: (No improper driving) ,,Collision with unknown fixed object,Yes,Dark - lighted roadway,Single vehicle crash,4,,,, PW20254542869,Snow,Four-way intersection,MAPC,0,0,No controls,"Two-way, not divided",V1: Turning left,V1:(Passenger car),V1:(No),V1:(No),V1: E,Snow/Cloudy,MIDDLESEX,25000108,"V1:(No, not federally reportable)","No, not federally reportable",Roadside,At Intersection,No hit and run,,"V1:(Collision with other fixed object (wall, building, tunnel, etc.))","Road surface condition (wet, icy, snow, slush, etc.)","No, school bus not involved",25,Not reported," V1:(Collision with other fixed object(wall, building, tunnel, etc.))",No,,,,,,,,238567.7032,910205.3752,42.44141877,-71.03122337,, BROADWAY / TRUEMAN DR,,,,,,,,,,,24544,2020,0.33,957,0.105,271,Both sides,City or Town accepted road,,10,10,0,No Shoulder,26,Bituminous concrete road,8,Hardened bituminous mix or penetration,2,0,0,None,Large Urbanized Area,Rural minor arterial or urban principal arterial,Boston (MA-NH-RI),,Mainline roadway,Two-way traffic,No Access Control,,35,BROADWAY,EVERETT CITY LINE,MELROSE CITY LINE,MALDEN,Good,Level Terrain,,Grown from Prior Year HPMS Network,,35,Surfaced shoulder exists – Portland Cement Concrete surface (PCC,8,,,Principal Arterial - Other
5504421,MALDEN,2/1/25,Property damage only (none injured),Open,11:10 AM,2025,No Apparent Injury (O),1,Local police,,25-34,25-34,,,11:00AM to 11:59AM,D1: (No improper driving) ,,Collision with unknown fixed object,Yes,Daylight,Single vehicle crash,4,,,, PW20254542874,Ice,T-intersection,MAPC,0,0,Stop signs,"Two-way, divided, unprotected median",V1: Travelling straight ahead,V1:(Passenger car),V1:(No),V1:(No),V1: N,Snow,MIDDLESEX,25000103,"V1:(No, not federally reportable)","No, not federally reportable",Outside roadway,At Address,No hit and run,,V1:(Collision with fence),"Road surface condition (wet, icy, snow, slush, etc.)","No, school bus not involved",25,"Yes, device functioning", V1:(Collision with fence),No,,,,,,,,236349.9115,909435.6817,42.43459618,-71.05822779,257, BAINBRIDGE ST Rte W,,,,,,,,,,,7187,2020,0.21,352,0,42,Both sides,City or Town accepted road,,7,7,0,No Shoulder,25,Bituminous concrete road,0,No Shoulder,2,0,0,None,Large Urbanized Area,Urban collector or rural minor collector,Boston (MA-NH-RI),,Mainline roadway,Two-way traffic,No Access Control,,99,BAINBRIDGE STREET,ROCKWELL STREET,MOUNT VERNON STREET,MALDEN,Good,Rolling Terrain,,Grown from Prior Year HPMS Network,,99,0,0,,,Major Collector
5504422,MALDEN,2/1/25,Property damage only (none injured),Open,11:42 AM,2025,No Apparent Injury (O),5,Local police,,18-20,35-44,,,11:00AM to 11:59AM,D1: (No improper driving)  / D2: (No improper driving)  / D3: (No improper driving)  / D4: (No improper driving)  / D5: (No improper driving) ,D1: Not Distracted / D2: Not Distracted / D3: Not Distracted / D4: Not Distracted / D5: Not Distracted,Collision with motor vehicle in traffic,Yes,Daylight,Rear-end,4,,,, PW20254542873,Ice,Not at junction,MAPC,0,0,No controls,"Two-way, not divided",V1: Slowing or stopped in traffic / V2: Slowing or stopped in traffic / V3: Slowing or stopped in traffic / V4: Slowing or stopped in traffic / V5: Travelling straight ahead,"V1:(Passenger car) / V2:(Passenger car) / V3:(Passenger car) / V4:(Light truck(van, mini-van, pickup, sport utility)) / V5:(Passenger car)",V1:(No) / V2:(No) / V3:(No) / V4:(No) / V5:(No),"V1:(Yes, vehicle or trailer disabled) / V2:(Yes, vehicle or trailer disabled) / V3:(No) / V4:(No) / V5:(No)",V1: E  / V2: E  / V3: E  / V4: E  / V5: E,Snow,MIDDLESEX,25000101,"V1:(No, not federally reportable) / V2:(No, not federally reportable) / V3:(No, not federally reportable) / V4:(No, not federally reportable) / V5:(No, not federally reportable)","No, not federally reportable",Roadway,At Address,No hit and run,,V1:(Collision with motor vehicle in traffic) / V2:(Collision with motor vehicle in traffic) / V3:(Collision with motor vehicle in traffic) / V4:(Collision with motor vehicle in traffic) / V5:(Collision with motor vehicle in traffic),"Road surface condition (wet, icy, snow, slush, etc.)","No, school bus not involved",25,"No, device not functioning"," V1:(Collision with motor vehicle in traffic) V2:(Ran off road right),(Collision with motor vehicle in traffic) V3:(Collision with motor vehicle in traffic) V4:(Collision with motor vehicle in traffic) V5:(Collision with motor vehicle in traffic)",No,,,,,,,,238945.954,909838.7484,42.43809941,-71.02665069,60, KENNEDY DR Rte E,,,,,,,,,,,2831,2020,0.21,139,0,17,Both sides,City or Town accepted road,,10,10,0,No Shoulder,40,Bituminous concrete road,0,No Shoulder,2,0,0,None,Large Urbanized Area,Urban collector or rural minor collector,Boston (MA-NH-RI),,Mainline roadway,Two-way traffic,No Access Control,,99,KENNEDY DRIVE,SALEM STREET,KENNEDY DRIVE,MALDEN,Good,Rolling Terrain,,Grown from Prior Year HPMS Network,,99,0,0,,,Major Collector
5504423,MALDEN,2/4/25,Non-fatal injury,Open,6:27 PM,2025,Possible Injury (C),2,Local police,,25-34,45-54,,,06:00PM to 06:59PM,D1: (Unknown)  / D2: (Unknown) ,,Collision with motor vehicle in traffic,Yes,Dark - lighted roadway,Angle,4,,,, PW20254542896,Dry,Four-way intersection,MAPC,0,1,Traffic control signal,"Two-way, not divided",V1: Turning left / V2: Travelling straight ahead,V1:(Passenger car) / V2:(Passenger car),V1:(No) / V2:(No),"V1:(Yes, vehicle or trailer disabled) / V2:(Yes, vehicle or trailer disabled)",V1: N  / V2: S,Clear,MIDDLESEX,25000114,"V1:(No, not federally reportable) / V2:(No, not federally reportable)","No, not federally reportable",Roadway,At Intersection,No hit and run,,V1:(Collision with motor vehicle in traffic) / V2:(Collision with motor vehicle in traffic),None,"No, school bus not involved",25,"Yes, device functioning", V1:(Collision with motor vehicle in traffic) V2:(Collision with motor vehicle in traffic),No,,,,,,,,237401.5781,908920.8753,42.42991189,-71.04548013,, EASTERN AV Rte W  / MAPLEWOOD Rte S,,,,,,,,,,,16037,2020,0.558,738,0.155,176,Both sides,City or Town accepted road,,6,6,0,No Shoulder,28,Bituminous concrete road,8,Hardened bituminous mix or penetration,2,0,0,None,Large Urbanized Area,Rural minor arterial or urban principal arterial,Boston (MA-NH-RI),,Mainline roadway,Two-way traffic,No Access Control,,30,EASTERN AVENUE,MAIN STREET,LYNN STREET,MALDEN,Good,Level Terrain,,Pulled back from HPMS network estimation routine,,30,Surfaced shoulder exists – Portland Cement Concrete surface (PCC,8,,,Principal Arterial - Other
5504424,MALDEN,2/1/25,Non-fatal injury,Open,4:03 PM,2025,Possible Injury (C),2,Local police,,25-34,65-74,,,04:00PM to 04:59PM,"D1: (No improper driving),(No improper driving)  / D2: (Unknown) ",D1: Not Distracted,Collision with motor vehicle in traffic,Yes,Daylight,Angle,4,,,, PW20254542877,Dry,Four-way intersection,MAPC,0,1,Traffic control signal,"Two-way, not divided",V1: Travelling straight ahead / V2: Turning left,V1:(Passenger car) / V2:(Passenger car),V1:(No) / V2:(No),V1:(No) / V2:(No),V1: W  / V2: N,Clear/Clear,MIDDLESEX,25000106,"V1:(No, not federally reportable) / V2:(No, not federally reportable)","No, not federally reportable",Roadway,At Intersection,No hit and run,,V1:(Collision with motor vehicle in traffic) / V2:(Collision with motor vehicle in traffic),None,"No, school bus not involved",30,"Yes, device functioning", V1:(Collision with motor vehicle in traffic) V2:(Collision with motor vehicle in traffic),No,,,,,,,,234924.2501,907544.1252,42.41763255,-71.07566839,, COMMERCIAL ST Rte N  / MEDFORD ST Rte W,,,,,,,,,,,13022,2020,0.477,638,0.068,78,Both sides,City or Town accepted road,,7,7,0,No Shoulder,46,Bituminous concrete road,0,No Shoulder,4,0,0,None,Large Urbanized Area,Urban minor arterial or rural major collector,Boston (MA-NH-RI),,Mainline roadway,Two-way traffic,No Access Control,,30,COMMERCIAL STREET,PLEASANT STREET,MEDFORD CITY LINE,MALDEN,Good,Level Terrain,,Grown from Prior Year HPMS Network,,30,0,0,,,Minor Arterial
5504425,MALDEN,2/17/25,Property damage only (none injured),Open,5:17 PM,2025,No Apparent Injury (O),2,Local police,,21-24,21-24,,,05:00PM to 05:59PM,D2: (No improper driving) ,D2: Not Distracted,Collision with motor vehicle in traffic,Yes,Daylight,Rear-end,4,,,, PW20254542895,Dry,T-intersection,MAPC,0,0,Stop signs,"Two-way, not divided",V1: Travelling straight ahead / V2: Slowing or stopped in traffic,V1:(Passenger car) / V2:(Passenger car),V1:(No) / V2:(No),V1:(No) / V2:(No),V1: S  / V2: S,Clear,MIDDLESEX,25000155,"V1:(No, not federally reportable) / V2:(No, not federally reportable)","No, not federally reportable",Roadway,At Intersection,"Yes, hit and run",,V1:(Collision with motor vehicle in traffic) / V2:(Collision with motor vehicle in traffic),None,"No, school bus not involved",30,"Yes, device functioning", V1:(Collision with motor vehicle in traffic) V2:(Collision with motor vehicle in traffic),No,,,,,,,,238567.7032,910205.3752,42.44141877,-71.03122337,, BAYRD ST Rte S  / BROADWAY Rte 6,,,,,,,,,,,1154,,,,,,None,City or Town accepted road,,0,0,0,No Shoulder,25,Bituminous concrete road,2,Stable - Unruttable compacted subgrade,2,0,0,None,Large Urbanized Area,Local,Boston (MA-NH-RI),,Mainline roadway,Two-way traffic,No Access Control,,,BAYRD STREET,BROADWAY,BLUE HILL AVENUE,MALDEN,Good,Rolling Terrain,,,,,0,0,,,Local
5504426,MALDEN,2/20/25,Property damage only (none injured),Open,10:39 AM,2025,No Apparent Injury (O),2,Local police,,21-24,21-24,,,10:00AM to 10:59AM,D1: (Inattention)  / D2: (No improper driving) ,D2: Not Distracted,Collision with parked motor vehicle,Yes,Daylight,Angle,4,,,, PW20254542894,Dry,Not at junction,MAPC,0,0,No controls,"Two-way, not divided",V1: Travelling straight ahead / V2: Parked,V1:(Passenger car) / V2:(Passenger car),V1:(No) / V2:(No),V1:(No) / V2:(No),V1: E  / V2: Not Reported,Clear,MIDDLESEX,25000162,"V1:(No, not federally reportable) / V2:(No, not federally reportable)","No, not federally reportable",Outside roadway,At Address,"Yes, hit and run",,V1:(Collision with parked motor vehicle) / V2:(Collision with motor vehicle in traffic),None,"No, school bus not involved",25,"Yes, device functioning", V1:(Collision with parked motor vehicle) V2:(Collision with motor vehicle in traffic),No,,,,,,,,237677.3948,908380.4009,42.42503298,-71.0421636,50, BROADWAY Rte 6,,,,,,,,,,,21508,2020,,,,,Both sides,City or Town accepted road,,6,6,0,No Shoulder,46,Bituminous concrete road,0,No Shoulder,4,0,0,None,Large Urbanized Area,Rural minor arterial or urban principal arterial,Boston (MA-NH-RI),,Mainline roadway,Two-way traffic,No Access Control,,35,BROADWAY,EVERETT CITY LINE,MELROSE CITY LINE,MALDEN,Good,Level Terrain,,Pulled back from HPMS network estimation routine,,35,0,0,,,Principal Arterial - Other
5504427,MALDEN,2/1/25,Property damage only (none injured),Open,11:03 AM,2025,No Apparent Injury (O),1,Local police,,25-34,25-34,,,11:00AM to 11:59AM,"D1: (Swerving or avoiding due to wind, slippery surface, vehicle, object, vulnerable user in roadway) ",,Collision with curb,Yes,Daylight,Single vehicle crash,4,,,, PW20254542875,Snow,Not at junction,MAPC,0,0,No controls,"Two-way, divided, unprotected median",V1: Turning left,"V1:(Light truck(van, mini-van, pickup, sport utility))",V1:(No),V1:(No),V1: W,Snow/Cloudy,MIDDLESEX,25000102,"V1:(No, not federally reportable)","No, not federally reportable",Roadside,At Address,No hit and run,,"V1:(Collision with other fixed object (wall, building, tunnel, etc.))","Road surface condition (wet, icy, snow, slush, etc.)","No, school bus not involved",25,Not reported," V1:(Collision with curb),(Collision with tree),(Collision with fence),(Collision with other fixed object(wall, building, tunnel, etc.))",No,,,,,,,,235814.0504,908667.0922,42.42770174,-71.06478783,77, SALEM ST Rte W,,,,,,,,,,,14238,2020,0.477,697,0.068,86,Both sides,City or Town accepted road,,10,10,0,No Shoulder,45,Bituminous concrete road,0,No Shoulder,2,0,0,None,Large Urbanized Area,Urban minor arterial or rural major collector,Boston (MA-NH-RI),,Mainline roadway,Two-way traffic,No Access Control,,30,SALEM STREET,MAIN STREET ,,MALDEN,Good,Level Terrain,,Grown from Prior Year HPMS Network,,30,0,0,,,Minor Arterial
5504428,MALDEN,2/8/25,Property damage only (none injured),Open,4:36 AM,2025,No Apparent Injury (O),2,Local police,,45-54,45-54,,,04:00AM to 04:59AM,D2: (No improper driving) ,D2: Not Distracted,Collision with parked motor vehicle,Yes,Dark - lighted roadway,"Sideswipe, same direction",4,,,, PW20254542898,Dry,T-intersection,MAPC,0,0,No controls,"Two-way, divided, unprotected median",V1: Parked / V2: Travelling straight ahead,"V1:(Passenger car) / V2:(Light truck(van, mini-van, pickup, sport utility))",V1:(No) / V2:(No),"V1:(No) / V2:(Yes, vehicle or trailer disabled)",V1: W  / V2: W,Clear,MIDDLESEX,25000125,"V1:(No, not federally reportable) / V2:(No, not federally reportable)","No, not federally reportable",Roadway,At Address,No hit and run,,V1:(Collision with motor vehicle in traffic) / V2:(Collision with parked motor vehicle),None,"No, school bus not involved",25,"Yes, device functioning", V1:(Collision with motor vehicle in traffic) V2:(Collision with parked motor vehicle),Yes,,,,,,,,236763.1869,909071.2352,42.43129587,-71.05322841,430, SALEM ST Rte W,,,,,,,,,,,13620,2020,0.477,666,0.068,81,Both sides,City or Town accepted road,,9,9,0,No Shoulder,40,Bituminous concrete road,0,No Shoulder,2,0,0,None,Large Urbanized Area,Urban minor arterial or rural major collector,Boston (MA-NH-RI),,Mainline roadway,Two-way traffic,No Access Control,,30,SALEM STREET,MAIN STREET ,,MALDEN,Good,Level Terrain,,Grown from Prior Year HPMS Network,,30,0,0,,,Minor Arterial
5504430,MALDEN,2/9/25,Property damage only (none injured),Open,3:43 PM,2025,No Apparent Injury (O),2,Local police,,55-64,55-64,,,03:00PM to 03:59PM,D1: (No improper driving) ,D1: Not Distracted,Collision with motor vehicle in traffic,Yes,Daylight,Rear-end,4,,,, PW20254542897,Slush,T-intersection,MAPC,0,0,Stop signs,"One-way, not divided",V1: Slowing or stopped in traffic / V2: Travelling straight ahead,V1:(Passenger car) / V2:(Passenger car),V1:(No) / V2:(No),V1:(No) / V2:(No),V1: E  / V2: E,Clear,MIDDLESEX,25000130,"V1:(No, not federally reportable) / V2:(No, not federally reportable)","No, not federally reportable",Roadway,At Intersection,"Yes, hit and run",,V1:(Collision with motor vehicle in traffic) / V2:(Collision with motor vehicle in traffic),None,"No, school bus not involved",25,"Yes, device functioning", V1:(Collision with motor vehicle in traffic) V2:(Collision with motor vehicle in traffic),No,,,,,,,,238954.9562,909232.075,42.43263739,-71.0265822,, OLIVER ST Rte    / BEACH ST Rte,,,,,,,,,,,2826,2020,0.21,137,0,17,Both sides,City or Town accepted road,,10,9,0,No Shoulder,31,Bituminous concrete road,0,No Shoulder,2,0,0,None,Large Urbanized Area,Urban collector or rural minor collector,Boston (MA-NH-RI),,Mainline roadway,One-way traffic,No Access Control,,99,OLIVER STREET,WESCOTT STREET,LYNN STREET,MALDEN,Fair,Level Terrain,,Grown from Prior Year HPMS Network,,99,0,0,,,Major Collector
5504431,MALDEN,2/3/25,Property damage only (none injured),Open,9:45 AM,2025,No Apparent Injury (O),1,Local police,,55-64,55-64,,,09:00AM to 09:59AM,D1: (No improper driving) ,D1: Not Distracted,Collision with ditch,Yes,Daylight,Single vehicle crash,4,,,, PW20254542880,Wet,Not at junction,MAPC,0,0,No controls,"Two-way, not divided",V1: Slowing or stopped in traffic,"V1:(Light truck(van, mini-van, pickup, sport utility))",V1:(No),V1:(No),V1: N,Clear,MIDDLESEX,25000110,"V1:(No, not federally reportable)","No, not federally reportable",Roadside,At Address,No hit and run,,V1:(Collision with ditch),"Rut, holes, bumps","No, school bus not involved",25,Not reported, V1:(Collision with ditch),No,,,,,,,,239026.617,909191.5966,42.4322694,-71.02571407,155, BEACH ST Rte N,,,,,,,,,,,9931,2020,0.477,487,0.068,60,Both sides,City or Town accepted road,,9,9,0,No Shoulder,40,Bituminous concrete road,0,No Shoulder,2,0,0,None,Large Urbanized Area,Urban minor arterial or rural major collector,Boston (MA-NH-RI),,Mainline roadway,Two-way traffic,No Access Control,,30,BEACH STREET,REVERE CITY LINE,SALEM STREET,MALDEN,Good,Level Terrain,,Grown from Prior Year HPMS Network,,30,0,0,,,Minor Arterial
5504432,MALDEN,2/13/25,Property damage only (none injured),Open,3:20 PM,2025,Not reported,1,Local police,,,,,,03:00PM to 03:59PM,,,Collision with parked motor vehicle,Yes,Daylight,Angle,4,,,, PW20254542899,Wet,Not at junction,MAPC,0,0,No controls,Unknown,V1: Parked,V1:(Passenger car),V1:(No),V1:(No),V1: Not Reported,Cloudy/Rain,MIDDLESEX,25000137,"V1:(No, not federally reportable)","No, not federally reportable",Outside roadway,At Address,"Yes, hit and run",,V1:(Collision with motor vehicle in traffic),None,"No, school bus not involved",25,Not reported, V1:(Collision with motor vehicle in traffic),No,,,,,,,,235707.1228,908523.839,42.42641701,-71.06609605,15, FERRY ST Rte 6,,,,,,,,,,,14367,2020,0.477,704,0.068,87,Both sides,City or Town accepted road,,9,9,0,No Shoulder,42,Bituminous concrete road,0,No Shoulder,2,0,0,None,Large Urbanized Area,Urban minor arterial or rural major collector,Boston (MA-NH-RI),,Mainline roadway,Two-way traffic,No Access Control,,30,FERRY STREET,EVERETT CITY LINE,MAIN STREET,MALDEN,Good,Level Terrain,,Grown from Prior Year HPMS Network,,30,0,0,,,Minor Arterial
5504433,MALDEN,2/1/25,Unknown,Open,10:54 AM,2025,Unknown,1,Local police,,25-34,25-34,,,10:00AM to 10:59AM,"D1: (Swerving or avoiding due to wind, slippery surface, vehicle, object, vulnerable user in roadway) ",D1: Not Distracted,Collision with other light pole or other post/support,Yes,Daylight,Single vehicle crash,4,,,, PW20254542878,Ice,Y-intersection,MAPC,0,0,Stop signs,"Two-way, not divided",V1: Slowing or stopped in traffic,V1:(Passenger car),V1:(No),V1:(No),V1: N,"Snow/Blowing sand, snow",MIDDLESEX,25000105,"V1:(No, not federally reportable)","No, not federally reportable",Outside roadway,At Intersection,No hit and run,,V1:(Collision with light pole or other post/support),"Road surface condition (wet, icy, snow, slush, etc.)","No, school bus not involved",25,"No, device not functioning", V1:(Collision with light  pole or other post/support),No,,,,,,,,236018.8524,909578.9033,42.4359009,-71.06224226,, FOREST ST Rte    / MT VERNON ST Rte N,,,,,,,,,,,7290,2020,0.21,358,0,43,Both sides,City or Town accepted road,,5,5,0,No Shoulder,25,Bituminous concrete road,0,No Shoulder,2,0,0,None,Large Urbanized Area,Urban collector or rural minor collector,Boston (MA-NH-RI),,Mainline roadway,Two-way traffic,No Access Control,,0,FOREST STREET,MELROSE CITY LINE,MAIN STREET,MALDEN,Good,Level Terrain,,Grown from Prior Year HPMS Network,,99,0,0,,,Major Collector
5504434,MALDEN,2/8/25,Non-fatal injury,Open,4:37 PM,2025,Suspected Minor Injury (B),2,Local police,,18-20,35-44,,,04:00PM to 04:59PM,D1: (No improper driving)  / D2: (Inattention) ,D1: Not Distracted,Collision with motor vehicle in traffic,Yes,Dusk,"Sideswipe, same direction",4,,,, PW20254542900,Dry,Not at junction,MAPC,0,2,No controls,"One-way, not divided",V1: Slowing or stopped in traffic / V2: Travelling straight ahead,V1:(Passenger car) / V2:(Passenger car),V1:(No) / V2:(No),V1:(No) / V2:(No),V1: W  / V2: W,Clear,MIDDLESEX,25000127,"V1:(No, not federally reportable) / V2:(No, not federally reportable)","No, not federally reportable",Roadway,At Address,No hit and run,,V1:(Collision with motor vehicle in traffic) / V2:(Collision with motor vehicle in traffic),None,"No, school bus not involved",25,Not reported, V1:(Collision with motor vehicle in traffic) V2:(Collision with motor vehicle in traffic),No,,,,,,,,234780.1991,908609.142,42.42722685,-71.07735447,7, ELM ST Rte W,,,,,,,,,,,2705,2020,0.21,131,0,16,Both sides,City or Town accepted road,Not a parkway - not on a designated truck route,7,7,0,No Shoulder,25,Bituminous concrete road,0,No Shoulder,2,0,0,None,Large Urbanized Area,Urban collector or rural minor collector,Boston (MA-NH-RI),,Mainline roadway,One-way traffic,No Access Control,,99,ELM STREET,PLEASANT STREET,PLEASANT STREET,MALDEN,Good,Level Terrain,,Grown from Prior Year HPMS Network,,99,0,0,All vehicles over 2.5 tons excluded,"24 Hours, 7 Days",Major Collector