Crash Number,City Town Name,Crash Date,Crash Severity,Crash Status,Crash Time,Crash Year,Max Injury Severity Reported,Number of Vehicles,Police Agency Type,State Police Troop,Age of Driver - Youngest Known,Age of Driver - Oldest Known,Age of Vulnerable User - Youngest Known,Age of Vulnerable User - Oldest Known,Crash Hour,Driver Contributing Circumstances (All Drivers),Driver Distracted By (All Vehicles),First Harmful Event,Is Geocoded,Light Conditions,Manner of Collision,MassDOT District,Vulnerable User Action (All Persons),Vulnerable User Location (All Persons),Vulnerable User Type (All Persons),RMV Document Numbers,Road Surface Condition,Roadway Junction Type,RPA Abbreviation,Total Fatalities,Total Non-Fatal Injuries,Traffic Control Device Type,Trafficway Description,Vehicle Actions Prior to Crash (All Vehicles),Vehicle Configuration (All Vehicles),Vehicle Emergency Use (All Vehicles),Vehicle Towed From Scene (All Vehicles),Vehicle Travel Directions (All Vehicles),Weather Conditions,County Name,Crash Report IDs,FMCSA Reportable (All Vehicles),FMCSA Reportable (Crash),First Harmful Event Location,Geocoding Method,Hit and Run,Locality,Most Harmful Event (All Vehicles),Road Contributing Circumstance,School Bus Related,Speed Limit,Traffic Control Device Function,Vehicle Sequence of Events (All Vehicles),Work Zone Related,Vulnerable User Sequence of Events (All Persons),Vulnerable User Distracted By (All Persons),Vulnerable User Traffic Control Type (All persons),Vulnerable User Origin Destination (All Persons),Vulnerable User Contributing Circumstances (All Persons),Vulnerable User Alcohol Suspected Type (All Persons),Vulnerable User Drug Suspected Type (All Persons),X,Y,Latitude,Longitude,Street Number,Roadway,Near Intersection Roadway,Distance and Direction From Intersection,Milemarker,Milemarker Route,Distance and Direction From Milemarker,Exit Number,Exit Route,Distance and Direction From Exit,Landmark,Distance and Direction From Landmark,AADT-linked RD,AADT Year-linked RD,Peak % Single Unit Trucks-linked RD,Single-Unit Truck and Bus AADT-linked RD,Peak % Combo Trucks-linked RD,Combination Truck AADT-linked RD,Curb-linked RD-linked RD,Jurisdiction-linked RD,Truck Route-linked RD,Left Sidewalk Width-linked RD,Right Sidewalk Width-linked RD,Left Shoulder Width-linked RD,Left Shoulder Type-linked RD,Surface Width-linked RD,Surface Type-linked RD,Right Shoulder Width-linked RD,Right Shoulder Type-linked RD,Number of Travel Lanes-linked RD,Number of Opposing Travel Lanes-linked RD,Median Width-linked RD,Median Type-linked RD,Urban Type-linked RD,Functional Classification-linked RD,Urbanized Area-linked RD,Federal Aid Route Number-linked RD,Facility Type-linked RD,Street Operation-linked RD,Access Control-linked RD,Number of Peak Hour Lanes-linked RD,Speed Limit-linked RD,Street Name-linked RD,From Street Name-linked RD,To Street Name-linked RD,City-linked RD-linked RD,Structural Condition-linked RD,Terrain-linked RD,Urban Location Type-linked RD,AADT Derivation-linked RD,AADT Station Number-linked RD,Opposing Direction Speed Limit-linked RD,Undivided Left Shoulder Type-linked RD,Undivided Left Shoulder Width-linked RD,Truck Exclusion Type-linked RD,Truck Exclusion Time-linked RD,Federal Functional Classification-linked RD
5504435,MALDEN,2/13/25,Unknown,Open,12:12 PM,2025,Unknown,1,Local police,,55-64,55-64,,,12:00PM to 12:59PM,D1: (Unknown) ,,Collision with other movable object,Yes,Daylight,Rear-end,4,,,, PW20254542901,Snow,Driveway,MAPC,0,0,No controls,"Two-way, not divided",V1: Backing,"V1:(Light truck(van, mini-van, pickup, sport utility))",V1:(No),V1:(No),V1: N,Rain/Cloudy,MIDDLESEX,25000138,"V1:(No, not federally reportable)","No, not federally reportable",Outside roadway,At Address,No hit and run,,V1:(Collision with other movable object),None,"No, school bus not involved",25,Not reported, V1:(Collision with other movable object),No,,,,,,,,236307.9177,908927.5292,42.43002349,-71.05877009,36, NORWOOD ST Rte N,,,,,,,,,,,1154,,,,,,Both sides,City or Town accepted road,,0,0,0,No Shoulder,18,Bituminous concrete road,0,No Shoulder,2,0,0,None,Large Urbanized Area,Local,Boston (MA-NH-RI),,Mainline roadway,Two-way traffic,No Access Control,,,NORWOOD STREET,SALEM STREET,DEAD END,MALDEN,Good,Level Terrain,,,,,0,0,,,Local
5504436,MALDEN,2/6/25,Unknown,Open,3:58 PM,2025,Not reported,1,Local police,,,,,,03:00PM to 03:59PM,,,Other,Yes,Daylight,Single vehicle crash,4,,,, PW20254542879,Slush,Not at junction,MAPC,0,0,No controls,Unknown,V1: Travelling straight ahead,V1:(Passenger car),V1:(No),V1:(No),V1: S,"Sleet, hail (freezing rain or drizzle)/Snow",MIDDLESEX,25000120,"V1:(No, not federally reportable)","No, not federally reportable",Roadway,At Address,No hit and run,,V1:(Other),"Road surface condition (wet, icy, snow, slush, etc.)","No, school bus not involved",25,Not reported, V1:(Other),No,,,,,,,,235562.2355,908388.8487,42.42520837,-71.06786496,185, CENTRE ST Rte S,,,,,,,,,,,14589,2020,0.558,671,0.155,161,Both sides,City or Town accepted road,,0,8,0,No Shoulder,22,Bituminous concrete road,0,No Shoulder,2,2,5,Raised Median,Large Urbanized Area,Rural minor arterial or urban principal arterial,Boston (MA-NH-RI),,Mainline roadway,Two-way traffic,No Access Control,,30,CENTRE STREET,PLEASANT STREET,EASTERN AVENUE,MALDEN,Good,Level Terrain,,Pulled back from HPMS network estimation routine,,0,0,0,,,Principal Arterial - Other
5504437,MALDEN,2/23/25,Property damage only (none injured),Open,11:41 AM,2025,No Apparent Injury (O),1,Local police,,35-44,35-44,,,11:00AM to 11:59AM,D1: (Operating defective equipment) ,,Collision with curb,Yes,Daylight,Single vehicle crash,4,,,, PW20254542903,Dry,T-intersection,MAPC,0,0,No controls,"Two-way, not divided",V1: Travelling straight ahead,V1:(Passenger car),V1:(No),"V1:(Yes, vehicle or trailer disabled)",V1: E,Clear,MIDDLESEX,25000170,"V1:(No, not federally reportable)","No, not federally reportable",Roadside,At Intersection,No hit and run,,V1:(Collision with light pole or other post/support),None,"No, school bus not involved",25,Not reported," V1:(Collision with curb),(Collision with fence)",No,,,,,,,,236829.0155,909000.9377,42.43065991,-71.05243292,, PLAYSTEAD RD Rte E  / DELL Rte N,,,,,,,,,,,1154,,,,,,Both sides,City or Town accepted road,,7,7,0,No Shoulder,30,Surface-treated road,0,No Shoulder,2,0,0,None,Large Urbanized Area,Local,Boston (MA-NH-RI),,Mainline roadway,Two-way traffic,No Access Control,,,PLAYSTEAD ROAD,CROSS STREET,DELL STREET,MALDEN,Fair,Level Terrain,,,,,0,0,,,Local
5504438,MALDEN,2/22/25,Non-fatal injury,Open,8:24 PM,2025,Suspected Minor Injury (B),2,Local police,,21-24,65-74,,,08:00PM to 08:59PM,D1: (No improper driving)  / D2: (Failure to keep in proper lane or running off road) ,D1: Not Distracted,Collision with motor vehicle in traffic,Yes,Dark - lighted roadway,Angle,4,,,, PW20254542902,Dry,Four-way intersection,MAPC,0,1,Traffic control signal,"Two-way, not divided",V1: Travelling straight ahead / V2: Turning right,V1:(Passenger car) / V2:(Passenger car),V1:(No) / V2:(No),"V1:(Yes, vehicle or trailer disabled) / V2:(Yes, vehicle or trailer disabled)",V1: E  / V2: W,Clear,MIDDLESEX,25000169,"V1:(No, not federally reportable) / V2:(No, not federally reportable)","No, not federally reportable",Roadway,At Intersection,No hit and run,,V1:(Collision with motor vehicle in traffic) / V2:(Collision with motor vehicle in traffic),None,"No, school bus not involved",25,"Yes, device functioning", V1:(Collision with motor vehicle in traffic) V2:(Collision with motor vehicle in traffic),No,,,,,,,,237401.5781,908920.8753,42.42991189,-71.04548013,, MAPLEWOOD Rte S  / EASTERN Rte E,,,,,,,,,,,16037,2020,0.558,738,0.155,176,Both sides,City or Town accepted road,,6,6,0,No Shoulder,28,Bituminous concrete road,8,Hardened bituminous mix or penetration,2,0,0,None,Large Urbanized Area,Rural minor arterial or urban principal arterial,Boston (MA-NH-RI),,Mainline roadway,Two-way traffic,No Access Control,,30,EASTERN AVENUE,MAIN STREET,LYNN STREET,MALDEN,Good,Level Terrain,,Pulled back from HPMS network estimation routine,,30,Surfaced shoulder exists – Portland Cement Concrete surface (PCC,8,,,Principal Arterial - Other
5504439,MALDEN,2/1/25,Property damage only (none injured),Open,9:52 PM,2025,No Apparent Injury (O),2,Local police,,25-34,25-34,,,09:00PM to 09:59PM,D1: (Unknown)  / D2: (Unknown) ,,Collision with motor vehicle in traffic,Yes,Dark - lighted roadway,Head-on,4,,,, PW20254542882,Ice,Four-way intersection,MAPC,0,0,Traffic control signal,"Two-way, not divided",V1: Travelling straight ahead / V2: Travelling straight ahead,V1:(Passenger car) / V2:(Passenger car),V1:(No) / V2:(No),"V1:(Yes, vehicle or trailer disabled) / V2:(Yes, vehicle or trailer disabled)",V1: E  / V2: S,"Sleet, hail (freezing rain or drizzle)",MIDDLESEX,25000107,"V1:(No, not federally reportable) / V2:(No, not federally reportable)","No, not federally reportable",Roadway,At Intersection,No hit and run,,V1:(Collision with motor vehicle in traffic) / V2:(Collision with motor vehicle in traffic),Unknown,"No, school bus not involved",25,"Yes, device functioning", V1:(Collision with motor vehicle in traffic) V2:(Collision with motor vehicle in traffic),No,,,,,,,,239057.7813,909173.0624,42.43210099,-71.02533659,, BEACH ST Rte E  / LYNN ST Rte S,,,,,,,,,,,17268,2020,0.558,794,0.155,190,Both sides,City or Town accepted road,,6,6,0,No Shoulder,28,Bituminous concrete road,0,No Shoulder,2,0,0,None,Large Urbanized Area,Rural minor arterial or urban principal arterial,Boston (MA-NH-RI),,Mainline roadway,Two-way traffic,No Access Control,,35,BEACH STREET,REVERE CITY LINE,SALEM STREET,MALDEN,Good,Level Terrain,,Pulled back from HPMS network estimation routine,,35,0,0,,,Principal Arterial - Other
5504440,MALDEN,2/25/25,Property damage only (none injured),Open,6:41 AM,2025,No Apparent Injury (O),2,Local police,,18-20,18-20,,,06:00AM to 06:59AM,D1: (No improper driving) ,D1: Not Distracted,Collision with parked motor vehicle,Yes,Daylight,"Sideswipe, same direction",4,,,, PW20254542904,Dry,T-intersection,MAPC,0,0,Stop signs,"Two-way, divided, unprotected median",V1: Turning right / V2: Parked,"V1:(Light truck(van, mini-van, pickup, sport utility)) / V2:(Light truck(van, mini-van, pickup, sport utility))",V1:(No) / V2:(No),V1:(No) / V2:(No),V1: W  / V2: W,Clear,MIDDLESEX,25000174,"V1:(No, not federally reportable) / V2:(No, not federally reportable)","No, not federally reportable",Roadway,At Intersection,No hit and run,,V1:(Collision with parked motor vehicle) / V2:(Collision with motor vehicle in traffic),None,"No, school bus not involved",25,"Yes, device functioning", V1:(Collision with parked motor vehicle) V2:(Collision with motor vehicle in traffic),No,,,,,,,,236392.6092,909257.25,42.43298785,-71.05772013,, PLYMOUTH RD Rte S  / KNOLLIN ST Rte E,,,,,,,,,,,1154,,,,,,Both sides,City or Town accepted road,,7,7,0,No Shoulder,24,Bituminous concrete road,0,No Shoulder,2,0,0,None,Large Urbanized Area,Local,Boston (MA-NH-RI),,Mainline roadway,Two-way traffic,No Access Control,,,PLYMOUTH ROAD,DEAD END,BAINBRIDGE STREET,MALDEN,Good,Rolling Terrain,,,,,0,0,,,Local
5504441,MALDEN,2/4/25,Property damage only (none injured),Open,7:24 PM,2025,No Apparent Injury (O),2,Local police,,21-24,35-44,,,07:00PM to 07:59PM,D1: (No improper driving)  / D2: (Other improper action) ,,Collision with motor vehicle in traffic,Yes,Dawn,Rear-to-rear,4,,,, PW20254542884,Dry,Driveway,MAPC,0,0,No controls,"Two-way, not divided",V1: Parked / V2: Backing,V1:(Passenger car) / V2:(Passenger car),V1:(No) / V2:(No),V1:(No) / V2:(No),V1:    / V2: U,Clear,MIDDLESEX,25000117,"V1:(No, not federally reportable) / V2:(No, not federally reportable)","No, not federally reportable",Outside roadway,At Address,"Yes, hit and run",,V1:(Collision with motor vehicle in traffic) / V2:(Collision with parked motor vehicle),None,"No, school bus not involved",25,"No, device not functioning", V1:(Collision with motor vehicle in traffic) V2:(Collision with parked motor vehicle),No,,,,,,,,235556.072,909113.4639,42.43173202,-71.06789525,691, MAIN ST Rte 6,,,,,,,,,,,10345,2020,0.164,213,0.01,28,Both sides,City or Town accepted road,,10,10,0,No Shoulder,26,Bituminous concrete road,0,No Shoulder,2,0,0,None,Large Urbanized Area,Rural minor arterial or urban principal arterial,Boston (MA-NH-RI),,Mainline roadway,Two-way traffic,No Access Control,,30,MAIN STREET,MELROSE CITY LINE,EVERETT CITY LINE,MALDEN,Good,Level Terrain,,Pulled back from HPMS network estimation routine,,30,0,0,,,Principal Arterial - Other
5504442,MALDEN,2/9/25,Property damage only (none injured),Open,9:44 AM,2025,No Apparent Injury (O),2,Local police,,35-44,45-54,,,09:00AM to 09:59AM,D1: (No improper driving)  / D2: (No improper driving) ,D1: Not Distracted / D2: Not Distracted,Collision with parked motor vehicle,Yes,Daylight,"Sideswipe, same direction",4,,,, PW20254542905,Wet,Not at junction,MAPC,0,0,No controls,"One-way, not divided",V1: Parked / V2: Travelling straight ahead,"V1:(Passenger car) / V2:(Unknown heavy truck, cannot classify)",V1:(No) / V2:(No),V1:(No) / V2:(No),V1: W  / V2: W,Snow,MIDDLESEX,25000129,"V1:(No, not federally reportable) / V2:(No, not federally reportable)","No, not federally reportable",Roadway,At Address,No hit and run,,V1:(Collision with parked motor vehicle) / V2:(Collision with parked motor vehicle),None,"No, school bus not involved",25,Not reported, V1:(Collision with parked motor vehicle) V2:(Collision with parked motor vehicle),No,,,,,,,,236094.1471,908159.4489,42.42311875,-71.06141588,10, CLAYTON ST Rte W,,,,,,,,,,,1154,,,,,,Both sides,City or Town accepted road,,7,7,0,No Shoulder,25,Bituminous concrete road,0,No Shoulder,2,0,0,None,Large Urbanized Area,Local,Boston (MA-NH-RI),,Mainline roadway,One-way traffic,No Access Control,,,CLAYTON STREET,WARREN AVENUE,FERRY STREET,MALDEN,Fair,Level Terrain,,,,,0,0,,,Local
5504443,MALDEN,2/3/25,Property damage only (none injured),Open,7:55 AM,2025,Not Applicable,2,Local police,,21-24,21-24,,,07:00AM to 07:59AM,D2: (No improper driving) ,D2: Not Distracted,Collision with motor vehicle in traffic,Yes,Daylight,"Sideswipe, same direction",4,,,, PW20254542885,Snow,Not at junction,MAPC,0,0,No controls,"Two-way, not divided",V1: Travelling straight ahead / V2: Parked,V2:(Passenger car),V1:(No) / V2:(No),V1:(No) / V2:(No),V1: W  / V2: W,Snow,MIDDLESEX,25000109,"V1:(No, not federally reportable) / V2:(No, not federally reportable)","No, not federally reportable",Roadway,At Address,"Yes, hit and run",,V1:(Collision with parked motor vehicle) / V2:(Collision with parked motor vehicle),"Road surface condition (wet, icy, snow, slush, etc.)","No, school bus not involved",25,Not reported, V1:(Collision with parked motor vehicle) V2:(Collision with parked motor vehicle),No,,,,,,,,238284.8546,909174.2187,42.43214974,-71.03472959,145, PLAINFIELD AV Rte W,,,,,,,,,,,2826,2020,0.21,137,0,17,Both sides,City or Town accepted road,,4,8,0,No Shoulder,30,Bituminous concrete road,0,No Shoulder,2,0,0,None,Large Urbanized Area,Urban collector or rural minor collector,Boston (MA-NH-RI),,Mainline roadway,Two-way traffic,No Access Control,,99,OLIVER STREET,WESCOTT STREET,LYNN STREET,MALDEN,Good,Level Terrain,,Grown from Prior Year HPMS Network,,99,0,0,,,Major Collector
5504444,MALDEN,2/15/25,Property damage only (none injured),Open,9:29 PM,2025,No Apparent Injury (O),2,Local police,,35-44,35-44,,,09:00PM to 09:59PM,D2: (No improper driving) ,D2: Not Distracted,Collision with motor vehicle in traffic,Yes,Dark - lighted roadway,"Sideswipe, opposite direction",4,,,, PW20254542906,Snow,Four-way intersection,MAPC,0,0,Traffic control signal,"Two-way, not divided",V1: Turning right / V2: Travelling straight ahead,"V1:(Light truck(van, mini-van, pickup, sport utility)) / V2:(Light truck(van, mini-van, pickup, sport utility))",V1:(No) / V2:(No),"V1:(No) / V2:(Yes, vehicle or trailer disabled)",V1: E  / V2: N,Snow,MIDDLESEX,25000143,"V1:(No, not federally reportable) / V2:(No, not federally reportable)","No, not federally reportable",Roadway,At Intersection,"Yes, hit and run",,V1:(Collision with motor vehicle in traffic) / V2:(Collision with motor vehicle in traffic),"Road surface condition (wet, icy, snow, slush, etc.)","No, school bus not involved",25,"Yes, device functioning", V1:(Collision with motor vehicle in traffic) V2:(Collision with motor vehicle in traffic),No,,,,,,,,236318.2571,908007.0904,42.42173674,-71.05870232,, CROSS ST Rte W  / FERRY ST Rte N,,,,,,,,,,,6501,2020,,,,,Both sides,City or Town accepted road,,7,7,0,No Shoulder,25,Bituminous concrete road,0,No Shoulder,2,0,0,None,Large Urbanized Area,Urban minor arterial or rural major collector,Boston (MA-NH-RI),,Mainline roadway,Two-way traffic,No Access Control,,25,CROSS STREET,MAIN STREET,BRYANT STREET,MALDEN,Good,Level Terrain,,Pulled back from HPMS network estimation routine,,25,0,0,,,Minor Arterial
5504445,MALDEN,2/17/25,Property damage only (none injured),Open,7:34 AM,2025,No Apparent Injury (O),1,Local police,,25-34,25-34,,,07:00AM to 07:59AM,"D1: (Swerving or avoiding due to wind, slippery surface, vehicle, object, vulnerable user in roadway) ",D1: Not Distracted,Collision with other light pole or other post/support,Yes,Daylight,Single vehicle crash,4,,,, PW20254542883,Ice,T-intersection,MAPC,0,0,Stop signs,"One-way, not divided",V1: Travelling straight ahead,V1:(Passenger car),V1:(No),V1:(No),V1: W,Clear,MIDDLESEX,25000152,"V1:(No, not federally reportable)","No, not federally reportable",Roadside,At Intersection,No hit and run,,V1:(Collision with light pole or other post/support),"Road surface condition (wet, icy, snow, slush, etc.)","No, school bus not involved",25,"Yes, device functioning", V1:(Collision with light  pole or other post/support),No,,,,,,,,235613.7815,908114.8751,42.42273956,-71.0672555,, GOULD AV Rte W  / MAIN ST Rte N,,,,,,,,,,,1154,,,,,,Both sides,City or Town accepted road,,6,6,0,No Shoulder,20,Surface-treated road,0,No Shoulder,2,0,0,None,Large Urbanized Area,Local,Boston (MA-NH-RI),,Mainline roadway,One-way traffic,No Access Control,,,GOULD AVENUE,HIGH STREET,MAIN STREET,MALDEN,Fair,Mountainous Terrain,,,,,0,0,,,Local
5504446,MALDEN,2/10/25,Property damage only (none injured),Open,6:22 PM,2025,No Apparent Injury (O),3,Local police,,35-44,45-54,,,06:00PM to 06:59PM,D1: (Unknown)  / D2: (Unknown)  / D3: (Unknown) ,,Collision with motor vehicle in traffic,Yes,Dark - lighted roadway,Rear-end,4,,,, PW20254542912,Dry,Not at junction,MAPC,0,0,No controls,"Two-way, divided, unprotected median",V1: Travelling straight ahead / V2: Travelling straight ahead / V3: Travelling straight ahead,V1:(Passenger car) / V2:(Passenger car) / V3:(Passenger car),V1:(No) / V2:(No) / V3:(No),V1:(No) / V2:(No) / V3:(No),V1: W  / V2: W  / V3: W,Cloudy,MIDDLESEX,25000131,"V1:(No, not federally reportable) / V2:(No, not federally reportable) / V3:(No, not federally reportable)","No, not federally reportable",Roadway,At Address,No hit and run,,V1:(Other) / V2:(Collision with motor vehicle in traffic) / V3:(Collision with motor vehicle in traffic),Unknown,"No, school bus not involved",25,Not reported, V1:(Other) V2:(Collision with motor vehicle in traffic) V3:(Collision with motor vehicle in traffic),No,,,,,,,,237538.9378,908933.3765,42.43001783,-71.04381009,926, EASTERN AV Rte W,,,,,,,,,,,16170,2020,0.558,744,0.155,178,Both sides,City or Town accepted road,,6,6,0,No Shoulder,28,Bituminous concrete road,0,No Shoulder,2,0,0,None,Large Urbanized Area,Rural minor arterial or urban principal arterial,Boston (MA-NH-RI),,Mainline roadway,Two-way traffic,No Access Control,,30,EASTERN AVENUE,MAIN STREET,LYNN STREET,MALDEN,Good,Level Terrain,,Pulled back from HPMS network estimation routine,,30,Surfaced shoulder exists – Portland Cement Concrete surface (PCC,8,,,Principal Arterial - Other
5504447,MALDEN,2/11/25,Non-fatal injury,Open,9:06 PM,2025,Possible Injury (C),2,Local police,,55-64,65-74,,,09:00PM to 09:59PM,"D1: (Failed to yield right of way),(Inattention)  / D2: (No improper driving) ",D2: Not Distracted,Collision with motor vehicle in traffic,Yes,Dark - roadway not lighted,Angle,4,,,, PW20254542908,Dry,T-intersection,MAPC,0,2,Stop signs,"Two-way, not divided",V1: Entering traffic lane / V2: Travelling straight ahead,V1:(Passenger car) / V2:(Passenger car),V1:(No) / V2:(No),"V1:(Yes, vehicle or trailer disabled) / V2:(Yes, vehicle or trailer disabled)",V1: N  / V2: E,Clear,MIDDLESEX,25000134,"V1:(No, not federally reportable) / V2:(No, not federally reportable)","No, not federally reportable",Roadway,Off Intersection,No hit and run,,V1:(Collision with motor vehicle in traffic) / V2:(Collision with motor vehicle in traffic),None,"No, school bus not involved",25,"Yes, device functioning", V1:(Collision with motor vehicle in traffic) V2:(Collision with motor vehicle in traffic),No,,,,,,,,238512.4618,908824.1252,42.42898681,-71.03198691,, LYNN ST  E, PRENTISS ST Rte,,,,,,,,,,7111,2020,0.232,349,0,42,Both sides,City or Town accepted road,,0,0,0,No Shoulder,36,Bituminous concrete road,0,No Shoulder,2,0,0,None,Large Urbanized Area,Urban minor arterial or rural major collector,Boston (MA-NH-RI),,Mainline roadway,Two-way traffic,No Access Control,,35,LYNN STREET,EVERETT CITY LINE,REVERE CITY LINE,MALDEN,Good,Level Terrain,,Grown from Prior Year HPMS Network,,40,0,0,,,Minor Arterial
5504448,MALDEN,2/3/25,Property damage only (none injured),Open,12:58 PM,2025,No Apparent Injury (O),2,Local police,,25-34,45-54,,,12:00PM to 12:59PM,D1: (No improper driving)  / D2: (No improper driving) ,D1: Not Distracted,Collision with motor vehicle in traffic,Yes,Daylight,Angle,4,,,, PW20254542886,Dry,Not at junction,MAPC,0,0,No controls,"Two-way, divided, unprotected median",V1: Travelling straight ahead / V2: Travelling straight ahead,V1:(Passenger car) / V2:(Passenger car),V1:(No) / V2:(No),"V1:(Yes, vehicle or trailer disabled) / V2:(No)",V1: N  / V2: E,Clear,MIDDLESEX,25000111,"V1:(No, not federally reportable) / V2:(No, not federally reportable)","No, not federally reportable",Roadway,At Address,No hit and run,,V1:(Collision with motor vehicle in traffic) / V2:(Collision with motor vehicle in traffic),Traffic congestion related,"No, school bus not involved",25,"No, device not functioning", V1:(Collision with motor vehicle in traffic) V2:(Collision with motor vehicle in traffic),No,,,,,,,,236111.1842,908862.4643,42.42944688,-71.06116491,169, SALEM ST Rte E, WOLCOTT ST Rte,,,,,,,,,,14013,2020,0.477,686,0.068,84,Both sides,City or Town accepted road,,9,9,0,No Shoulder,40,Bituminous concrete road,0,No Shoulder,2,0,0,None,Large Urbanized Area,Urban minor arterial or rural major collector,Boston (MA-NH-RI),,Mainline roadway,Two-way traffic,No Access Control,,30,SALEM STREET,MAIN STREET ,,MALDEN,Good,Level Terrain,,Grown from Prior Year HPMS Network,,30,0,0,,,Minor Arterial
5504449,MALDEN,2/16/25,Property damage only (none injured),Open,11:00 AM,2025,No Apparent Injury (O),2,Local police,,45-54,45-54,,,11:00AM to 11:59AM,D2: (No improper driving) ,D2: Not Distracted,Collision with parked motor vehicle,Yes,Daylight,Angle,4,,,, PW20254542907,Snow,T-intersection,MAPC,0,0,No controls,"Two-way, not divided",V1: Parked / V2: Backing,"V1:(Passenger car) / V2:(Light truck(van, mini-van, pickup, sport utility))",V1:(No) / V2:(No),V1:(No) / V2:(No),V1:    / V2: E,"Sleet, hail (freezing rain or drizzle)",MIDDLESEX,25000146,"V1:(No, not federally reportable) / V2:(No, not federally reportable)","No, not federally reportable",Roadway,At Intersection,No hit and run,,V1:(Collision with motor vehicle in traffic) / V2:(Collision with parked motor vehicle),"Road surface condition (wet, icy, snow, slush, etc.)","No, school bus not involved",25,Not reported, V1:(Collision with motor vehicle in traffic) V2:(Collision with parked motor vehicle),No,,,,,,,,235734.3283,908940.6251,42.43016789,-71.06573967,, BARRETT LN Rte E  / HUDSON ST Rte S,,,,,,,,,,,1154,,,,,,None,Unaccepted by city or town,,0,0,0,No Shoulder,0,0,0,No Shoulder,0,0,0,None,Large Urbanized Area,Local,Boston (MA-NH-RI),,Mainline roadway,Two-way traffic,No Access Control,,0,BARRETT LANE,HUDSON STREET,MAIN STREET ,MALDEN,0,Level Terrain,,,,,0,0,,,Local
5504450,MALDEN,2/6/25,Property damage only (none injured),Open,9:44 PM,2025,No Apparent Injury (O),1,Local police,,18-20,18-20,,,09:00PM to 09:59PM,D1: (Unknown) ,,Collision with utility pole,Yes,Dark - lighted roadway,Single vehicle crash,4,,,, PW20254542887,Ice,Not at junction,MAPC,0,0,No controls,"Two-way, not divided",V1: Turning left,V1:(Passenger car),V1:(No),"V1:(Yes, vehicle or trailer disabled)",V1: W,"Sleet, hail (freezing rain or drizzle)",MIDDLESEX,25000121,"V1:(No, not federally reportable)","No, not federally reportable",Roadside,At Address,No hit and run,,V1:(Collision with utility pole),"Road surface condition (wet, icy, snow, slush, etc.)","No, school bus not involved",25,"No, device not functioning", V1:(Collision with utility pole),No,,,,,,,,238724.2421,909765.8303,42.43745401,-71.02935021,112, CENTRAL Rte W,,,,,,,,,,,2836,2020,0.21,139,0,17,None,Unaccepted by city or town,,0,0,0,No Shoulder,26,Surface-treated road,3,Stable - Unruttable compacted subgrade,2,0,0,None,Large Urbanized Area,Urban collector or rural minor collector,Boston (MA-NH-RI),,Mainline roadway,Two-way traffic,No Access Control,,99,CENTRAL AVENUE,SALEM STREET,BROADWAY,MALDEN,Fair,Level Terrain,,Grown from Prior Year HPMS Network,,99,0,0,,,Major Collector
5504451,MALDEN,2/16/25,Property damage only (none injured),Open,10:06 PM,2025,No Apparent Injury (O),1,Local police,,18-20,18-20,,,10:00PM to 10:59PM,D1: (Unknown) ,,Collision with ditch,Yes,Dark - lighted roadway,Single vehicle crash,4,,,, PW20254542909,Ice,Not at junction,MAPC,0,0,No controls,"Two-way, divided, unprotected median",V1: Travelling straight ahead,V1:(Passenger car),V1:(No),V1:(No),V1: E,Snow,MIDDLESEX,25000149,"V1:(No, not federally reportable)","No, not federally reportable",Roadside,At Address,No hit and run,,V1:(Collision with ditch),None,"No, school bus not involved",25,Not reported, V1:(Collision with ditch),No,,,,,,,,238748.1331,909688.1571,42.43675358,-71.02906506,150, CENTRAL AV Rte E,,,,,,,,,,,2836,2020,0.21,139,0,17,None,Unaccepted by city or town,,0,0,0,No Shoulder,26,Surface-treated road,3,Stable - Unruttable compacted subgrade,2,0,0,None,Large Urbanized Area,Urban collector or rural minor collector,Boston (MA-NH-RI),,Mainline roadway,Two-way traffic,No Access Control,,99,CENTRAL AVENUE,SALEM STREET,BROADWAY,MALDEN,Fair,Level Terrain,,Grown from Prior Year HPMS Network,,99,0,0,,,Major Collector