Crash Number,City Town Name,Crash Date,Crash Severity,Crash Status,Crash Time,Crash Year,Max Injury Severity Reported,Number of Vehicles,Police Agency Type,State Police Troop,Age of Driver - Youngest Known,Age of Driver - Oldest Known,Age of Vulnerable User - Youngest Known,Age of Vulnerable User - Oldest Known,Crash Hour,Driver Contributing Circumstances (All Drivers),Driver Distracted By (All Vehicles),First Harmful Event,Is Geocoded,Light Conditions,Manner of Collision,MassDOT District,Vulnerable User Action (All Persons),Vulnerable User Location (All Persons),Vulnerable User Type (All Persons),RMV Document Numbers,Road Surface Condition,Roadway Junction Type,RPA Abbreviation,Total Fatalities,Total Non-Fatal Injuries,Traffic Control Device Type,Trafficway Description,Vehicle Actions Prior to Crash (All Vehicles),Vehicle Configuration (All Vehicles),Vehicle Emergency Use (All Vehicles),Vehicle Towed From Scene (All Vehicles),Vehicle Travel Directions (All Vehicles),Weather Conditions,County Name,Crash Report IDs,FMCSA Reportable (All Vehicles),FMCSA Reportable (Crash),First Harmful Event Location,Geocoding Method,Hit and Run,Locality,Most Harmful Event (All Vehicles),Road Contributing Circumstance,School Bus Related,Speed Limit,Traffic Control Device Function,Vehicle Sequence of Events (All Vehicles),Work Zone Related,Vulnerable User Sequence of Events (All Persons),Vulnerable User Distracted By (All Persons),Vulnerable User Traffic Control Type (All persons),Vulnerable User Origin Destination (All Persons),Vulnerable User Contributing Circumstances (All Persons),Vulnerable User Alcohol Suspected Type (All Persons),Vulnerable User Drug Suspected Type (All Persons),X,Y,Latitude,Longitude,Street Number,Roadway,Near Intersection Roadway,Distance and Direction From Intersection,Milemarker,Milemarker Route,Distance and Direction From Milemarker,Exit Number,Exit Route,Distance and Direction From Exit,Landmark,Distance and Direction From Landmark,AADT-linked RD,AADT Year-linked RD,Peak % Single Unit Trucks-linked RD,Single-Unit Truck and Bus AADT-linked RD,Peak % Combo Trucks-linked RD,Combination Truck AADT-linked RD,Curb-linked RD-linked RD,Jurisdiction-linked RD,Truck Route-linked RD,Left Sidewalk Width-linked RD,Right Sidewalk Width-linked RD,Left Shoulder Width-linked RD,Left Shoulder Type-linked RD,Surface Width-linked RD,Surface Type-linked RD,Right Shoulder Width-linked RD,Right Shoulder Type-linked RD,Number of Travel Lanes-linked RD,Number of Opposing Travel Lanes-linked RD,Median Width-linked RD,Median Type-linked RD,Urban Type-linked RD,Functional Classification-linked RD,Urbanized Area-linked RD,Federal Aid Route Number-linked RD,Facility Type-linked RD,Street Operation-linked RD,Access Control-linked RD,Number of Peak Hour Lanes-linked RD,Speed Limit-linked RD,Street Name-linked RD,From Street Name-linked RD,To Street Name-linked RD,City-linked RD-linked RD,Structural Condition-linked RD,Terrain-linked RD,Urban Location Type-linked RD,AADT Derivation-linked RD,AADT Station Number-linked RD,Opposing Direction Speed Limit-linked RD,Undivided Left Shoulder Type-linked RD,Undivided Left Shoulder Width-linked RD,Truck Exclusion Type-linked RD,Truck Exclusion Time-linked RD,Federal Functional Classification-linked RD
5504452,MALDEN,2/7/25,Property damage only (none injured),Open,11:32 PM,2025,No Apparent Injury (O),6,Local police,,35-44,35-44,,,11:00PM to 11:59PM,D3: (No improper driving) ,D3: Not Distracted,Collision with other light pole or other post/support,Yes,Dark - lighted roadway,"Sideswipe, same direction",4,,,, PW20254542911,Dry,Not at junction,MAPC,0,0,No controls,"Two-way, not divided",V1: Parked / V2: Parked / V3: Parked / V4: Travelling straight ahead / V5: Parked / V6: Parked,"V1:(Light truck(van, mini-van, pickup, sport utility)) / V2:(Light truck(van, mini-van, pickup, sport utility)) / V3:(Light truck(van, mini-van, pickup, sport utility)) / V4:(Light truck(van, mini-van, pickup, sport utility)) / V5:(Passenger car) / V6:(Light truck(van, mini-van, pickup, sport utility))",V1:(No) / V2:(No) / V3:(No) / V4:(No) / V5:(No) / V6:(No),V1:(No) / V2:(No) / V3:(No) / V4:(No) / V5:(No) / V6:(No),V1: S  / V2:    / V3: S  / V4: W  / V5:    / V6:,Clear,MIDDLESEX,25000124,"V1:(No, not federally reportable) / V2:(No, not federally reportable) / V3:(No, not federally reportable) / V4:(No, not federally reportable) / V5:(No, not federally reportable) / V6:(No, not federally reportable)","No, not federally reportable",Outside roadway,At Address,"Yes, hit and run",,V1:(Collision with other movable object) / V2:(Collision with motor vehicle in traffic) / V3:(Collision with motor vehicle in traffic) / V4:(Collision with utility pole) / V5:(Collision with motor vehicle in traffic) / V6:(Collision with motor vehicle in traffic),None,"No, school bus not involved",25,Not reported," V1:(Collision with other movable object) V2:(Collision with motor vehicle in traffic) V3:(Collision with motor vehicle in traffic) V4:(Ran off road right),(Collision with utility pole),(Collision with light  pole or other post/support),(Collision with parked motor vehicle) V5:(Collision with motor vehicle in traffic) V6:(Collision with motor vehicle in traffic)",No,,,,,,,,235189.6368,908917.9563,42.42998858,-71.07236029,41, MOUNTAIN AV Rte W,,,,,,,,,,,2766,2020,0.21,134,0,17,Both sides,City or Town accepted road,,9,9,0,No Shoulder,30,Bituminous concrete road,0,No Shoulder,2,0,0,None,Large Urbanized Area,Urban collector or rural minor collector,Boston (MA-NH-RI),,Mainline roadway,Two-way traffic,No Access Control,,99,MOUNTAIN AVENUE,EVERETT STREET ,MOUNT VERNON STREET,MALDEN,Good,Level Terrain,,Grown from Prior Year HPMS Network,,99,0,0,,,Major Collector
5504453,MALDEN,2/16/25,Property damage only (none injured),Open,9:29 PM,2025,No Apparent Injury (O),4,Local police,,25-34,35-44,,,09:00PM to 09:59PM,D1: (Unknown)  / D2: (Unknown)  / D3: (Unknown)  / D4: (Unknown) ,,Collision with tree,Yes,Dark - lighted roadway,Unknown,4,,,, PW20254542890,Ice,Not at junction,MAPC,0,0,No controls,"Two-way, not divided",V1: Travelling straight ahead / V2: Unknown / V3: Travelling straight ahead / V4: Travelling straight ahead,V1:(Passenger car) / V2:(Passenger car) / V3:(Passenger car) / V4:(Passenger car),V1:(No) / V2:(No) / V3:(No) / V4:(No),"V1:(No) / V2:(No) / V3:(Yes, vehicle or trailer disabled) / V4:(Yes, vehicle or trailer disabled)",V1: S  / V2: S  / V3: S  / V4: S,"Sleet, hail (freezing rain or drizzle)",MIDDLESEX,25000151,"V1:(No, not federally reportable) / V2:(No, not federally reportable) / V3:(No, not federally reportable) / V4:(No, not federally reportable)","No, not federally reportable",Roadside,At Address,No hit and run,,V1:(Collision with motor vehicle in traffic) / V2:(Collision with motor vehicle in traffic) / V3:(Collision with tree) / V4:(Collision with motor vehicle in traffic),"Road surface condition (wet, icy, snow, slush, etc.)","No, school bus not involved",25,Not reported," V1:(Collision with motor vehicle in traffic) V2:(Collision with motor vehicle in traffic) V3:(Collision with tree),(Collision with motor vehicle in traffic) V4:(Collision with motor vehicle in traffic)",No,,,,,,,,238973.2591,909847.7827,42.43817938,-71.02631822,49, KENNEDY DR Rte N,,,,,,,,,,,2831,2020,0.21,139,0,17,Both sides,City or Town accepted road,,10,10,0,No Shoulder,40,Bituminous concrete road,0,No Shoulder,2,0,0,None,Large Urbanized Area,Urban collector or rural minor collector,Boston (MA-NH-RI),,Mainline roadway,Two-way traffic,No Access Control,,99,KENNEDY DRIVE,SALEM STREET,KENNEDY DRIVE,MALDEN,Good,Rolling Terrain,,Grown from Prior Year HPMS Network,,99,0,0,,,Major Collector
5504454,MALDEN,2/27/25,Property damage only (none injured),Open,11:13 AM,2025,No Apparent Injury (O),1,Local police,,65-74,65-74,,,11:00AM to 11:59AM,D1: (No improper driving) ,D1: Not Distracted,Collision with tree,Yes,Daylight,Single vehicle crash,4,,,, PW20254542910,Dry,Not at junction,MAPC,0,0,No controls,"Two-way, divided, unprotected median",V1: Travelling straight ahead,"V1:(Unknown heavy truck, cannot classify)",V1:(No),V1:(No),V1: S,Clear,MIDDLESEX,25000178,"V1:(No, not federally reportable)","No, not federally reportable",Roadway,At Address,No hit and run,,V1:(Collision with tree),None,"No, school bus not involved",25,Not reported, V1:(Collision with tree),No,,,,,,,,235246.9224,909044.8194,42.43112808,-71.0716564,118, WASHINGTON ST Rte S,,,,,,,,,,,2679,2020,0.21,130,0,16,Both sides,City or Town accepted road,,7,7,0,No Shoulder,24,Bituminous concrete road,0,No Shoulder,2,0,0,None,Large Urbanized Area,Urban collector or rural minor collector,Boston (MA-NH-RI),,Mainline roadway,Two-way traffic,No Access Control,,99,WASHINGTON STREET,CLIFTON STREET,EXCHANGE STREET,MALDEN,Good,Level Terrain,,Grown from Prior Year HPMS Network,,99,0,0,,,Major Collector
5504455,MALDEN,2/12/25,Non-fatal injury,Open,6:35 PM,2025,Possible Injury (C),2,Local police,,25-34,25-34,,,06:00PM to 06:59PM,D1: (Unknown)  / D2: (Unknown) ,,Collision with motor vehicle in traffic,Yes,Dark - lighted roadway,Rear-end,4,,,, PW20254542914,Dry,Not at junction,MAPC,0,2,No controls,"Two-way, not divided",V1: Slowing or stopped in traffic / V2: Travelling straight ahead,V1:(Passenger car) / V2:(Passenger car),V1:(No) / V2:(No),V1:(No) / V2:(No),V1: W  / V2: W,Clear,MIDDLESEX,25000135,"V1:(No, not federally reportable) / V2:(No, not federally reportable)","No, not federally reportable",Roadway,At Address,No hit and run,,V1:(Collision with motor vehicle in traffic) / V2:(Collision with motor vehicle in traffic),None,"No, school bus not involved",25,Not reported, V1:(Collision with motor vehicle in traffic) V2:(Collision with motor vehicle in traffic),No,,,,,,,,236965.2266,908874.38,42.42951412,-71.05078573,673, EASTERN AV Rte W,,,,,,,,,,,15764,2020,0.558,725,0.155,173,Both sides,City or Town accepted road,,6,6,0,No Shoulder,28,Bituminous concrete road,8,Hardened bituminous mix or penetration,2,0,0,None,Large Urbanized Area,Rural minor arterial or urban principal arterial,Boston (MA-NH-RI),,Mainline roadway,Two-way traffic,No Access Control,,30,EASTERN AVENUE,MAIN STREET,LYNN STREET,MALDEN,Good,Level Terrain,,Pulled back from HPMS network estimation routine,,30,Surfaced shoulder exists – Portland Cement Concrete surface (PCC,8,,,Principal Arterial - Other
5504456,MALDEN,2/4/25,Property damage only (none injured),Open,9:17 AM,2025,No Apparent Injury (O),2,Local police,,25-34,55-64,,,09:00AM to 09:59AM,D1: (Unknown)  / D2: (Unknown) ,D2: Not Distracted,Collision with motor vehicle in traffic,Yes,Daylight,Angle,4,,,, PW20254542889,Dry,Four-way intersection,MAPC,0,0,Traffic control signal,"Two-way, not divided",V1: Turning right / V2: Travelling straight ahead,V1:(Passenger car) / V2:(Passenger car),V1:(No) / V2:(No),V1:(No) / V2:(No),V1: E  / V2: E,Clear,MIDDLESEX,25000112,"V1:(No, not federally reportable) / V2:(No, not federally reportable)","No, not federally reportable",Roadway,At Intersection,No hit and run,,V1:(Collision with motor vehicle in traffic) / V2:(Collision with motor vehicle in traffic),None,"No, school bus not involved",25,"Yes, device functioning", V1:(Collision with motor vehicle in traffic) V2:(Collision with motor vehicle in traffic),No,,,,,,,,235220.2501,909139.8751,42.43198503,-71.07197474,, CLIFTON ST Rte E  / WASHINGTON ST Rte N,,,,,,,,,,,2651,2020,0.21,129,0,16,Both sides,City or Town accepted road,,7,7,0,No Shoulder,25,Bituminous concrete road,0,No Shoulder,2,0,0,None,Large Urbanized Area,Urban collector or rural minor collector,Boston (MA-NH-RI),,Mainline roadway,Two-way traffic,No Access Control,,99,CLIFTON STREET,WASHINGTON STREET,MAIN STREET ,MALDEN,Good,Level Terrain,,Grown from Prior Year HPMS Network,,99,0,0,,,Major Collector
5504458,MALDEN,2/4/25,Property damage only (none injured),Open,9:13 AM,2025,No Apparent Injury (O),2,Local police,,35-44,55-64,,,09:00AM to 09:59AM,D1: (Unknown)  / D2: (No improper driving) ,,Collision with motor vehicle in traffic,Yes,Daylight,"Sideswipe, same direction",4,,,, PW20254542888,Dry,T-intersection,MAPC,0,0,No controls,"Two-way, not divided",V1: Turning right / V2: Travelling straight ahead,V1:(Passenger car) / V2:(Passenger car),V1:(No) / V2:(No),V1:(No) / V2:(No),V1: E  / V2: N,Clear,MIDDLESEX,25000113,"V1:(No, not federally reportable) / V2:(No, not federally reportable)","No, not federally reportable",Roadway,At Intersection,No hit and run,,V1:(Collision with motor vehicle in traffic) / V2:(Collision with motor vehicle in traffic),None,"No, school bus not involved",25,"Yes, device functioning", V1:(Collision with motor vehicle in traffic) V2:(Collision with motor vehicle in traffic),No,,,,,,,,235767.5525,907549.8365,42.41764574,-71.06542204,, ACORN ST Rte E  / MAIN ST Rte N,,,,,,,,,,,1154,,,,,,Both sides,City or Town accepted road,,7,7,0,No Shoulder,25,Bituminous concrete road,0,No Shoulder,2,0,0,None,Large Urbanized Area,Local,Boston (MA-NH-RI),,Mainline roadway,Two-way traffic,No Access Control,,,ACORN STREET,HANCOCK STREET,MAIN STREET,MALDEN,Good,Rolling Terrain,,,,,0,0,,,Local
5504459,MALDEN,2/11/25,Non-fatal injury,Open,5:26 PM,2025,Possible Injury (C),2,Local police,,25-34,55-64,,,05:00PM to 05:59PM,D1: (Unknown)  / D2: (Failed to yield right of way) ,,Collision with motor vehicle in traffic,Yes,Dark - lighted roadway,"Sideswipe, same direction",4,,,, PW20254542916,Dry,T-intersection,MAPC,0,1,No controls,"Two-way, divided, unprotected median",V1: Travelling straight ahead / V2: Entering traffic lane,V1:(Passenger car) / V2:(Passenger car),V1:(No) / V2:(No),"V1:(No) / V2:(Yes, vehicle or trailer disabled)",V1: E  / V2: E,Cloudy,MIDDLESEX,25000132,"V1:(No, not federally reportable) / V2:(No, not federally reportable)","No, not federally reportable",Roadway,At Intersection,No hit and run,,V1:(Collision with motor vehicle in traffic) / V2:(Collision with motor vehicle in traffic),None,"No, school bus not involved",25,Not reported, V1:(Collision with motor vehicle in traffic) V2:(Collision with motor vehicle in traffic),No,,,,,,,,235851.0484,907694.8877,42.41894774,-71.06439857,, CROSS ST Rte E  / NARROW CT Rte,,,,,,,,,,,2818,2020,0.21,137,0,17,Both sides,City or Town accepted road,,9,9,0,No Shoulder,42,Bituminous concrete road,0,No Shoulder,2,0,0,None,Large Urbanized Area,Urban collector or rural minor collector,Boston (MA-NH-RI),,Mainline roadway,Two-way traffic,No Access Control,,99,CROSS STREET,MAIN STREET,BRYANT STREET,MALDEN,Good,Rolling Terrain,,Grown from Prior Year HPMS Network,,99,0,0,,,Major Collector
5504460,MALDEN,2/18/25,Unknown,Open,1:23 PM,2025,Not reported,1,Local police,,,,,,01:00PM to 01:59PM,,,Collision with parked motor vehicle,Yes,Daylight,Rear-end,4,,,, PW20254542918,Ice,Not at junction,MAPC,0,0,Traffic control signal,"Two-way, not divided",V1: Parked,V1:(Passenger car),V1:(No),V1:(No),V1:,Clear/Clear,MIDDLESEX,25000156,"V1:(No, not federally reportable)","No, not federally reportable",Roadside,At Address,"Yes, hit and run",,V1:(Collision with motor vehicle in traffic),None,"No, school bus not involved",25,"Yes, device functioning", V1:(Collision with motor vehicle in traffic),No,,,,,,,,235170.2628,909564.7372,42.43581211,-71.07255634,21, GROVE ST Rte W, WYOM Rte,,,,,,,,,,1154,,,,,,Both sides,City or Town accepted road,,9,10,0,No Shoulder,30,Bituminous concrete road,0,No Shoulder,2,0,0,None,Large Urbanized Area,Local,Boston (MA-NH-RI),,Mainline roadway,One-way traffic,No Access Control,,,GROVE STREET,WASHINGTON STREET,WYOMING AVENUE,MALDEN,Good,Level Terrain,,,,,0,0,,,Local
5504461,MALDEN,2/16/25,Unknown,Open,9:36 PM,2025,Not reported,2,Local police,,,,,,09:00PM to 09:59PM,,,Unknown,Yes,Unknown,Unknown,4,,,, PW20254542917,Unknown,Unknown,MAPC,0,0,Unknown,Unknown,V1: Unknown / V2: Parked,V1:(Passenger car) / V2:(Passenger car),V1:(No) / V2:(No),V1:(No) / V2:(No),V1: U  / V2: U,Unknown/Unknown,MIDDLESEX,25000150,"V1:(No, not federally reportable) / V2:(No, not federally reportable)","No, not federally reportable",Unknown,At Address,"Yes, hit and run",,V1:(Unknown) / V2:(Collision with motor vehicle in traffic),Unknown,"No, school bus not involved",25,Not reported, V2:(Collision with motor vehicle in traffic),No,,,,,,,,238410.3549,909710.2748,42.4369694,-71.03316878,244, KENNEDY DR Rte 6,,,,,,,,,,,,,,,,,,,,,,,,,,,,,,,,,,,,,,,,,KENNEDY DRIVE,SALEM STREET,KENNEDY DRIVE,MALDEN,,,,,,,,,,,
5504462,MALDEN,2/7/25,Non-fatal injury,Open,8:57 AM,2025,Suspected Minor Injury (B),2,Local police,,35-44,65-74,,,08:00AM to 08:59AM,D1: (Unknown)  / D2: (No improper driving) ,D1: Not Distracted / D2: Not Distracted,Collision with motor vehicle in traffic,Yes,Daylight,Angle,4,,,, PW20254542891,Ice,Not at junction,MAPC,0,1,No controls,"Two-way, not divided",V1: Travelling straight ahead / V2: Travelling straight ahead,"V1:(Passenger car) / V2:(Light truck(van, mini-van, pickup, sport utility))",V1:(No) / V2:(No),"V1:(Yes, vehicle or trailer disabled) / V2:(No)",V1: N  / V2: S,Cloudy,MIDDLESEX,25000122,"V1:(No, not federally reportable) / V2:(No, not federally reportable)","No, not federally reportable",Roadway,At Address,No hit and run,,V1:(Collision with motor vehicle in traffic) / V2:(Collision with motor vehicle in traffic),"Road surface condition (wet, icy, snow, slush, etc.)","No, school bus not involved",25,Not reported, V1:(Collision with motor vehicle in traffic) V2:(Collision with motor vehicle in traffic),No,,,,,,,,236624.5609,909957.7424,42.43928317,-71.05485684,25, KIMBALL, SYLVAN,,,,,,,,FORESTDALE SCHOOL,500 feet    of,1154,,,,,,Both sides,City or Town accepted road,,7,7,0,No Shoulder,25,Surface-treated road,0,No Shoulder,2,0,0,None,Large Urbanized Area,Local,Boston (MA-NH-RI),,Mainline roadway,Two-way traffic,No Access Control,,,KIMBALL STREET,SYLVAN STREET,DEAD END,MALDEN,Good,Mountainous Terrain,,,,,0,0,,,Local
5504463,MALDEN,2/5/25,Unknown,Open,7:06 PM,2025,Not reported,1,Local police,,,,,,07:00PM to 07:59PM,,,Unknown,Yes,Unknown,Unknown,4,,,, PW20254542893,Unknown,Not at junction,MAPC,0,0,Unknown,"Two-way, not divided",V1: Parked,V1:(Passenger car),V1:(No),V1:(No),V1: U,Unknown/Unknown,MIDDLESEX,25000118,"V1:(No, not federally reportable)","No, not federally reportable",Unknown,At Address,"Yes, hit and run",,V1:(Unknown),Unknown,"No, school bus not involved",25,"No, device not functioning",,No,,,,,,,,237412.2568,909671.7572,42.43667119,-71.04530171,39, WEBBER ST Rte 6,,,,,,,,,,,1154,,,,,,Both sides,City or Town accepted road,,6,6,0,No Shoulder,22,Surface-treated road,0,No Shoulder,2,0,0,None,Large Urbanized Area,Local,Boston (MA-NH-RI),,Mainline roadway,Two-way traffic,No Access Control,,,WEBBER STREET,VALLEY STREET,LEBANON STREET,MALDEN,Good,Level Terrain,,,,,0,0,,,Local
5504464,MALDEN,2/14/25,Non-fatal injury,Open,10:33 AM,2025,Possible Injury (C),2,Local police,,35-44,45-54,,,10:00AM to 10:59AM,D1: (No improper driving)  / D2: (No improper driving) ,D1: Not Distracted / D2: Not Distracted,Collision with motor vehicle in traffic,Yes,Daylight,Angle,4,,,, PW20254542920,Dry,T-intersection,MAPC,0,1,Stop signs,"Two-way, divided, unprotected median",V1: Travelling straight ahead / V2: Turning left,V1:(Passenger car) / V2:(Passenger car),V1:(No) / V2:(No),V1:(No) / V2:(No),V1: E  / V2: S,Clear,MIDDLESEX,25000139,"V1:(No, not federally reportable) / V2:(No, not federally reportable)","No, not federally reportable",Roadway,At Intersection,No hit and run,,V1:(Collision with motor vehicle in traffic) / V2:(Collision with motor vehicle in traffic),None,"No, school bus not involved",25,"Yes, device functioning", V1:(Collision with motor vehicle in traffic) V2:(Collision with motor vehicle in traffic),No,,,,,,,,235453.9064,908225.375,42.42374163,-71.06919134,, CHARLES ST Rte E  / MIDDLESEX ST Rte S,,,,,,,,,,,14942,2020,0.477,732,0.068,89,Both sides,City or Town accepted road,,7,7,0,No Shoulder,45,Bituminous concrete road,0,No Shoulder,2,0,0,None,Large Urbanized Area,Urban minor arterial or rural major collector,Boston (MA-NH-RI),,Mainline roadway,Two-way traffic,No Access Control,,99,CHARLES STREET,MAIN STREET,FELLSWAY,MALDEN,Good,Level Terrain,,Grown from Prior Year HPMS Network,,99,0,0,,,Minor Arterial
5504465,MALDEN,2/17/25,Non-fatal injury,Open,2:06 PM,2025,Suspected Minor Injury (B),2,Local police,,25-34,35-44,,,02:00PM to 02:59PM,D1: (No improper driving)  / D2: (No improper driving) ,D1: Not Distracted / D2: Not Distracted,Collision with motor vehicle in traffic,Yes,Daylight,Angle,4,,,, PW20254542921,Ice,T-intersection,MAPC,0,1,Stop signs,"Two-way, not divided",V1: Travelling straight ahead / V2: Travelling straight ahead,V1:(Passenger car) / V2:(Passenger car),V1:(No) / V2:(No),V1:(No) / V2:(No),V1: W  / V2: N,Clear,MIDDLESEX,25000154,"V1:(No, not federally reportable) / V2:(No, not federally reportable)","No, not federally reportable",Roadway,At Intersection,No hit and run,,V1:(Collision with motor vehicle in traffic) / V2:(Collision with motor vehicle in traffic),"Road surface condition (wet, icy, snow, slush, etc.)","No, school bus not involved",25,"Yes, device functioning", V1:(Collision with motor vehicle in traffic) V2:(Collision with motor vehicle in traffic),No,,,,,,,,236286.9841,908268.1874,42.42408872,-71.0590659,, MAGNOLIA ST Rte W  / WARREN AV Rte N,,,,,,,,,,,1154,,,,,,Both sides,City or Town accepted road,,7,7,0,No Shoulder,25,Bituminous concrete road,0,No Shoulder,2,0,0,None,Large Urbanized Area,Local,Boston (MA-NH-RI),,Mainline roadway,One-way traffic,No Access Control,,,MAGNOLIA STREET,FERRY STREET,WARREN AVENUE,MALDEN,Good,Level Terrain,,,,,0,0,,,Local
5504466,MALDEN,2/7/25,Property damage only (none injured),Open,7:35 AM,2025,No Apparent Injury (O),2,Local police,,45-54,45-54,,,07:00AM to 07:59AM,D1: (No improper driving)  / D2: (No improper driving) ,D1: Not Distracted / D2: Not Distracted,Collision with motor vehicle in traffic,Yes,Daylight,Rear-end,4,,,, PW20254542892,Ice,T-intersection,MAPC,0,0,Stop signs,"Two-way, not divided",V1: Slowing or stopped in traffic / V2: Travelling straight ahead,"V1:(Bus (seats for 9-15 people, including driver)) / V2:(Passenger car)",V1:(No) / V2:(No),V1:(No) / V2:(No),V1: E  / V2: E,Clear/Clear,MIDDLESEX,25000123,"V1:(No, not federally reportable) / V2:(No, not federally reportable)","No, not federally reportable",Roadway,At Intersection,No hit and run,,V1:(Collision with motor vehicle in traffic) / V2:(Collision with motor vehicle in traffic),"Road surface condition (wet, icy, snow, slush, etc.)","Yes, school bus involved",25,Not reported, V1:(Collision with motor vehicle in traffic) V2:(Collision with motor vehicle in traffic),No,,,,,,,,234786.2656,907918.5626,42.42100961,-71.07732233,, EMERALD ST Rte E  / PEARL ST Rte S,,,,,,,,,,,1154,,,,,,Both sides,City or Town accepted road,,8,9,0,No Shoulder,28,Bituminous concrete road,0,No Shoulder,2,0,0,None,Large Urbanized Area,Local,Boston (MA-NH-RI),,Mainline roadway,Two-way traffic,No Access Control,,,EMERALD STREET,FELLSWAY,DEAD END,MALDEN,Good,Level Terrain,,,,,0,0,,,Local
5504467,MALDEN,2/16/25,Property damage only (none injured),Open,8:07 PM,2025,No Apparent Injury (O),2,Local police,,18-20,18-20,,,08:00PM to 08:59PM,"D1: (Operating vehicle in erratic, reckless, careless, negligent or aggressive manner) ",,Collision with parked motor vehicle,Yes,Dark - lighted roadway,Rear-end,4,,,, PW20254542922,Wet,T-intersection,MAPC,0,0,No controls,"Two-way, not divided",V1: Travelling straight ahead / V2: Parked,V1:(Passenger car) / V2:(Passenger car),V1:(No) / V2:(No),"V1:(Yes, vehicle or trailer disabled) / V2:(No)",V1: E  / V2: U,Rain,MIDDLESEX,25000148,"V1:(No, not federally reportable) / V2:(No, not federally reportable)","No, not federally reportable",Roadway,At Intersection,"Yes, hit and run",,V1:(Collision with curb) / V2:(Collision with motor vehicle in traffic),None,"No, school bus not involved",25,Not reported," V1:(Collision with parked motor vehicle),(Collision with curb) V2:(Collision with motor vehicle in traffic)",No,,,,,,,,239369.1438,909624.9853,42.43615376,-71.02152192,, LYNN ST Rte W  / SALEM ST Rte N,,,,,,,,,,,60480,2020,0.477,2963,0.068,363,None,City or Town accepted road,,5,5,0,No Shoulder,26,Bituminous concrete road,2,Stable - Unruttable compacted subgrade,2,0,0,None,Large Urbanized Area,Urban collector or rural minor collector,Boston (MA-NH-RI),,Mainline roadway,Two-way traffic,No Access Control,,99,LYNN STREET,SALEM STREET,MALDEN CITY LINE,REVERE,Fair,Level Terrain,,Grown from Prior Year HPMS Network,,99,0,0,,,Major Collector
5504468,MALDEN,2/18/25,Unknown,Open,8:30 AM,2025,Not reported,1,Local police,,,,,,08:00AM to 08:59AM,,,Collision with parked motor vehicle,Yes,Daylight,Unknown,4,,,, PW20254542924,Ice,Not at junction,MAPC,0,0,No controls,"Two-way, divided, unprotected median",V1: Parked,V1:(Passenger car),V1:(No),V1:(No),V1: U,Clear,MIDDLESEX,25000157,"V1:(No, not federally reportable)","No, not federally reportable",Roadway,Operator Designated,"Yes, hit and run",,V1:(Collision with parked motor vehicle),Unknown,"No, school bus not involved",25,Not reported, V1:(Collision with parked motor vehicle),No,,,,,,,,235471.5059,908932.1876,42.43010393,-71.06893408,, DARTMOUTH STREET, MALDEN POST OFFICE,200 feet S  of,,,,,,,,,,,,,,,None,Unaccepted by city or town,,,5,0,No Shoulder,0,0,0,No Shoulder,0,0,0,None,Large Urbanized Area,Local,Boston (MA-NH-RI),,,Two-way traffic,No Access Control,,0,DARTMOUTH STREET,PLEASANT STREET,MOUNTAIN AVENUE,MALDEN,0,Level Terrain,,,,,0,0,,,Local
5504470,MALDEN,2/26/25,Property damage only (none injured),Open,4:37 PM,2025,Not reported,2,Local police,,,,,,04:00PM to 04:59PM,,,Collision with parked motor vehicle,Yes,Daylight,"Sideswipe, same direction",4,,,, PW20254542923,Dry,Not at junction,MAPC,0,0,No controls,"Two-way, divided, unprotected median",V1: Parked / V2: Travelling straight ahead,V1:(Passenger car) / V2:(Passenger car),V1:(No) / V2:(No),V1:(No) / V2:(No),V1: Not Reported / V2: W,Clear,MIDDLESEX,25000177,"V1:(No, not federally reportable) / V2:(No, not federally reportable)","No, not federally reportable",Roadway,Off Intersection,"Yes, hit and run",,V1:(Collision with parked motor vehicle) / V2:(Collision with parked motor vehicle),None,"No, school bus not involved",25,Not reported, V1:(Collision with parked motor vehicle) V2:(Collision with parked motor vehicle),No,,,,,,,,233036.922,907897.2501,42.42089382,-71.09857899,, SALEM ST, PARK ST,,,,,,,,,,12590,2020,0.558,579,0.155,139,Both sides,City or Town accepted road,,8,8,0,No Shoulder,24,Bituminous concrete road,0,No Shoulder,2,0,0,None,Large Urbanized Area,Rural minor arterial or urban principal arterial,Boston (MA-NH-RI),,Mainline roadway,Two-way traffic,No Access Control,,25,SALEM STREET,MALDEN CITY LINE,SALEM STREET CIRCLE,MEDFORD,Fair,Level Terrain,,Pulled back from HPMS network estimation routine,,25,0,0,,,Principal Arterial - Other
5504471,MALDEN,2/12/25,Unknown,Open,4:58 PM,2025,Not reported,2,Local police,,,,,,04:00PM to 04:59PM,,,Collision with parked motor vehicle,Yes,Daylight,Angle,4,,,, PW20254542928,Dry,Not at junction,MAPC,0,0,No controls,"Two-way, divided, unprotected median",V1: Backing / V2: Parked,"V1:(Passenger car) / V2:(Light truck(van, mini-van, pickup, sport utility))",V1:(No) / V2:(No),V1:(No) / V2:(No),V1: W  / V2:,Clear/Clear,MIDDLESEX,25000136,"V1:(No, not federally reportable) / V2:(No, not federally reportable)","No, not federally reportable",Roadway,At Address,"Yes, hit and run",,V1:(Collision with parked motor vehicle) / V2:(Collision with motor vehicle in traffic),None,"No, school bus not involved",25,Not reported, V1:(Collision with parked motor vehicle) V2:(Collision with motor vehicle in traffic),No,,,,,,,,236258.4326,908959.9067,42.43031727,-71.05936941,227, SALEM ST Rte W,,,,,,,,,,,13902,2020,0.477,679,0.068,83,Both sides,City or Town accepted road,,9,9,0,No Shoulder,40,Bituminous concrete road,0,No Shoulder,2,0,0,None,Large Urbanized Area,Urban minor arterial or rural major collector,Boston (MA-NH-RI),,Mainline roadway,Two-way traffic,No Access Control,,30,SALEM STREET,MAIN STREET ,,MALDEN,Good,Level Terrain,,Grown from Prior Year HPMS Network,,30,0,0,,,Minor Arterial