Crash Number,City Town Name,Crash Date,Crash Severity,Crash Status,Crash Time,Crash Year,Max Injury Severity Reported,Number of Vehicles,Police Agency Type,State Police Troop,Age of Driver - Youngest Known,Age of Driver - Oldest Known,Age of Vulnerable User - Youngest Known,Age of Vulnerable User - Oldest Known,Crash Hour,Driver Contributing Circumstances (All Drivers),Driver Distracted By (All Vehicles),First Harmful Event,Is Geocoded,Light Conditions,Manner of Collision,MassDOT District,Vulnerable User Action (All Persons),Vulnerable User Location (All Persons),Vulnerable User Type (All Persons),RMV Document Numbers,Road Surface Condition,Roadway Junction Type,RPA Abbreviation,Total Fatalities,Total Non-Fatal Injuries,Traffic Control Device Type,Trafficway Description,Vehicle Actions Prior to Crash (All Vehicles),Vehicle Configuration (All Vehicles),Vehicle Emergency Use (All Vehicles),Vehicle Towed From Scene (All Vehicles),Vehicle Travel Directions (All Vehicles),Weather Conditions,County Name,Crash Report IDs,FMCSA Reportable (All Vehicles),FMCSA Reportable (Crash),First Harmful Event Location,Geocoding Method,Hit and Run,Locality,Most Harmful Event (All Vehicles),Road Contributing Circumstance,School Bus Related,Speed Limit,Traffic Control Device Function,Vehicle Sequence of Events (All Vehicles),Work Zone Related,Vulnerable User Sequence of Events (All Persons),Vulnerable User Distracted By (All Persons),Vulnerable User Traffic Control Type (All persons),Vulnerable User Origin Destination (All Persons),Vulnerable User Contributing Circumstances (All Persons),Vulnerable User Alcohol Suspected Type (All Persons),Vulnerable User Drug Suspected Type (All Persons),X,Y,Latitude,Longitude,Street Number,Roadway,Near Intersection Roadway,Distance and Direction From Intersection,Milemarker,Milemarker Route,Distance and Direction From Milemarker,Exit Number,Exit Route,Distance and Direction From Exit,Landmark,Distance and Direction From Landmark,AADT-linked RD,AADT Year-linked RD,Peak % Single Unit Trucks-linked RD,Single-Unit Truck and Bus AADT-linked RD,Peak % Combo Trucks-linked RD,Combination Truck AADT-linked RD,Curb-linked RD-linked RD,Jurisdiction-linked RD,Truck Route-linked RD,Left Sidewalk Width-linked RD,Right Sidewalk Width-linked RD,Left Shoulder Width-linked RD,Left Shoulder Type-linked RD,Surface Width-linked RD,Surface Type-linked RD,Right Shoulder Width-linked RD,Right Shoulder Type-linked RD,Number of Travel Lanes-linked RD,Number of Opposing Travel Lanes-linked RD,Median Width-linked RD,Median Type-linked RD,Urban Type-linked RD,Functional Classification-linked RD,Urbanized Area-linked RD,Federal Aid Route Number-linked RD,Facility Type-linked RD,Street Operation-linked RD,Access Control-linked RD,Number of Peak Hour Lanes-linked RD,Speed Limit-linked RD,Street Name-linked RD,From Street Name-linked RD,To Street Name-linked RD,City-linked RD-linked RD,Structural Condition-linked RD,Terrain-linked RD,Urban Location Type-linked RD,AADT Derivation-linked RD,AADT Station Number-linked RD,Opposing Direction Speed Limit-linked RD,Undivided Left Shoulder Type-linked RD,Undivided Left Shoulder Width-linked RD,Truck Exclusion Type-linked RD,Truck Exclusion Time-linked RD,Federal Functional Classification-linked RD
5504474,MALDEN,2/24/25,Property damage only (none injured),Open,8:31 AM,2025,No Apparent Injury (O),2,Local police,,21-24,35-44,,,08:00AM to 08:59AM,D1: (Visibility obstructed)  / D2: (No improper driving) ,D1: Not Distracted,Collision with motor vehicle in traffic,Yes,Daylight,Angle,4,,,, PW20254542925,Dry,Four-way intersection,MAPC,0,0,Stop signs,"Two-way, not divided",V1: Entering traffic lane / V2: Travelling straight ahead,V1:(Passenger car) / V2:(Passenger car),V1:(No) / V2:(No),"V1:(No) / V2:(Yes, vehicle or trailer disabled)",V1: N  / V2: E,Cloudy,MIDDLESEX,25000171,"V1:(No, not federally reportable) / V2:(No, not federally reportable)","No, not federally reportable",Roadway,At Intersection,No hit and run,,V1:(Collision with motor vehicle in traffic) / V2:(Collision with motor vehicle in traffic),None,"No, school bus not involved",25,"Yes, device functioning", V1:(Collision with motor vehicle in traffic) V2:(Collision with motor vehicle in traffic),No,,,,,,,,234614.8126,908181.3122,42.42338265,-71.07938983,, RUSSELL ST Rte    / CHARLES Rte,,,,,,,,,,,1154,,,,,,Both sides,City or Town accepted road,,7,7,0,No Shoulder,25,Bituminous concrete road,0,No Shoulder,2,0,0,None,Large Urbanized Area,Local,Boston (MA-NH-RI),,Mainline roadway,Two-way traffic,No Access Control,,,RUSSELL STREET,PLEASANT STREET,ADAMS STREET,MALDEN,Good,Level Terrain,,,,,0,0,,,Local
5504475,MALDEN,2/19/25,Non-fatal injury,Open,8:09 AM,2025,Possible Injury (C),1,Local police,,45-54,45-54,<6,25-34,08:00AM to 08:59AM,D1: (Glare) ,D1: Not Distracted,Collision with pedestrian,Yes,Daylight,Single vehicle crash,4, VU2: Entering or crossing location / VU3: Entering or crossing location, VU2: Marked crosswalk at intersection (includes use of paint raised or other roadway material) / VU3: Marked crosswalk at intersection (includes use of paint raised or other roadway material), VU2: Pedestrian / VU3: Pedestrian, PW20254542926,Dry,Four-way intersection,MAPC,0,2,Traffic control signal,"Two-way, not divided",V1: Turning left,"V1:(Light truck(van, mini-van, pickup, sport utility))",V1:(No),V1:(No),V1: E,Clear,MIDDLESEX,25000158,"V1:(No, not federally reportable)","No, not federally reportable",Roadway,At Intersection,No hit and run,,V1:(Collision with pedestrian),None,"No, school bus not involved",25,"Yes, device functioning", V1:(Collision with pedestrian),No, VU2:(Crossing Roadway) VU3:(Crossing Roadway),,,,,,,235774.8904,908400.4373,42.42530297,-71.06528021,, CENTRE ST Rte    / FERRY ST Rte,,,,,,,,,,,14739,2020,0.558,679,0.155,162,Both sides,City or Town accepted road,,0,8,0,No Shoulder,22,Bituminous concrete road,0,No Shoulder,2,2,5,Raised Median,Large Urbanized Area,Rural minor arterial or urban principal arterial,Boston (MA-NH-RI),,Mainline roadway,Two-way traffic,No Access Control,,30,CENTRE STREET,PLEASANT STREET,EASTERN AVENUE,MALDEN,Good,Level Terrain,,Pulled back from HPMS network estimation routine,,0,0,0,,,Principal Arterial - Other
5504476,MALDEN,2/28/25,Property damage only (none injured),Open,3:59 PM,2025,No Apparent Injury (O),2,Local police,,18-20,55-64,,,03:00PM to 03:59PM,D1: (Unknown)  / D2: (No improper driving) ,D2: Not Distracted,Collision with motor vehicle in traffic,Yes,Daylight,Rear-end,4,,,, PW20254542935,Dry,Not at junction,MAPC,0,0,No controls,"Two-way, not divided",V1: Travelling straight ahead / V2: Travelling straight ahead,"V1:(Passenger car) / V2:(Light truck(van, mini-van, pickup, sport utility))",V1:(No) / V2:(No),"V1:(Yes, vehicle or trailer disabled) / V2:(No)",V1: E  / V2: E,Clear,MIDDLESEX,25000179,"V1:(No, not federally reportable) / V2:(No, not federally reportable)","No, not federally reportable",Roadway,At Address,No hit and run,,V1:(Collision with motor vehicle in traffic) / V2:(Collision with motor vehicle in traffic),None,"No, school bus not involved",25,Not reported, V1:(Collision with motor vehicle in traffic) V2:(Collision with motor vehicle in traffic),No,,,,,,,,236519.8229,908757.2786,42.42848091,-71.05620574,477, EASTERN AV Rte E,,,,,,,,,,,15279,2020,0.558,702,0.155,168,Both sides,City or Town accepted road,,6,6,0,No Shoulder,28,Bituminous concrete road,8,Hardened bituminous mix or penetration,2,0,0,None,Large Urbanized Area,Rural minor arterial or urban principal arterial,Boston (MA-NH-RI),,Mainline roadway,Two-way traffic,No Access Control,,30,EASTERN AVENUE,MAIN STREET,LYNN STREET,MALDEN,Good,Level Terrain,,Pulled back from HPMS network estimation routine,,30,Surfaced shoulder exists – Portland Cement Concrete surface (PCC,8,,,Principal Arterial - Other
5504477,MALDEN,2/11/25,Property damage only (none injured),Open,2:39 PM,2025,No Apparent Injury (O),2,Local police,,55-64,55-64,,,02:00PM to 02:59PM,D1: (No improper driving)  / D2: (Illness) ,D1: Not Distracted / D2: Not Distracted,Collision with parked motor vehicle,Yes,Daylight,"Sideswipe, opposite direction",4,,,, PW20254542929,Dry,Driveway,MAPC,0,0,No controls,"Two-way, not divided",V1: Parked / V2: Backing,V1:(Passenger car) / V2:(Passenger car),V1:(No) / V2:(No),V1:(No) / V2:(No),V1: U  / V2: W,Clear,MIDDLESEX,25000133,"V1:(No, not federally reportable) / V2:(No, not federally reportable)","No, not federally reportable",Outside roadway,At Address,"Yes, hit and run",,V1:(Collision with motor vehicle in traffic) / V2:(Collision with parked motor vehicle),None,"No, school bus not involved",10,Not reported, V1:(Collision with motor vehicle in traffic) V2:(Collision with parked motor vehicle),No,,,,,,,,234947.4211,907853.0755,42.42041285,-71.07536817,10, RIVERSIDE PK Rte E,,,,,,,,,,,1154,,,,,,Both sides,City or Town accepted road,,7,7,0,No Shoulder,35,Bituminous concrete road,0,No Shoulder,2,0,0,None,Large Urbanized Area,Local,Boston (MA-NH-RI),,Mainline roadway,Two-way traffic,No Access Control,,,RIVERSIDE PARK,COMMERCIAL STREET,CUL_DE_SAC,MALDEN,Good,Level Terrain,,,,,0,0,,,Local
5504478,MALDEN,2/19/25,Property damage only (none injured),Open,6:26 PM,2025,No Apparent Injury (O),1,Local police,,55-64,55-64,,,06:00PM to 06:59PM,D1: (No improper driving) ,D1: Not Distracted,Collision with motor vehicle in traffic,Yes,Dark - lighted roadway,"Sideswipe, opposite direction",4,,,, PW20254542930,Dry,Not at junction,MAPC,0,0,No controls,"Two-way, not divided",V1: Travelling straight ahead,V1:(Other),V1:(No),V1:(No),V1: S,Clear,MIDDLESEX,25000161,"V1:(No, not federally reportable)","No, not federally reportable",Roadway,Off Intersection,"Yes, hit and run",,V1:(Collision with motor vehicle in traffic),None,"No, school bus not involved",25,"No, device not functioning", V1:(Collision with motor vehicle in traffic),No,,,,,,,,239057.7813,909173.0624,42.43210099,-71.02533659,, BEACH ST  S, LYNN ST Rte,,,,,,,,,,17268,2020,0.558,794,0.155,190,Both sides,City or Town accepted road,,6,6,0,No Shoulder,28,Bituminous concrete road,0,No Shoulder,2,0,0,None,Large Urbanized Area,Rural minor arterial or urban principal arterial,Boston (MA-NH-RI),,Mainline roadway,Two-way traffic,No Access Control,,35,BEACH STREET,REVERE CITY LINE,SALEM STREET,MALDEN,Good,Level Terrain,,Pulled back from HPMS network estimation routine,,35,0,0,,,Principal Arterial - Other
5504479,MALDEN,2/15/25,Property damage only (none injured),Open,7:06 PM,2025,No Apparent Injury (O),3,Local police,,45-54,45-54,,,07:00PM to 07:59PM,D1: (Inattention) ,,Collision with parked motor vehicle,Yes,Dark - roadway not lighted,"Sideswipe, same direction",4,,,, PW20254542937,Snow,Not at junction,MAPC,0,0,No controls,"Two-way, not divided",V1: Travelling straight ahead / V2: Parked / V3: Parked,V1:(Truck tractor (bobtail)) / V2:(Passenger car) / V3:(Passenger car),V1:(No) / V2:(No) / V3:(No),V1:(No) / V2:(No) / V3:(No),V1: N  / V2: Not Reported / V3: Not Reported,Snow,MIDDLESEX,25000142,"V1:(No, not federally reportable) / V2:(No, not federally reportable) / V3:(No, not federally reportable)","No, not federally reportable",Roadway,At Address,No hit and run,,V1:(Collision with parked motor vehicle) / V2:(Collision with motor vehicle in traffic) / V3:(Collision with motor vehicle in traffic),None,"No, school bus not involved",25,"Yes, device functioning", V1:(Collision with parked motor vehicle) V2:(Collision with motor vehicle in traffic) V3:(Collision with motor vehicle in traffic),No,,,,,,,,234615.0097,908213.5296,42.42367268,-71.07938551,88, RUSSELL ST Rte N,,,,,,,,,,,1154,,,,,,Both sides,City or Town accepted road,,7,7,0,No Shoulder,25,Bituminous concrete road,0,No Shoulder,2,0,0,None,Large Urbanized Area,Local,Boston (MA-NH-RI),,Mainline roadway,Two-way traffic,No Access Control,,,RUSSELL STREET,PLEASANT STREET,ADAMS STREET,MALDEN,Good,Level Terrain,,,,,0,0,,,Local
5504480,MALDEN,2/20/25,Non-fatal injury,Open,2:15 PM,2025,Possible Injury (C),2,Local police,,25-34,>84,,,02:00PM to 02:59PM,D1: (Unknown)  / D2: (Unknown) ,,Collision with motor vehicle in traffic,Yes,Daylight,Angle,4,,,, PW20254542932,Dry,Four-way intersection,MAPC,0,1,No controls,"Two-way, divided, unprotected median",V1: Travelling straight ahead / V2: Travelling straight ahead,"V1:(Light truck(van, mini-van, pickup, sport utility)) / V2:(Passenger car)",V1:(No) / V2:(No),V1:(No) / V2:(No),V1: N  / V2: W,Clear,MIDDLESEX,25000165,"V1:(No, not federally reportable) / V2:(No, not federally reportable)","No, not federally reportable",Roadway,At Intersection,No hit and run,,V1:(Collision with motor vehicle in traffic) / V2:(Collision with motor vehicle in traffic),None,"No, school bus not involved",25,Not reported, V1:(Collision with motor vehicle in traffic) V2:(Collision with motor vehicle in traffic),No,,,,,,,,235606.2709,907620.448,42.41828881,-71.06737723,, JAMES ST Rte N  / MEDFORD ST Rte W,,,,,,,,,,,1154,,,,,,Both sides,City or Town accepted road,,7,7,0,No Shoulder,25,Bituminous concrete road,0,No Shoulder,2,0,0,None,Large Urbanized Area,Local,Boston (MA-NH-RI),,Mainline roadway,Two-way traffic,No Access Control,,,JAMES STREET,WIGGLESWORTH STREET,CONVERSE AVENUE,MALDEN,Good,Level Terrain,,,,,0,0,,,Local
5504481,MALDEN,2/14/25,Non-fatal injury,Open,3:37 PM,2025,Suspected Minor Injury (B),3,Local police,,25-34,55-64,,,03:00PM to 03:59PM,D1: (No improper driving)  / D2: (Inattention)  / D3: (No improper driving) ,D1: Not Distracted / D3: Not Distracted,Collision with motor vehicle in traffic,Yes,Daylight,Angle,4,,,, PW20254542931,Dry,T-intersection,MAPC,0,1,Stop signs,"Two-way, divided, unprotected median",V1: Slowing or stopped in traffic / V2: Turning left / V3: Travelling straight ahead,V1:(Passenger car) / V2:(Passenger car) / V3:(Passenger car),V1:(No) / V2:(No) / V3:(No),"V1:(Yes, vehicle or trailer disabled) / V2:(Yes, vehicle or trailer disabled) / V3:(Yes, vehicle or trailer disabled)",V1: E  / V2: W  / V3: S,Clear,MIDDLESEX,25000140,"V1:(No, not federally reportable) / V2:(No, not federally reportable) / V3:(No, not federally reportable)","No, not federally reportable",Roadway,At Intersection,No hit and run,,V1:(Collision with motor vehicle in traffic) / V2:(Collision with motor vehicle in traffic) / V3:(Collision with motor vehicle in traffic),None,"No, school bus not involved",25,"Yes, device functioning", V1:(Collision with motor vehicle in traffic) V2:(Collision with motor vehicle in traffic) V3:(Collision with motor vehicle in traffic),No,,,,,,,,237759.5153,908679.6873,42.42772334,-71.04114617,, BROADWAY Rte    / SHEAFE ST Rte,,,,,,,,,,,22968,2020,0.33,894,0.105,252,Both sides,City or Town accepted road,,6,6,0,No Shoulder,46,Bituminous concrete road,0,No Shoulder,4,0,0,None,Large Urbanized Area,Rural minor arterial or urban principal arterial,Boston (MA-NH-RI),,Mainline roadway,Two-way traffic,No Access Control,,35,BROADWAY,EVERETT CITY LINE,MELROSE CITY LINE,MALDEN,Good,Level Terrain,,Grown from Prior Year HPMS Network,,35,0,0,,,Principal Arterial - Other
5504482,MALDEN,2/14/25,Property damage only (none injured),Open,2:22 PM,2025,No Apparent Injury (O),3,Local police,,45-54,45-54,,,02:00PM to 02:59PM,"D1: (Unknown)  / D2: (Disregarded traffic signs, signals, road markings) ",,Collision with motor vehicle in traffic,Yes,Daylight,Angle,4,,,, PW20254542938,Dry,Four-way intersection,MAPC,0,0,Traffic control signal,"Two-way, divided, unprotected median",V1: Travelling straight ahead / V2: Travelling straight ahead / V3: Parked,V1:(Passenger car) / V2:(Passenger car) / V3:(Passenger car),V1:(No) / V2:(No) / V3:(No),"V1:(Yes, vehicle or trailer disabled) / V2:(No) / V3:(No)",V1: N  / V2: W  / V3:,Clear,MIDDLESEX,25000141,"V1:(No, not federally reportable) / V2:(No, not federally reportable) / V3:(No, not federally reportable)","No, not federally reportable",Roadway,At Intersection,No hit and run,,V1:(Collision with motor vehicle in traffic) / V2:(Collision with motor vehicle in traffic) / V3:(Collision with parked motor vehicle),Unknown,"No, school bus not involved",25,"Yes, device functioning"," V1:(Collision with motor vehicle in traffic),(Collision with parked motor vehicle) V2:(Collision with motor vehicle in traffic),(Collision with fence) V3:(Collision with parked motor vehicle)",No,,,,,,,,236224.2969,907412.4378,42.41638772,-71.05988128,, BELMONT ST Rte N  / HANCOCK ST Rte W,,,,,,,,,,,2822,2020,0.21,137,0,17,Both sides,City or Town accepted road,,8,8,0,No Shoulder,30,Bituminous concrete road,0,No Shoulder,2,0,0,None,Large Urbanized Area,Urban collector or rural minor collector,Boston (MA-NH-RI),,Mainline roadway,Two-way traffic,No Access Control,,99,BELMONT STREET,FERRY STREET,MAIN STREET,MALDEN,Good,Rolling Terrain,,Grown from Prior Year HPMS Network,,99,0,0,,,Major Collector
5504483,MALDEN,2/17/25,Property damage only (none injured),Open,9:24 AM,2025,No Apparent Injury (O),2,Local police,,45-54,45-54,,,09:00AM to 09:59AM,D2: (No improper driving) ,,Collision with motor vehicle in traffic,Yes,Daylight,"Sideswipe, opposite direction",4,,,, PW20254542947,Ice,T-intersection,MAPC,0,0,No controls,"Two-way, not divided",V1: Parked / V2: Turning left,"V1:(Light truck(van, mini-van, pickup, sport utility)) / V2:(Light truck(van, mini-van, pickup, sport utility))",V1:(No) / V2:(No),V1:(No) / V2:(No),V1:    / V2: W,Clear,MIDDLESEX,25000153,"V1:(No, not federally reportable) / V2:(No, not federally reportable)","No, not federally reportable",Roadway,At Intersection,No hit and run,,V1:(Collision with motor vehicle in traffic) / V2:(Collision with motor vehicle in traffic),"Road surface condition (wet, icy, snow, slush, etc.)","No, school bus not involved",25,Not reported, V1:(Collision with motor vehicle in traffic) V2:(Collision with motor vehicle in traffic),No,,,,,,,,236928.172,909445.1873,42.43465458,-71.05119953,, MOUNT WASHINGTON AVE / DIVISION ST,,,,,,,,,,,1154,,,,,,Both sides,City or Town accepted road,,7,7,0,No Shoulder,25,Bituminous concrete road,0,No Shoulder,2,0,0,None,Large Urbanized Area,Local,Boston (MA-NH-RI),,Mainline roadway,Two-way traffic,No Access Control,,,MOUNT WASHINGTON AVENUE,DIVISION STREET,FAIRVIEW AVENUE,MALDEN,Good,Rolling Terrain,,,,,0,0,,,Local
5504486,MALDEN,2/19/25,Property damage only (none injured),Open,2:08 PM,2025,No Apparent Injury (O),2,Local police,,45-54,45-54,,,02:00PM to 02:59PM,D1: (Unknown)  / D2: (No improper driving) ,D2: Not Distracted,Collision with parked motor vehicle,Yes,Daylight,"Sideswipe, same direction",4,,,, PW20254542950,Unknown,Not at junction,MAPC,0,0,No controls,"Two-way, not divided",V1: Unknown / V2: Parked,V2:(Other),V1:(No) / V2:(No),V1:(No) / V2:(No),V1: U  / V2: E,Clear,MIDDLESEX,25000159,"V1:(No, not federally reportable) / V2:(No, not federally reportable)","No, not federally reportable",Roadway,At Address,No hit and run,,V1:(Unknown) / V2:(Collision with motor vehicle in traffic),Unknown,"No, school bus not involved",25,Not reported, V2:(Collision with motor vehicle in traffic),No,,,,,,,,236232.6217,908944.1394,42.43017653,-71.05968406,219, SALEM ST Rte E,,,,,,,,,,,13920,2020,0.477,680,0.068,83,Both sides,City or Town accepted road,,9,9,0,No Shoulder,40,Bituminous concrete road,0,No Shoulder,2,0,0,None,Large Urbanized Area,Urban minor arterial or rural major collector,Boston (MA-NH-RI),,Mainline roadway,Two-way traffic,No Access Control,,30,SALEM STREET,MAIN STREET ,,MALDEN,Good,Level Terrain,,Grown from Prior Year HPMS Network,,30,0,0,,,Minor Arterial
5504488,MALDEN,2/19/25,Non-fatal injury,Open,10:17 AM,2025,Suspected Minor Injury (B),1,Local police,,55-64,55-64,,,10:00AM to 10:59AM,D1: (Unknown) ,,Collision with other light pole or other post/support,Yes,Daylight,Single vehicle crash,4,,,, PW20254542949,Ice,T-intersection,MAPC,0,1,No controls,"Two-way, divided, unprotected median",V1: Turning right,V1:(Passenger car),V1:(No),"V1:(Yes, vehicle or trailer disabled)",V1: S,Clear,MIDDLESEX,25000160,"V1:(No, not federally reportable)","No, not federally reportable",Roadway,At Address,No hit and run,,V1:(Collision with light pole or other post/support),"Road surface condition (wet, icy, snow, slush, etc.)","No, school bus not involved",25,"No, device not functioning"," V1:(Collision with motor vehicle in traffic),(Collision with light  pole or other post/support)",No,,,,,,,,237647.1337,908268.1113,42.42402355,-71.04253863,22, BROADWAY Rte S,,,,,,,,,,,21508,2020,,,,,Both sides,City or Town accepted road,,8,8,0,No Shoulder,46,Bituminous concrete road,0,No Shoulder,4,0,0,None,Large Urbanized Area,Rural minor arterial or urban principal arterial,Boston (MA-NH-RI),,Mainline roadway,Two-way traffic,No Access Control,,35,BROADWAY,EVERETT CITY LINE,MELROSE CITY LINE,MALDEN,Good,Level Terrain,,Pulled back from HPMS network estimation routine,,35,0,0,,,Principal Arterial - Other
5504489,MALDEN,2/20/25,Non-fatal injury,Open,9:01 AM,2025,Possible Injury (C),2,Local police,,35-44,55-64,,,09:00AM to 09:59AM,D1: (No improper driving)  / D2: (No improper driving) ,D1: Not Distracted / D2: Not Distracted,Collision with motor vehicle in traffic,Yes,Daylight,Angle,4,,,, PW20254542951,Dry,T-intersection,MAPC,0,1,Stop signs,"Two-way, divided, unprotected median",V1: Turning right / V2: Travelling straight ahead,V1:(Passenger car) / V2:(Passenger car),V1:(No) / V2:(No),"V1:(Yes, vehicle or trailer disabled) / V2:(Yes, vehicle or trailer disabled)",V1: S  / V2: W,Clear,MIDDLESEX,25000163,"V1:(No, not federally reportable) / V2:(No, not federally reportable)","No, not federally reportable",Roadway,Off Intersection,No hit and run,,V1:(Collision with motor vehicle in traffic) / V2:(Collision with motor vehicle in traffic),None,"No, school bus not involved",25,"Yes, device functioning", V1:(Collision with motor vehicle in traffic) V2:(Collision with motor vehicle in traffic),No,,,,,,,,235375.6254,909509.8747,42.43530892,-71.07006386,, WINTER ST  W, BANKS PLACE Rte,,,,,,,,,,7104,2020,0.232,349,0,42,Both sides,City or Town accepted road,,5,5,0,No Shoulder,25,Bituminous concrete road,0,No Shoulder,2,0,0,None,Large Urbanized Area,Urban minor arterial or rural major collector,Boston (MA-NH-RI),,Mainline roadway,Two-way traffic,No Access Control,,99,WINTER STREET,WASHINGTON STREET,MAIN STREET,MALDEN,Good,Level Terrain,,Grown from Prior Year HPMS Network,,99,0,0,,,Minor Arterial
5504491,MALDEN,2/16/25,Non-fatal injury,Open,9:02 AM,2025,Suspected Serious Injury (A),2,Local police,,35-44,45-54,,,09:00AM to 09:59AM,D1: (History heart/epilepsy/fainting)  / D2: (No improper driving) ,D1: Not Distracted / D2: Not Distracted,Collision with parked motor vehicle,Yes,Daylight,Single vehicle crash,4,,,, PW20254542942,Snow,Not at junction,MAPC,0,1,No controls,"Two-way, not divided",V1: Backing / V2: Parked,V1:(Passenger car) / V2:(Passenger car),V1:(No) / V2:(No),V1:(No) / V2:(No),V1: W  / V2: Not Reported,"Cloudy/Blowing sand, snow",MIDDLESEX,25000145,"V1:(No, not federally reportable) / V2:(No, not federally reportable)","No, not federally reportable",Roadway,At Address,No hit and run,,V1:(Collision with parked motor vehicle) / V2:(Collision with other movable object),None,"No, school bus not involved",25,"Yes, device functioning", V1:(Collision with parked motor vehicle) V2:(Collision with other movable object),No,,,,,,,,236307.7774,907861.4009,42.42042565,-71.05883881,17, PARKER ST Rte 6,,,,,,,,,,,1154,,,,,,Both sides,City or Town accepted road,,7,7,0,No Shoulder,25,Bituminous concrete road,0,No Shoulder,2,0,0,None,Large Urbanized Area,Local,Boston (MA-NH-RI),,Mainline roadway,Two-way traffic,No Access Control,,,PARKER STREET,WALNUT STREET,FERRY STREET,MALDEN,Good,Rolling Terrain,,,,,0,0,,,Local
5504492,MALDEN,2/16/25,Property damage only (none injured),Open,12:24 PM,2025,Not reported,1,Local police,,,,,,12:00PM to 12:59PM,,,Collision with other movable object,Yes,Daylight,"Sideswipe, same direction",4,,,, PW20254542944,Snow,Not at junction,MAPC,0,0,No controls,"Two-way, not divided",V1: Parked,V1:(Passenger car),V1:(No),V1:(No),V1: U,"Snow/Sleet, hail (freezing rain or drizzle)",MIDDLESEX,25000147,"V1:(No, not federally reportable)","No, not federally reportable",Roadway,At Address,"Yes, hit and run",,V1:(Collision with other movable object),"Road surface condition (wet, icy, snow, slush, etc.)","No, school bus not involved",25,"Yes, device functioning", V1:(Collision with other movable object),No,,,,,,,,236259.154,908424.4855,42.4254971,-71.05939426,112, HOLYOKE ST Rte E,,,,,,,,,,,1154,,,,,,Both sides,City or Town accepted road,,7,7,0,No Shoulder,25,Bituminous concrete road,0,No Shoulder,2,0,0,None,Large Urbanized Area,Local,Boston (MA-NH-RI),,Mainline roadway,One-way traffic,No Access Control,,,HOLYOKE STREET,FERRY STREET,FRANKLIN STREET,MALDEN,Good,Level Terrain,,,,,0,0,,,Local
5504496,MALDEN,2/20/25,Property damage only (none injured),Open,2:32 PM,2025,No Apparent Injury (O),1,Local police,,45-54,45-54,,,02:00PM to 02:59PM,D1: (Unknown) ,,Unknown,Yes,Unknown,Unknown,4,,,, PW20254542952,Unknown,Unknown,MAPC,0,0,Unknown,Unknown,V1: Unknown,V1:(Passenger car),V1:(No),V1:(No),V1: U,Unknown,MIDDLESEX,25000164,"V1:(No, not federally reportable)","No, not federally reportable",Unknown,At Address,"Yes, hit and run",,V1:(Unknown),Unknown,"No, school bus not involved",25,Not reported,,No,,,,,,,,237805.718,908849.0283,42.42924559,-71.04057364,180, BROADWAY Rte S,,,,,,,,,,,21508,2020,,,,,Both sides,City or Town accepted road,,6,0,0,No Shoulder,46,Bituminous concrete road,0,No Shoulder,4,0,0,None,Large Urbanized Area,Rural minor arterial or urban principal arterial,Boston (MA-NH-RI),,Mainline roadway,Two-way traffic,No Access Control,,30,BROADWAY,EVERETT CITY LINE,MELROSE CITY LINE,MALDEN,Good,Level Terrain,,Pulled back from HPMS network estimation routine,,30,0,0,,,Principal Arterial - Other
5504497,MALDEN,2/20/25,Property damage only (none injured),Open,5:53 PM,2025,No Apparent Injury (O),2,Local police,,35-44,45-54,,,05:00PM to 05:59PM,D1: (No improper driving)  / D2: (No improper driving) ,D1: Not Distracted / D2: Not Distracted,Collision with parked motor vehicle,Yes,Dawn,Rear-end,4,,,, PW20254542953,Snow,Not at junction,MAPC,0,0,No controls,"Two-way, not divided",V1: Backing / V2: Parked,V1:(Passenger car) / V2:(Passenger car),V1:(No) / V2:(No),"V1:(No) / V2:(Yes, vehicle or trailer disabled)",V1: E  / V2: E,Clear,MIDDLESEX,25000166,"V1:(No, not federally reportable) / V2:(No, not federally reportable)","No, not federally reportable",Roadside,At Address,No hit and run,,V1:(Collision with parked motor vehicle) / V2:(Collision with parked motor vehicle),Unknown,"No, school bus not involved",25,Not reported, V1:(Collision with parked motor vehicle) V2:(Collision with parked motor vehicle),No,,,,,,,,236158.5544,908895.6851,42.42974375,-71.06058718,192, SALEM ST Rte E,,,,,,,,,,,13977,2020,0.477,684,0.068,84,Both sides,City or Town accepted road,,9,9,0,No Shoulder,40,Bituminous concrete road,0,No Shoulder,2,0,0,None,Large Urbanized Area,Urban minor arterial or rural major collector,Boston (MA-NH-RI),,Mainline roadway,Two-way traffic,No Access Control,,30,SALEM STREET,MAIN STREET ,,MALDEN,Good,Level Terrain,,Grown from Prior Year HPMS Network,,30,0,0,,,Minor Arterial