Crash Number,City Town Name,Crash Date,Crash Severity,Crash Status,Crash Time,Crash Year,Max Injury Severity Reported,Number of Vehicles,Police Agency Type,State Police Troop,Age of Driver - Youngest Known,Age of Driver - Oldest Known,Age of Vulnerable User - Youngest Known,Age of Vulnerable User - Oldest Known,Crash Hour,Driver Contributing Circumstances (All Drivers),Driver Distracted By (All Vehicles),First Harmful Event,Is Geocoded,Light Conditions,Manner of Collision,MassDOT District,Vulnerable User Action (All Persons),Vulnerable User Location (All Persons),Vulnerable User Type (All Persons),RMV Document Numbers,Road Surface Condition,Roadway Junction Type,RPA Abbreviation,Total Fatalities,Total Non-Fatal Injuries,Traffic Control Device Type,Trafficway Description,Vehicle Actions Prior to Crash (All Vehicles),Vehicle Configuration (All Vehicles),Vehicle Emergency Use (All Vehicles),Vehicle Towed From Scene (All Vehicles),Vehicle Travel Directions (All Vehicles),Weather Conditions,County Name,Crash Report IDs,FMCSA Reportable (All Vehicles),FMCSA Reportable (Crash),First Harmful Event Location,Geocoding Method,Hit and Run,Locality,Most Harmful Event (All Vehicles),Road Contributing Circumstance,School Bus Related,Speed Limit,Traffic Control Device Function,Vehicle Sequence of Events (All Vehicles),Work Zone Related,Vulnerable User Sequence of Events (All Persons),Vulnerable User Distracted By (All Persons),Vulnerable User Traffic Control Type (All persons),Vulnerable User Origin Destination (All Persons),Vulnerable User Contributing Circumstances (All Persons),Vulnerable User Alcohol Suspected Type (All Persons),Vulnerable User Drug Suspected Type (All Persons),X,Y,Latitude,Longitude,Street Number,Roadway,Near Intersection Roadway,Distance and Direction From Intersection,Milemarker,Milemarker Route,Distance and Direction From Milemarker,Exit Number,Exit Route,Distance and Direction From Exit,Landmark,Distance and Direction From Landmark,AADT-linked RD,AADT Year-linked RD,Peak % Single Unit Trucks-linked RD,Single-Unit Truck and Bus AADT-linked RD,Peak % Combo Trucks-linked RD,Combination Truck AADT-linked RD,Curb-linked RD-linked RD,Jurisdiction-linked RD,Truck Route-linked RD,Left Sidewalk Width-linked RD,Right Sidewalk Width-linked RD,Left Shoulder Width-linked RD,Left Shoulder Type-linked RD,Surface Width-linked RD,Surface Type-linked RD,Right Shoulder Width-linked RD,Right Shoulder Type-linked RD,Number of Travel Lanes-linked RD,Number of Opposing Travel Lanes-linked RD,Median Width-linked RD,Median Type-linked RD,Urban Type-linked RD,Functional Classification-linked RD,Urbanized Area-linked RD,Federal Aid Route Number-linked RD,Facility Type-linked RD,Street Operation-linked RD,Access Control-linked RD,Number of Peak Hour Lanes-linked RD,Speed Limit-linked RD,Street Name-linked RD,From Street Name-linked RD,To Street Name-linked RD,City-linked RD-linked RD,Structural Condition-linked RD,Terrain-linked RD,Urban Location Type-linked RD,AADT Derivation-linked RD,AADT Station Number-linked RD,Opposing Direction Speed Limit-linked RD,Undivided Left Shoulder Type-linked RD,Undivided Left Shoulder Width-linked RD,Truck Exclusion Type-linked RD,Truck Exclusion Time-linked RD,Federal Functional Classification-linked RD
5504498,MALDEN,2/24/25,Property damage only (none injured),Open,10:13 AM,2025,No Apparent Injury (O),1,Local police,,,,,,10:00AM to 10:59AM,D1: (No improper driving) ,,Collision with other light pole or other post/support,Yes,Daylight,Single vehicle crash,4,,,, PW20254542954,Dry,Four-way intersection,MAPC,0,0,Traffic control signal,"Two-way, not divided",V1: Travelling straight ahead,"V1:(Single-unit truck (2-axle, 6-tires))",V1:(No),V1:(No),V1: W,Clear,MIDDLESEX,25000172,"V1:(No, not federally reportable)","No, not federally reportable",Roadway,At Intersection,No hit and run,,V1:(Collision with light pole or other post/support),"Traffic control device inoperative, missing, or obscured","No, school bus not involved",25,"Yes, device functioning", V1:(Collision with light  pole or other post/support),No,,,,,,,,234522.1406,908180.7501,42.4233817,-71.08051592,, CHARLES ST Rte    / HIGHLAND AV Rte,,,,,,,,,,,2774,2020,0.21,134,0,17,Both sides,City or Town accepted road,,7,7,0,No Shoulder,30,Bituminous concrete road,0,No Shoulder,2,0,0,None,Large Urbanized Area,Urban collector or rural minor collector,Boston (MA-NH-RI),,Mainline roadway,Two-way traffic,No Access Control,,99,CHARLES STREET,MAIN STREET,FELLSWAY,MALDEN,Good,Level Terrain,,Grown from Prior Year HPMS Network,,99,0,0,,,Major Collector
5504499,MALDEN,2/21/25,Property damage only (none injured),Open,8:19 PM,2025,No Apparent Injury (O),2,Local police,,21-24,21-24,,,08:00PM to 08:59PM,D2: (No improper driving) ,D2: Not Distracted,Collision with motor vehicle in traffic,Yes,Daylight,"Sideswipe, opposite direction",4,,,, PW20254542955,Dry,Not at junction,MAPC,0,0,No controls,"Two-way, not divided",V1: Travelling straight ahead / V2: Travelling straight ahead,V1:(Passenger car) / V2:(Passenger car),V1:(No) / V2:(No),V1:(No) / V2:(No),V1: E  / V2: W,Clear,MIDDLESEX,25000168,"V1:(No, not federally reportable) / V2:(No, not federally reportable)","No, not federally reportable",Roadway,At Address,"Yes, hit and run",,V1:(Collision with motor vehicle in traffic) / V2:(Collision with motor vehicle in traffic),Traffic congestion related,"No, school bus not involved",25,"No, device not functioning", V1:(Collision with motor vehicle in traffic) V2:(Collision with motor vehicle in traffic),No,,,,,,,,234269.0605,908159.2872,42.42319965,-71.08359236,390, CHARLES ST Rte W,,,,,,,,,,,2774,2020,0.21,134,0,17,Both sides,City or Town accepted road,,7,7,0,No Shoulder,30,Bituminous concrete road,0,No Shoulder,2,0,0,None,Large Urbanized Area,Urban collector or rural minor collector,Boston (MA-NH-RI),,Mainline roadway,Two-way traffic,No Access Control,,99,CHARLES STREET,MAIN STREET,FELLSWAY,MALDEN,Good,Level Terrain,,Grown from Prior Year HPMS Network,,99,0,0,,,Major Collector
5504500,MALDEN,2/24/25,Non-fatal injury,Open,4:04 PM,2025,Suspected Minor Injury (B),2,Local police,,16-17,21-24,,,04:00PM to 04:59PM,D1: (Unknown)  / D2: (Unknown) ,,Collision with motor vehicle in traffic,Yes,Daylight,Angle,4,,,, PW20254542956,Dry,T-intersection,MAPC,0,1,No controls,"Two-way, divided, unprotected median",V1: Turning left / V2: Travelling straight ahead,V1:(Passenger car) / V2:(Passenger car),V1:(No) / V2:(No),"V1:(No) / V2:(Yes, vehicle or trailer disabled)",V1: S  / V2: W,Cloudy,MIDDLESEX,25000173,"V1:(No, not federally reportable) / V2:(No, not federally reportable)","No, not federally reportable",Roadway,At Intersection,No hit and run,,V1:(Collision with motor vehicle in traffic) / V2:(Collision with motor vehicle in traffic),None,"No, school bus not involved",25,Not reported, V1:(Collision with motor vehicle in traffic) V2:(Collision with motor vehicle in traffic),No,,,,,,,,237441.0936,908200.1252,42.42342143,-71.04504664,, TAYLOR ST Rte W  / SEA ST Rte S,,,,,,,,,,,2609,2020,0.21,128,0,15,Both sides,City or Town accepted road,,8,8,0,No Shoulder,33,Surface-treated road,0,No Shoulder,2,0,0,None,Large Urbanized Area,Urban collector or rural minor collector,Boston (MA-NH-RI),,Mainline roadway,Two-way traffic,No Access Control,,99,TAYLOR STREET,BROADWAY,EVERETT CITY LINE,MALDEN,Good,Level Terrain,,Grown from Prior Year HPMS Network,,99,0,0,,,Major Collector
5504501,MALDEN,2/25/25,Property damage only (none injured),Open,12:40 PM,2025,No Apparent Injury (O),2,Local police,,21-24,21-24,,,12:00PM to 12:59PM,D2: (Other improper action) ,,Collision with parked motor vehicle,Yes,Daylight,Angle,4,,,, PW20254542957,Dry,T-intersection,MAPC,0,0,No controls,"Two-way, not divided",V1: Parked / V2: Turning left,"V1:(Passenger car) / V2:(Light truck(van, mini-van, pickup, sport utility))",V1:(No) / V2:(No),V1:(No) / V2:(No),V1: Not Reported / V2: N,Clear,MIDDLESEX,25000175,"V1:(No, not federally reportable) / V2:(No, not federally reportable)","No, not federally reportable",Shoulder - paved,At Intersection,No hit and run,,V1:(Collision with motor vehicle in traffic) / V2:(Collision with parked motor vehicle),None,"No, school bus not involved",25,"No, device not functioning", V1:(Collision with motor vehicle in traffic) V2:(Collision with parked motor vehicle),No,,,,,,,,238923.1877,909307.6877,42.43331968,-71.02696318,, BRENTWOOD ST Rte    / LAWRENCE ST Rte,,,,,,,,,,,1154,,,,,,Both sides,City or Town accepted road,,6,6,0,No Shoulder,26,Bituminous concrete road,0,No Shoulder,2,0,0,None,Large Urbanized Area,Local,Boston (MA-NH-RI),,Mainline roadway,Two-way traffic,No Access Control,,,BRENTWOOD STREET,LAWRENCE STREET,SALEM STREET,MALDEN,Good,Level Terrain,,,,,0,0,,,Local
5504502,MALDEN,2/26/25,Non-fatal injury,Open,3:24 PM,2025,Suspected Minor Injury (B),2,Local police,,35-44,35-44,,,03:00PM to 03:59PM,D1: (No improper driving) ,D1: Not Distracted,Collision with motor vehicle in traffic,Yes,Daylight,Head-on,4,,,, PW20254542958,Dry,T-intersection,MAPC,0,1,Stop signs,"Two-way, not divided",V1: Travelling straight ahead / V2: Travelling straight ahead,V1:(Passenger car) / V2:(Passenger car),V1:(No) / V2:(No),V1:(No) / V2:(No),V1: E  / V2: N,Clear,MIDDLESEX,25000176,"V1:(No, not federally reportable) / V2:(No, not federally reportable)","No, not federally reportable",Roadway,At Intersection,No hit and run,,V1:(Collision with motor vehicle in traffic) / V2:(Collision with motor vehicle in traffic),None,"No, school bus not involved",30,"Yes, device functioning", V1:(Collision with motor vehicle in traffic) V2:(Collision with motor vehicle in traffic),No,,,,,,,,237244.7184,908905.5001,42.42978098,-71.04738731,, CRYSTAL ST Rte N  / EASTERN AV Rte E,,,,,,,,,,,1154,,,,,,Both sides,City or Town accepted road,,10,8,0,No Shoulder,40,Bituminous concrete road,0,No Shoulder,2,0,0,None,Large Urbanized Area,Local,Boston (MA-NH-RI),,Mainline roadway,Two-way traffic,No Access Control,,,CRYSTAL STREET,MAPLEWOOD STREET,EASTERN AVENUE,MALDEN,Good,Level Terrain,,,,,0,0,,,Local
5504506,MALDEN,2/20/25,Property damage only (none injured),Open,4:31 PM,2025,No Apparent Injury (O),2,Local police,,25-34,35-44,,,04:00PM to 04:59PM,D1: (Inattention)  / D2: (No improper driving) ,D1: Not Distracted / D2: Not Distracted,Collision with motor vehicle in traffic,Yes,Daylight,Head-on,4,,,, PW20254542934,Dry,Four-way intersection,MAPC,0,0,Traffic control signal,"Two-way, not divided",V1: Turning left / V2: Travelling straight ahead,V1:(Passenger car) / V2:(Passenger car),V1:(No) / V2:(No),V1:(No) / V2:(No),V1: W  / V2: S,Clear,MIDDLESEX,25000167,"V1:(No, not federally reportable) / V2:(No, not federally reportable)","No, not federally reportable",Roadway,At Intersection,"Yes, hit and run",,V1:(Collision with motor vehicle in traffic) / V2:(Collision with motor vehicle in traffic),None,"No, school bus not involved",30,"Yes, device functioning", V1:(Collision with motor vehicle in traffic) V2:(Collision with motor vehicle in traffic),No,,,,,,,,235339.0023,907601.4569,42.41813,-71.0706257,, GREEN ST Rte W  / MEDFORD ST Rte S,,,,,,,,,,,2824,2020,0.21,137,0,17,None,City or Town accepted road,,5,5,0,No Shoulder,30,Bituminous concrete road,2,Unstable shoulder,2,0,0,None,Large Urbanized Area,Urban collector or rural minor collector,Boston (MA-NH-RI),,Mainline roadway,Two-way traffic,No Access Control,,99,GREEN STREET,BOW STREET,EVERETT CITY LINE,MALDEN,Good,Level Terrain,,Grown from Prior Year HPMS Network,,99,0,0,,,Major Collector
5504507,MALDEN,2/15/25,Unknown,Open,9:00 PM,2025,Unknown,1,Local police,,18-20,18-20,,,09:00PM to 09:59PM,D1: (Unknown) ,,Collision with other light pole or other post/support,Yes,Dark - lighted roadway,Single vehicle crash,4,,,, PW20254542919,Snow,Four-way intersection,MAPC,0,0,Traffic control signal,"Two-way, divided, unprotected median",V1: Unknown,V1:(Passenger car),V1:(No),V1:(No),V1: U,Snow,MIDDLESEX,25000144,"V1:(No, not federally reportable)","No, not federally reportable",Roadway,At Address,"Yes, hit and run",,V1:(Collision with light pole or other post/support),"Road surface condition (wet, icy, snow, slush, etc.)","No, school bus not involved",25,"Yes, device functioning", V1:(Collision with light  pole or other post/support),No,,,,,,,,235810.6539,908336.8206,42.42472862,-71.06484958,118, FERRY ST Rte W,,,,,,,,,,,7281,2020,0.477,356,0.068,44,Both sides,City or Town accepted road,,9,9,0,No Shoulder,42,Bituminous concrete road,0,No Shoulder,2,0,0,None,Large Urbanized Area,Urban minor arterial or rural major collector,Boston (MA-NH-RI),,Mainline roadway,Two-way traffic,No Access Control,,30,FERRY STREET,EVERETT CITY LINE,MAIN STREET,MALDEN,Good,Level Terrain,,Grown from Prior Year HPMS Network,,30,0,0,,,Minor Arterial
5506615,MALDEN,3/2/25,Property damage only (none injured),Open,4:50 PM,2025,No Apparent Injury (O),2,State police,A,25-34,25-34,,,04:00PM to 04:59PM,D1: (Followed too closely)  / D2: (No improper driving) ,D2: Not Distracted,Collision with motor vehicle in traffic,Yes,Daylight,Rear-end,4,,,, PW20254545248,Dry,Off-ramp,MAPC,0,0,No controls,Unknown,V1: Travelling straight ahead / V2: Travelling straight ahead,V1:(Passenger car) / V2:(Passenger car),,V1:(No) / V2:(No),V1: N  / V2: N,Clear/Clear,MIDDLESEX, 2025-ATrp-2194,"V1:(No, not federally reportable) / V2:(No, not federally reportable)","No, not federally reportable",Roadway,At Intersection,No hit and run,,V1:(Collision with motor vehicle in traffic) / V2:(Collision with motor vehicle in traffic),Traffic congestion related,"No, school bus not involved",25,Not reported, V1:(Collision with motor vehicle in traffic) V2:(Collision with motor vehicle in traffic),No,,,,,,,,239389.696,909675.6973,42.43660925,-71.02126868,, ROUTE 1 N Rte N  / SALEM ST Rte,,,,,,,,,,,67306,2020,0.153,1585,0.049,736,Right side only,Massachusetts Department of Transportation,,0,5,2,Hardened bituminous mix or penetration,24,Bituminous concrete road,4,Hardened bituminous mix or penetration,2,2,4,Positive Barrier – rigid,Large Urbanized Area,Rural or urban principal arterial,Boston (MA-NH-RI),,Mainline roadway,Two-way traffic,Full Access Control,,50,CUTLER HIGHWAY,RAMP-RT 1 NB TO SALEM ST,NORTHEAST EXPRESSWAY,REVERE,Fair,Level Terrain,,Pulled back from HPMS network estimation routine,,0,0,0,,,Principal Arterial - Other Freeways or Expressways
5508714,MALDEN,3/5/25,Property damage only (none injured),Open,11:00 PM,2025,No Apparent Injury (O),2,MBTA police,,25-34,45-54,,,11:00PM to 11:59PM,D1: (No improper driving)  / D2: (Unknown) ,D1: Not Distracted,Collision with motor vehicle in traffic,Yes,Dark - lighted roadway,Angle,4,,,, PW20254547531,Wet,T-intersection,MAPC,0,0,No controls,"Two-way, not divided",V1: Travelling straight ahead / V2: Travelling straight ahead,"V1:(Bus (seats for 16 or more, including driver)) / V2:(Passenger car)",V1:(No) / V2:(No),V1:(No) / V2:(No),V1: N  / V2: W,Rain,MIDDLESEX, 2025-0000873(A),"V1:(No, not federally reportable) / V2:(No, not federally reportable)","No, not federally reportable",Roadway,At Intersection,No hit and run,,V1:(Collision with motor vehicle in traffic) / V2:(Collision with motor vehicle in traffic),None,"No, school bus not involved",25,Not reported, V1:(Collision with motor vehicle in traffic) V2:(Collision with motor vehicle in traffic),No,,,,,,,,235966.0431,908172.7537,42.42324445,-71.06297163,, FERRY STREET Rte N  / WALNUT STREET Rte W,,,,,,,,,,,7281,2020,0.477,356,0.068,44,Both sides,City or Town accepted road,,9,9,0,No Shoulder,40,Bituminous concrete road,0,No Shoulder,2,0,0,None,Large Urbanized Area,Urban minor arterial or rural major collector,Boston (MA-NH-RI),,Mainline roadway,Two-way traffic,No Access Control,,30,FERRY STREET,EVERETT CITY LINE,MAIN STREET,MALDEN,Good,Level Terrain,,Grown from Prior Year HPMS Network,,30,0,0,,,Minor Arterial
5514251,MALDEN,3/3/25,Non-fatal injury,Open,1:19 PM,2025,Possible Injury (C),1,Local police,,25-34,25-34,25-34,25-34,01:00PM to 01:59PM,D1: (Unknown) ,D1: Not Distracted,Collision with pedestrian,Yes,Daylight,Angle,4, VU2: Entering or crossing location, VU2: In roadway, VU2: Pedestrian, PW20254553545,Dry,Not at junction,MAPC,0,1,No controls,"Two-way, not divided",V1: Travelling straight ahead,V1:(Passenger car),V1:(No),V1:(No),V1: S,Clear,MIDDLESEX,25000181,"V1:(No, not federally reportable)","No, not federally reportable",Roadway,At Address,No hit and run,,V1:(Collision with pedestrian),None,"No, school bus not involved",25,Not reported, V1:(Collision with pedestrian),No, VU2:(Crossing Roadway),,,,,,,234829.5966,908063.6833,42.42231413,-71.07678709,173, PEARL ST Rte S,,,,,,,,,,,2754,2020,0.21,133,0,17,Both sides,City or Town accepted road,,8,8,0,No Shoulder,24,Bituminous concrete road,0,No Shoulder,2,0,0,None,Large Urbanized Area,Urban collector or rural minor collector,Boston (MA-NH-RI),,Mainline roadway,Two-way traffic,No Access Control,,99,PEARL STREET,EVERETT CITY LINE,PLEASANT STREET,MALDEN,Good,Level Terrain,,Grown from Prior Year HPMS Network,,99,0,0,,,Major Collector
5514257,MALDEN,3/9/25,Unknown,Open,12:30 PM,2025,Not reported,1,Local police,,,,,,12:00PM to 12:59PM,,,Collision with parked motor vehicle,Yes,Unknown,Rear-end,4,,,, PW20254553552,Unknown,Not at junction,MAPC,0,0,No controls,"Two-way, not divided",V1: Parked,V1:(Passenger car),V1:(No),V1:(No),V1: Not Reported,Unknown,MIDDLESEX,25000198,"V1:(No, not federally reportable)","No, not federally reportable",Roadside,At Address,"Yes, hit and run",,V1:(Collision with motor vehicle in traffic),Unknown,"No, school bus not involved",25,"Yes, device functioning", V1:(Collision with motor vehicle in traffic),No,,,,,,,,235894.6943,908230.7273,42.42376965,-71.06383498,179, FERRY ST Rte 6,,,,,,,,,,,7281,2020,0.477,356,0.068,44,Both sides,City or Town accepted road,,8,8,0,No Shoulder,44,Bituminous concrete road,0,No Shoulder,2,0,0,None,Large Urbanized Area,Urban minor arterial or rural major collector,Boston (MA-NH-RI),,Mainline roadway,Two-way traffic,No Access Control,,30,FERRY STREET,EVERETT CITY LINE,MAIN STREET,MALDEN,Good,Level Terrain,,Grown from Prior Year HPMS Network,,30,0,0,,,Minor Arterial
5514258,MALDEN,3/7/25,Property damage only (none injured),Open,2:51 PM,2025,No Apparent Injury (O),2,Local police,,55-64,65-74,,,02:00PM to 02:59PM,"D1: (No improper driving),(No improper driving)  / D2: (Inattention) ",D1: Not Distracted,Collision with motor vehicle in traffic,Yes,Daylight,Rear-end,4,,,, PW20254553553,Dry,Not at junction,MAPC,0,0,No controls,"Two-way, divided, unprotected median",V1: Slowing or stopped in traffic / V2: Travelling straight ahead,"V1:(Light truck(van, mini-van, pickup, sport utility)) / V2:(Passenger car)",V1:(No) / V2:(No),V1:(No) / V2:(No),V1: N  / V2: N,Clear,MIDDLESEX,25000188,"V1:(No, not federally reportable) / V2:(No, not federally reportable)","No, not federally reportable",Roadway,At Address,No hit and run,,V1:(Collision with motor vehicle in traffic) / V2:(Collision with motor vehicle in traffic),None,"No, school bus not involved",25,"No, device not functioning", V1:(Collision with motor vehicle in traffic) V2:(Collision with parked motor vehicle),No,,,,,,,,238440.1103,909957.2711,42.43919152,-71.0327907,535, BROADWAY Rte N,,,,,,,,,,,25097,2020,0.33,977,0.105,276,Right side only,City or Town accepted road,,0,10,0,No Shoulder,16,Bituminous concrete road,0,No Shoulder,1,1,10,Unprotected,Large Urbanized Area,Rural minor arterial or urban principal arterial,Boston (MA-NH-RI),,Mainline roadway,Two-way traffic,No Access Control,,30,BROADWAY,EVERETT CITY LINE,MELROSE CITY LINE,MALDEN,Good,Level Terrain,,Grown from Prior Year HPMS Network,,0,0,0,,,Principal Arterial - Other
5514261,MALDEN,3/10/25,Property damage only (none injured),Open,5:48 AM,2025,No Apparent Injury (O),2,Local police,,45-54,65-74,,,05:00AM to 05:59AM,D1: (Unknown)  / D2: (Unknown) ,,Collision with motor vehicle in traffic,Yes,Dark - lighted roadway,Angle,4,,,, PW20254553555,Dry,T-intersection,MAPC,0,0,Traffic control signal,"Two-way, not divided",V1: Turning left / V2: Backing,V1:(Passenger car) / V2:(Passenger car),V1:(No) / V2:(No),V1:(No) / V2:(No),V1: E  / V2: N,Clear,MIDDLESEX,25000199,"V1:(No, not federally reportable) / V2:(No, not federally reportable)","No, not federally reportable",Unknown,At Intersection,No hit and run,,V1:(Collision with motor vehicle in traffic) / V2:(Collision with motor vehicle in traffic),Unknown,"No, school bus not involved",25,"Yes, device functioning", V1:(Collision with motor vehicle in traffic) V2:(Collision with motor vehicle in traffic),No,,,,,,,,234294.6083,909349.94,42.43391741,-71.08321124,, GLENWOOD ST Rte E  / HIGHLAND AV Rte N,,,,,,,,,,,2710,2020,0.21,131,0,16,Right side only,City or Town accepted road,,7,7,0,No Shoulder,31,Bituminous concrete road,0,No Shoulder,2,0,0,None,Large Urbanized Area,Urban collector or rural minor collector,Boston (MA-NH-RI),,Mainline roadway,Two-way traffic,No Access Control,,99,GLENWOOD STREET,HIGHLAND AVENUE,WASHINGTON STREET,MALDEN,Good,Level Terrain,,Grown from Prior Year HPMS Network,,99,0,0,,,Major Collector
5514262,MALDEN,3/8/25,Non-fatal injury,Open,6:46 PM,2025,Possible Injury (C),2,Local police,,25-34,35-44,,,06:00PM to 06:59PM,D1: (No improper driving)  / D2: (Unknown) ,D1: Not Distracted,Collision with motor vehicle in traffic,Yes,Dark - lighted roadway,Rear-end,4,,,, PW20254553568,Dry,Not at junction,MAPC,0,2,No controls,"Two-way, not divided",V1: Travelling straight ahead / V2: Travelling straight ahead,V1:(Passenger car) / V2:(Passenger car),V1:(No) / V2:(No),V1:(No) / V2:(No),V1: N  / V2: N,Clear,MIDDLESEX,25000193,"V1:(No, not federally reportable) / V2:(No, not federally reportable)","No, not federally reportable",Roadway,At Address,No hit and run,,V1:(Collision with motor vehicle in traffic) / V2:(Collision with motor vehicle in traffic),None,"No, school bus not involved",25,Not reported, V1:(Collision with motor vehicle in traffic) V2:(Collision with motor vehicle in traffic),No,,,,,,,,235625.9894,908545.1619,42.42661268,-71.06708063,421, MAIN ST Rte N,,,,,,,,,,,10345,2020,0.164,213,0.01,28,Both sides,City or Town accepted road,,0,10,0,No Shoulder,20,Bituminous concrete road,0,No Shoulder,1,1,3,Raised Median,Large Urbanized Area,Rural minor arterial or urban principal arterial,Boston (MA-NH-RI),,Mainline roadway,Two-way traffic,No Access Control,,30,MAIN STREET,MELROSE CITY LINE,EVERETT CITY LINE,MALDEN,Good,Level Terrain,,Pulled back from HPMS network estimation routine,,30,0,0,,,Principal Arterial - Other
5514263,MALDEN,3/6/25,Property damage only (none injured),Open,5:28 PM,2025,No Apparent Injury (O),3,Local police,,18-20,18-20,,,05:00PM to 05:59PM,D3: (Unknown) ,,Collision with motor vehicle in traffic,Yes,Dark - lighted roadway,Angle,4,,,, PW20254553556,Wet,Four-way intersection,MAPC,0,0,No controls,"Two-way, divided, unprotected median",V1: Travelling straight ahead / V2: Travelling straight ahead / V3: Travelling straight ahead,V1:(Passenger car) / V2:(Passenger car) / V3:(Passenger car),V1:(No) / V2:(No) / V3:(No),V1:(No) / V2:(No) / V3:(No),V1: S  / V2: S  / V3: N,Rain,MIDDLESEX,25000186,"V1:(No, not federally reportable) / V2:(No, not federally reportable) / V3:(No, not federally reportable)","No, not federally reportable",Roadway,At Intersection,"Yes, hit and run",,V1:(Collision with motor vehicle in traffic) / V2:(Collision with motor vehicle in traffic) / V3:(Collision with motor vehicle in traffic),Unknown,"No, school bus not involved",25,Not reported, V1:(Collision with motor vehicle in traffic) V2:(Collision with motor vehicle in traffic) V3:(Collision with motor vehicle in traffic),No,,,,,,,,237495.1562,909356.0625,42.43382517,-71.04431469,, LAUREL ST Rte S  / SALEM ST Rte 6,,,,,,,,,,,1154,,,,,,Both sides,City or Town accepted road,,5,10,0,No Shoulder,30,Bituminous concrete road,0,No Shoulder,2,0,0,None,Large Urbanized Area,Local,Boston (MA-NH-RI),,Mainline roadway,Two-way traffic,No Access Control,,,LAUREL STREET,WEBSTER STREET,GRANITE STREET,MALDEN,Good,Level Terrain,,,,,0,0,,,Local
5514264,MALDEN,3/8/25,Non-fatal injury,Open,4:39 PM,2025,Suspected Minor Injury (B),1,Local police,,45-54,45-54,35-44,35-44,04:00PM to 04:59PM,D1: (No improper driving) ,,Collision with pedestrian,Yes,Daylight,Single vehicle crash,4, VU2: Entering or crossing location, VU2: Marked crosswalk at intersection (includes use of paint raised or other roadway material), VU2: Pedestrian, PW20254553570,Dry,Four-way intersection,MAPC,0,1,No controls,"Two-way, not divided",V1: Turning right,V1:(Passenger car),V1:(No),V1:(No),V1: E,Clear,MIDDLESEX,25000194,"V1:(No, not federally reportable)","No, not federally reportable",Roadway,At Intersection,No hit and run,,V1:(Collision with pedestrian),None,"No, school bus not involved",25,"Yes, device functioning", V1:(Collision with pedestrian),No, VU2:(Crossing Roadway),, VU2: Person - Crossing guard,,,,,236120.1873,908333.1873,42.42468163,-71.0610886,, HOLYOKE ST Rte 6  / STEARNS ST Rte 6,,,,,,,,,,,1154,,,,,,Both sides,City or Town accepted road,,7,7,0,No Shoulder,25,Bituminous concrete road,0,No Shoulder,2,0,0,None,Large Urbanized Area,Local,Boston (MA-NH-RI),,Mainline roadway,One-way traffic,No Access Control,,,HOLYOKE STREET,FERRY STREET,FRANKLIN STREET,MALDEN,Good,Level Terrain,,,,,0,0,,,Local
5514265,MALDEN,3/1/25,Non-fatal injury,Open,12:15 PM,2025,Possible Injury (C),2,Local police,,18-20,45-54,,,12:00PM to 12:59PM,"D1: (Unknown),(Unknown)  / D2: (No improper driving),(No improper driving) ",D1: Not Distracted / D2: Not Distracted,Collision with motor vehicle in traffic,Yes,Daylight,Angle,4,,,, PW20254553572,Dry,T-intersection,MAPC,0,1,Stop signs,"Two-way, not divided",V1: Slowing or stopped in traffic / V2: Travelling straight ahead,"V1:(Light truck(van, mini-van, pickup, sport utility)) / V2:(Light truck(van, mini-van, pickup, sport utility))",V1:(No) / V2:(No),V1:(No) / V2:(No),V1: S  / V2: W,Cloudy/Cloudy,MIDDLESEX,25000180,"V1:(No, not federally reportable) / V2:(No, not federally reportable)","No, not federally reportable",Roadway,At Intersection,No hit and run,,V1:(Collision with motor vehicle in traffic) / V2:(Collision with motor vehicle in traffic),None,"No, school bus not involved",25,Not reported, V1:(Collision with motor vehicle in traffic) V2:(Collision with motor vehicle in traffic),No,,,,,,,,238512.4618,908824.1252,42.42898681,-71.03198691,, LYNN ST Rte W  / PRENTISS ST Rte S,,,,,,,,,,,7111,2020,0.232,349,0,42,Both sides,City or Town accepted road,,0,0,0,No Shoulder,36,Bituminous concrete road,0,No Shoulder,2,0,0,None,Large Urbanized Area,Urban minor arterial or rural major collector,Boston (MA-NH-RI),,Mainline roadway,Two-way traffic,No Access Control,,35,LYNN STREET,EVERETT CITY LINE,REVERE CITY LINE,MALDEN,Good,Level Terrain,,Grown from Prior Year HPMS Network,,40,0,0,,,Minor Arterial
5514266,MALDEN,3/8/25,Property damage only (none injured),Open,1:04 AM,2025,No Apparent Injury (O),3,Local police,,25-34,25-34,,,01:00AM to 01:59AM,D3: (Unknown) ,,Collision with parked motor vehicle,Yes,Dark - lighted roadway,"Sideswipe, same direction",4,,,, PW20254553558,Dry,Not at junction,MAPC,0,0,No controls,"Two-way, not divided",V1: Parked / V2: Parked / V3: Travelling straight ahead,V1:(Passenger car) / V2:(Passenger car) / V3:(Passenger car),V1:(No) / V2:(No) / V3:(No),"V1:(No) / V2:(No) / V3:(Yes, vehicle or trailer disabled)",V1:    / V2:    / V3: S,Clear,MIDDLESEX,25000191,"V1:(No, not federally reportable) / V2:(No, not federally reportable) / V3:(No, not federally reportable)","No, not federally reportable",Roadway,At Address,No hit and run,,V1:(Collision with motor vehicle in traffic) / V2:(Collision with motor vehicle in traffic) / V3:(Collision with parked motor vehicle),None,"No, school bus not involved",25,"Yes, device functioning", V1:(Collision with motor vehicle in traffic) V2:(Collision with motor vehicle in traffic) V3:(Collision with parked motor vehicle),No,,,,,,,,235891.0857,908233.7264,42.42379681,-71.06387864,174, FERRY ST Rte S,,,,,,,,,,,7281,2020,0.477,356,0.068,44,Both sides,City or Town accepted road,,8,8,0,No Shoulder,44,Bituminous concrete road,0,No Shoulder,2,0,0,None,Large Urbanized Area,Urban minor arterial or rural major collector,Boston (MA-NH-RI),,Mainline roadway,Two-way traffic,No Access Control,,30,FERRY STREET,EVERETT CITY LINE,MAIN STREET,MALDEN,Good,Level Terrain,,Grown from Prior Year HPMS Network,,30,0,0,,,Minor Arterial