Crash Number,City Town Name,Crash Date,Crash Severity,Crash Status,Crash Time,Crash Year,Max Injury Severity Reported,Number of Vehicles,Police Agency Type,State Police Troop,Age of Driver - Youngest Known,Age of Driver - Oldest Known,Age of Vulnerable User - Youngest Known,Age of Vulnerable User - Oldest Known,Crash Hour,Driver Contributing Circumstances (All Drivers),Driver Distracted By (All Vehicles),First Harmful Event,Is Geocoded,Light Conditions,Manner of Collision,MassDOT District,Vulnerable User Action (All Persons),Vulnerable User Location (All Persons),Vulnerable User Type (All Persons),RMV Document Numbers,Road Surface Condition,Roadway Junction Type,RPA Abbreviation,Total Fatalities,Total Non-Fatal Injuries,Traffic Control Device Type,Trafficway Description,Vehicle Actions Prior to Crash (All Vehicles),Vehicle Configuration (All Vehicles),Vehicle Emergency Use (All Vehicles),Vehicle Towed From Scene (All Vehicles),Vehicle Travel Directions (All Vehicles),Weather Conditions,County Name,Crash Report IDs,FMCSA Reportable (All Vehicles),FMCSA Reportable (Crash),First Harmful Event Location,Geocoding Method,Hit and Run,Locality,Most Harmful Event (All Vehicles),Road Contributing Circumstance,School Bus Related,Speed Limit,Traffic Control Device Function,Vehicle Sequence of Events (All Vehicles),Work Zone Related,Vulnerable User Sequence of Events (All Persons),Vulnerable User Distracted By (All Persons),Vulnerable User Traffic Control Type (All persons),Vulnerable User Origin Destination (All Persons),Vulnerable User Contributing Circumstances (All Persons),Vulnerable User Alcohol Suspected Type (All Persons),Vulnerable User Drug Suspected Type (All Persons),X,Y,Latitude,Longitude,Street Number,Roadway,Near Intersection Roadway,Distance and Direction From Intersection,Milemarker,Milemarker Route,Distance and Direction From Milemarker,Exit Number,Exit Route,Distance and Direction From Exit,Landmark,Distance and Direction From Landmark,AADT-linked RD,AADT Year-linked RD,Peak % Single Unit Trucks-linked RD,Single-Unit Truck and Bus AADT-linked RD,Peak % Combo Trucks-linked RD,Combination Truck AADT-linked RD,Curb-linked RD-linked RD,Jurisdiction-linked RD,Truck Route-linked RD,Left Sidewalk Width-linked RD,Right Sidewalk Width-linked RD,Left Shoulder Width-linked RD,Left Shoulder Type-linked RD,Surface Width-linked RD,Surface Type-linked RD,Right Shoulder Width-linked RD,Right Shoulder Type-linked RD,Number of Travel Lanes-linked RD,Number of Opposing Travel Lanes-linked RD,Median Width-linked RD,Median Type-linked RD,Urban Type-linked RD,Functional Classification-linked RD,Urbanized Area-linked RD,Federal Aid Route Number-linked RD,Facility Type-linked RD,Street Operation-linked RD,Access Control-linked RD,Number of Peak Hour Lanes-linked RD,Speed Limit-linked RD,Street Name-linked RD,From Street Name-linked RD,To Street Name-linked RD,City-linked RD-linked RD,Structural Condition-linked RD,Terrain-linked RD,Urban Location Type-linked RD,AADT Derivation-linked RD,AADT Station Number-linked RD,Opposing Direction Speed Limit-linked RD,Undivided Left Shoulder Type-linked RD,Undivided Left Shoulder Width-linked RD,Truck Exclusion Type-linked RD,Truck Exclusion Time-linked RD,Federal Functional Classification-linked RD
5514268,MALDEN,3/15/25,Property damage only (none injured),Open,11:39 PM,2025,No Apparent Injury (O),2,Local police,,21-24,25-34,,,11:00PM to 11:59PM,D1: (Unknown)  / D2: (Unknown) ,,Collision with motor vehicle in traffic,Yes,Dark - lighted roadway,Rear-end,4,,,, PW20254553571,Dry,Not at junction,MAPC,0,0,No controls,"Two-way, divided, unprotected median",V1: Travelling straight ahead / V2: Slowing or stopped in traffic,V1:(Passenger car) / V2:(Passenger car),V1:(No) / V2:(No),V1:(No) / V2:(No),V1: W  / V2: W,Cloudy,MIDDLESEX,25000216,"V1:(No, not federally reportable) / V2:(No, not federally reportable)","No, not federally reportable",Roadway,Operator Designated,"Yes, hit and run",,V1:(Collision with motor vehicle in traffic) / V2:(Other),Unknown,"No, school bus not involved",25,Not reported, V1:(Collision with motor vehicle in traffic) V2:(Other),No,,,,,,,,235971.7106,907751.0572,42.41944785,-71.06292902,57, CROSS STREET,,,,,,,,,,,2818,2020,0.21,137,0,17,Both sides,City or Town accepted road,,9,9,0,No Shoulder,30,Bituminous concrete road,0,No Shoulder,2,0,0,None,Large Urbanized Area,Urban collector or rural minor collector,Boston (MA-NH-RI),,Mainline roadway,Two-way traffic,No Access Control,,99,CROSS STREET,MAIN STREET,BRYANT STREET,MALDEN,Good,Level Terrain,,Grown from Prior Year HPMS Network,,99,0,0,,,Major Collector
5514270,MALDEN,3/10/25,Unknown,Open,9:17 AM,2025,Not reported,1,Local police,,,,,,09:00AM to 09:59AM,,,Unknown,Yes,Unknown,Unknown,4,,,, PW20254553574,Unknown,Unknown,MAPC,0,0,No controls,Unknown,V1: Parked,V1:(Passenger car),V1:(No),V1:(No),V1: S,Unknown,MIDDLESEX,25000200,"V1:(No, not federally reportable)","No, not federally reportable",Unknown,At Address,"Yes, hit and run",,V1:(Unknown),Unknown,"No, school bus not involved",25,Not reported,,No,,,,,,,,237103.1318,909912.8246,42.43885617,-71.04904317,195, COLUMBIA ST Rte S,,,,,,,,,,,1154,,,,,,Both sides,City or Town accepted road,,7,7,0,No Shoulder,25,Bituminous concrete road,0,No Shoulder,2,0,0,None,Large Urbanized Area,Local,Boston (MA-NH-RI),,Mainline roadway,Two-way traffic,No Access Control,,,COLUMBIA STREET,SYLVAN STREET,SALEM STREET,MALDEN,Good,Level Terrain,,,,,0,0,,,Local
5514271,MALDEN,3/13/25,Unknown,Open,6:44 AM,2025,Not reported,1,Local police,,,,,,06:00AM to 06:59AM,,,Collision with cyclist,Yes,Dawn,Angle,4,,,, PW20254553575,Dry,T-intersection,MAPC,0,0,Stop signs,"Two-way, not divided",V1: Turning right,V1:(Passenger car),V1:(No),V1:(No),V1: E,Clear,MIDDLESEX,25000209,"V1:(No, not federally reportable)","No, not federally reportable",Roadway,At Intersection,No hit and run,,V1:(Collision with unknown movable object),None,"No, school bus not involved",30,"No, device not functioning", V1:(Collision with Other Vulnerable User),No,,,,,,,,239369.1438,909624.9853,42.43615376,-71.02152192,, LYNN ST Rte    / SALEM ST Rte,,,,,,,,,,,60480,2020,0.477,2963,0.068,363,None,City or Town accepted road,,5,5,0,No Shoulder,26,Bituminous concrete road,2,Stable - Unruttable compacted subgrade,2,0,0,None,Large Urbanized Area,Urban collector or rural minor collector,Boston (MA-NH-RI),,Mainline roadway,Two-way traffic,No Access Control,,99,LYNN STREET,SALEM STREET,MALDEN CITY LINE,REVERE,Fair,Level Terrain,,Grown from Prior Year HPMS Network,,99,0,0,,,Major Collector
5514272,MALDEN,3/10/25,Property damage only (none injured),Open,3:25 PM,2025,No Apparent Injury (O),3,Local police,,65-74,65-74,,,03:00PM to 03:59PM,D3: (Illness) ,,Collision with parked motor vehicle,Yes,Daylight,Angle,4,,,, PW20254553563,Dry,Driveway,MAPC,0,0,No controls,"One-way, not divided",V1: Parked / V2: Parked / V3: Travelling straight ahead,V1:(Passenger car) / V2:(Passenger car) / V3:(Passenger car),V1:(No) / V2:(No) / V3:(No),V1:(No) / V2:(No) / V3:(No),V1: Not Reported / V2: Not Reported / V3: S,Clear,MIDDLESEX,25000202,"V1:(No, not federally reportable) / V2:(No, not federally reportable) / V3:(No, not federally reportable)","No, not federally reportable",Outside roadway,At Address,No hit and run,,V1:(Collision with motor vehicle in traffic) / V2:(Collision with motor vehicle in traffic) / V3:(Collision with parked motor vehicle),None,"No, school bus not involved",25,"Yes, device functioning", V1:(Collision with motor vehicle in traffic) V2:(Collision with motor vehicle in traffic) V3:(Collision with parked motor vehicle),No,,,,,,,,236020.4485,907884.7757,42.42064941,-71.06232851,40, ASHLAND ST Rte S,,,,,,,,,,,1154,,,,,,Both sides,City or Town accepted road,,7,7,0,No Shoulder,24,Bituminous concrete road,0,No Shoulder,2,0,0,None,Large Urbanized Area,Local,Boston (MA-NH-RI),,Mainline roadway,Two-way traffic,No Access Control,,,ASHLAND STREET,MAIN STREET,WALNUT STREET,MALDEN,Good,Level Terrain,,,,,0,0,,,Local
5514273,MALDEN,3/16/25,Non-fatal injury,Open,11:11 PM,2025,Suspected Minor Injury (B),1,Local police,,21-24,21-24,,,11:00PM to 11:59PM,"D1: (Fatigued/asleep),(Failure to keep in proper lane or running off road) ",,Collision with tree,Yes,Dark - lighted roadway,Single vehicle crash,4,,,, PW20254553573,Dry,Not at junction,MAPC,0,1,No controls,"Two-way, not divided",V1: Travelling straight ahead,V1:(Passenger car),V1:(No),"V1:(Yes, vehicle or trailer disabled)",V1: N,Clear,MIDDLESEX,25000219,"V1:(No, not federally reportable)","No, not federally reportable",Outside roadway,At Address,No hit and run,,V1:(Collision with tree),None,"No, school bus not involved",25,Not reported, V1:(Collision with tree),No,,,,,,,,234222.8431,909424.0788,42.434588,-71.08407901,672, HIGHLAND AVE Rte N,,,,,,,,,,,14259,2020,0.632,812,0.109,115,Right side only,City or Town accepted road,,5,5,0,No Shoulder,20,Portland cement concrete road,11,Hardened bituminous mix or penetration,2,0,0,None,Large Urbanized Area,Urban minor arterial or rural major collector,Boston (MA-NH-RI),,Mainline roadway,Two-way traffic,No Access Control,,30,HIGHLAND AVENUE,MEDFORD CITY LINE,MEDFORD CITY LINE,MALDEN,Good,Level Terrain,,Pulled back from HPMS network estimation routine,,30,0,0,,,Minor Arterial
5514274,MALDEN,3/7/25,Unknown,Open,7:03 PM,2025,Not reported,1,Local police,,,,,,07:00PM to 07:59PM,,,Collision with parked motor vehicle,Yes,Dark - lighted roadway,Unknown,4,,,, PW20254553561,Dry,Not at junction,MAPC,0,0,No controls,"Two-way, divided, unprotected median",V1: Parked,V1:(Passenger car),V1:(No),V1:(No),V1: E,Clear,MIDDLESEX,25000190,"V1:(No, not federally reportable)","No, not federally reportable",Shoulder - paved,At Address,No hit and run,,V1:(Collision with parked motor vehicle),Unknown,"No, school bus not involved",25,Not reported, V1:(Collision with parked motor vehicle),No,,,,,,,,237441.9498,909348.1113,42.43375614,-71.04496182,721, SALEM ST Rte E,,,,,,,,,,,12663,2020,0.477,618,0.068,76,Both sides,City or Town accepted road,,10,9,0,No Shoulder,41,Bituminous concrete road,0,No Shoulder,2,0,0,None,Large Urbanized Area,Urban minor arterial or rural major collector,Boston (MA-NH-RI),,Mainline roadway,Two-way traffic,No Access Control,,30,SALEM STREET,MAIN STREET ,,MALDEN,Good,Level Terrain,,Grown from Prior Year HPMS Network,,30,0,0,,,Minor Arterial
5514275,MALDEN,3/12/25,Property damage only (none injured),Open,2:22 PM,2025,Not Applicable,1,Local police,,25-34,25-34,,,02:00PM to 02:59PM,"D1: (No improper driving),(No improper driving) ",D1: Not Distracted,Unknown,Yes,Daylight,Unknown,4,,,, PW20254553576,Dry,Not at junction,MAPC,0,0,No controls,"Two-way, not divided",V1: Parked,V1:(Passenger car),V1:(No),V1:(No),V1: U,Clear,MIDDLESEX,25000208,"V1:(No, not federally reportable)","No, not federally reportable",Outside roadway,At Address,"Yes, hit and run",,V1:(Unknown),Unknown,"No, school bus not involved",25,"No, device not functioning",,No,,,,,,,,234922.3011,907373.1315,42.41609326,-71.0757024,323, COMMERCIAL ST Rte 6,,,,,,,,,,,,,,,,,Both sides,City or Town accepted road,,0,7,7,Stable - Unruttable compacted subgrade,60,Bituminous concrete road,7,Stable - Unruttable compacted subgrade,1,1,10,Raised Median,Large Urbanized Area,Urban minor arterial or rural major collector,Boston (MA-NH-RI),,Mainline roadway,Two-way traffic,No Access Control,,30,COMMERCIAL STREET,PLEASANT STREET,MEDFORD CITY LINE,MALDEN,Good,Level Terrain,,,,0,0,0,,,Minor Arterial
5514276,MALDEN,3/10/25,Unknown,Open,2:22 PM,2025,Not reported,1,Local police,,,,,,02:00PM to 02:59PM,,,Unknown,Yes,Unknown,Unknown,4,,,, PW20254553562,Unknown,Unknown,MAPC,0,0,No controls,Unknown,V1: Unknown,,V1:(No),V1:(No),V1: U,Unknown,MIDDLESEX,25000201,"V1:(No, not federally reportable)","No, not federally reportable",Unknown,At Address,"Yes, hit and run",,V1:(Unknown),Unknown,"No, school bus not involved",25,Not reported,,No,,,,,,,,234874.253,908179.2173,42.42335223,-71.07623751,232, CHARLES ST Rte E,,,,,,,,,,,2774,2020,0.21,134,0,17,Both sides,City or Town accepted road,,7,7,0,No Shoulder,25,Surface-treated road,0,No Shoulder,2,0,0,None,Large Urbanized Area,Urban collector or rural minor collector,Boston (MA-NH-RI),,Mainline roadway,Two-way traffic,No Access Control,,99,CHARLES STREET,MAIN STREET,FELLSWAY,MALDEN,Fair,Level Terrain,,Grown from Prior Year HPMS Network,,99,0,0,,,Major Collector
5514277,MALDEN,3/15/25,Property damage only (none injured),Open,2:59 PM,2025,No Apparent Injury (O),1,Local police,,55-64,55-64,,,02:00PM to 02:59PM,D1: (No improper driving) ,D1: Not Distracted,Collision with parked motor vehicle,Yes,Daylight,Rear-end,4,,,, PW20254553564,Dry,Not at junction,MAPC,0,0,No controls,Unknown,V1: Parked,V1:(Passenger car),V1:(No),V1:(No),V1: U,Clear,MIDDLESEX,25000215,"V1:(No, not federally reportable)","No, not federally reportable",Roadway,At Address,"Yes, hit and run",,V1:(Collision with parked motor vehicle),None,"No, school bus not involved",25,Not reported, V1:(Collision with parked motor vehicle),No,,,,,,,,235276.1614,908202.1732,42.42354082,-71.07135254,99, CHARLES ST Rte 6,,,,,,,,,,,14942,2020,0.477,732,0.068,89,Both sides,City or Town accepted road,,7,7,0,No Shoulder,45,Bituminous concrete road,0,No Shoulder,2,0,0,None,Large Urbanized Area,Urban minor arterial or rural major collector,Boston (MA-NH-RI),,Mainline roadway,Two-way traffic,No Access Control,,99,CHARLES STREET,MAIN STREET,FELLSWAY,MALDEN,Good,Level Terrain,,Grown from Prior Year HPMS Network,,99,0,0,,,Minor Arterial
5514278,MALDEN,3/12/25,Non-fatal injury,Open,2:40 PM,2025,Possible Injury (C),2,Local police,,18-20,35-44,,,02:00PM to 02:59PM,D1: (No improper driving)  / D2: (Unknown) ,D1: Not Distracted,Collision with motor vehicle in traffic,Yes,Daylight,Rear-end,4,,,, PW20254553578,Dry,Not at junction,MAPC,0,3,No controls,"Two-way, not divided",V1: Slowing or stopped in traffic / V2: Travelling straight ahead,"V1:(Light truck(van, mini-van, pickup, sport utility)) / V2:(Light truck(van, mini-van, pickup, sport utility))",V1:(No) / V2:(No),"V1:(No) / V2:(Yes, vehicle or trailer disabled)",V1: E  / V2: E,Clear,MIDDLESEX,25000207,"V1:(No, not federally reportable) / V2:(No, not federally reportable)","No, not federally reportable",Roadway,At Address,No hit and run,,V1:(Collision with motor vehicle in traffic) / V2:(Collision with motor vehicle in traffic),None,"No, school bus not involved",25,Not reported, V1:(Collision with motor vehicle in traffic) V2:(Collision with motor vehicle in traffic),No,,,,,,,,236273.2463,908607.4143,42.42714326,-71.05921153,333, EASTERN AV Rte E,,,,,,,,,,,15154,2020,0.558,698,0.155,167,Both sides,City or Town accepted road,,6,6,0,No Shoulder,28,Bituminous concrete road,8,Hardened bituminous mix or penetration,2,0,0,None,Large Urbanized Area,Rural minor arterial or urban principal arterial,Boston (MA-NH-RI),,Mainline roadway,Two-way traffic,No Access Control,,30,EASTERN AVENUE,MAIN STREET,LYNN STREET,MALDEN,Good,Level Terrain,,Pulled back from HPMS network estimation routine,,30,Surfaced shoulder exists – Portland Cement Concrete surface (PCC,8,,,Principal Arterial - Other
5514279,MALDEN,3/8/25,Unknown,Open,10:47 PM,2025,Not reported,1,Local police,,,,,,10:00PM to 10:59PM,,,Collision with parked motor vehicle,Yes,Dark - lighted roadway,"Sideswipe, same direction",4,,,, PW20254553566,Dry,T-intersection,MAPC,0,0,No controls,"Two-way, not divided",V1: Parked,V1:(Passenger car),V1:(No),V1:(No),V1: N,Severe crosswinds,MIDDLESEX,25000195,"V1:(No, not federally reportable)","No, not federally reportable",Unknown,At Address,No hit and run,,V1:(Collision with parked motor vehicle),Unknown,"No, school bus not involved",25,"No, device not functioning", V1:(Collision with parked motor vehicle),No,,,,,,,,239160.0862,909482.4444,42.43488107,-71.02407234,78, REVERE ST Rte N,,,,,,,,,,,2846,2020,0.21,139,0,18,Both sides,City or Town accepted road,,10,10,0,No Shoulder,30,Bituminous concrete road,0,No Shoulder,2,0,0,None,Large Urbanized Area,Urban collector or rural minor collector,Boston (MA-NH-RI),,Mainline roadway,Two-way traffic,No Access Control,,99,REVERE STREET,LYNN STREET,SALEM STREET,MALDEN,Good,Level Terrain,,Grown from Prior Year HPMS Network,,99,0,0,,,Major Collector
5514280,MALDEN,3/3/25,Unknown,Open,9:55 PM,2025,Not reported,1,Local police,,,,,,09:00PM to 09:59PM,,,Collision with motor vehicle in traffic,Yes,Dark - lighted roadway,Unknown,4,,,, PW20254553577,Dry,Not at junction,MAPC,0,0,No controls,"Two-way, not divided",V1: Parked,V1:(Passenger car),V1:(No),V1:(No),V1: U,Clear,MIDDLESEX,25000182,"V1:(No, not federally reportable)","No, not federally reportable",Outside roadway,At Address,"Yes, hit and run",,V1:(Collision with motor vehicle in traffic),None,"No, school bus not involved",5,"No, device not functioning", V1:(Collision with motor vehicle in traffic),No,,,,,,,,238543.4473,909658.5382,42.43649708,-71.03155469,192, KENNEDY DR Rte 6,,,,,,,,,,,,,,,,,,,,,,,,,,,,,,,,,,,,,,,,,KENNEDY DRIVE,SALEM STREET,KENNEDY DRIVE,MALDEN,,,,,,,,,,,
5514282,MALDEN,3/14/25,Property damage only (none injured),Open,4:07 AM,2025,No Apparent Injury (O),2,Local police,,45-54,45-54,,,04:00AM to 04:59AM,"D1: (Unknown),(Unknown)  / D2: (Unknown),(Unknown) ",,Collision with motor vehicle in traffic,Yes,Dark - lighted roadway,Angle,4,,,, PW20254553579,Dry,Four-way intersection,MAPC,0,0,Flashing traffic control signal,"Two-way, divided, positive median barrier",V1: Travelling straight ahead / V2: Travelling straight ahead,"V1:(Light truck(van, mini-van, pickup, sport utility)) / V2:(Light truck(van, mini-van, pickup, sport utility))",V1:(No) / V2:(No),"V1:(Yes, vehicle or trailer disabled) / V2:(Yes, vehicle or trailer disabled)",V1: S  / V2: E,Clear/Clear,MIDDLESEX,25000210,"V1:(No, not federally reportable) / V2:(No, not federally reportable)","No, not federally reportable",Roadway,At Intersection,No hit and run,,V1:(Collision with motor vehicle in traffic) / V2:(Collision with motor vehicle in traffic),"Traffic control device inoperative, missing, or obscured","No, school bus not involved",35,"No, device not functioning", V1:(Collision with motor vehicle in traffic) V2:(Collision with motor vehicle in traffic),No,,,,,,,,235065.9532,908433.6873,42.42563451,-71.07389272,, CENTRE ST Rte E  / COMMERCIAL ST Rte S,,,,,,,,,,,14218,2020,0.558,653,0.155,156,Both sides,City or Town accepted road,,0,8,0,No Shoulder,22,Bituminous concrete road,0,No Shoulder,2,2,5,Raised Median,Large Urbanized Area,Rural minor arterial or urban principal arterial,Boston (MA-NH-RI),,Mainline roadway,Two-way traffic,No Access Control,,30,CENTRE STREET,PLEASANT STREET,EASTERN AVENUE,MALDEN,Good,Level Terrain,,Pulled back from HPMS network estimation routine,,0,0,0,,,Principal Arterial - Other
5514283,MALDEN,3/24/25,Property damage only (none injured),Open,8:55 PM,2025,Not Applicable,1,Local police,,25-34,25-34,,,08:00PM to 08:59PM,D1: (No improper driving) ,D1: Not Distracted,Collision with other movable object,Yes,Dusk,"Sideswipe, same direction",4,,,, PW20254553585,Wet,Not at junction,MAPC,0,0,No controls,"Two-way, not divided",V1: Parked,V1:(Passenger car),V1:(No),V1:(No),V1: Not Reported,Rain,MIDDLESEX,25000231,"V1:(No, not federally reportable)","No, not federally reportable",Roadway,At Address,"Yes, hit and run",,V1:(Collision with other movable object),None,"No, school bus not involved",25,"Yes, device functioning", V1:(Collision with other movable object),No,,,,,,,,235471.5285,907611.311,42.41821269,-71.06901491,76, MEDFORD ST Rte W,,,,,,,,,,,18609,2020,0.477,912,0.068,111,Both sides,City or Town accepted road,,9,9,0,No Shoulder,30,Bituminous concrete road,0,No Shoulder,2,0,0,None,Large Urbanized Area,Urban minor arterial or rural major collector,Boston (MA-NH-RI),,Mainline roadway,Two-way traffic,No Access Control,,99,MEDFORD STREET,MEDFORD CITY LINE,MAIN STREET,MALDEN,Good,Level Terrain,,Grown from Prior Year HPMS Network,,99,0,0,,,Minor Arterial
5514284,MALDEN,3/5/25,Unknown,Open,12:59 PM,2025,Not reported,2,Local police,,,,,,12:00PM to 12:59PM,D1: (Inattention) ,,Collision with parked motor vehicle,Yes,Daylight,Rear-to-rear,4,,,, PW20254553581,Dry,Not at junction,MAPC,0,0,No controls,"Two-way, not divided",V1: Backing / V2: Parked,V1:(Passenger car) / V2:(Passenger car),V1:(No) / V2:(No),V1:(No) / V2:(No),V1: S  / V2: Not Reported,Cloudy,MIDDLESEX,25000185,"V1:(No, not federally reportable) / V2:(No, not federally reportable)","No, not federally reportable",Outside roadway,At Address,"Yes, hit and run",,V1:(Collision with parked motor vehicle) / V2:(Collision with motor vehicle in traffic),None,"No, school bus not involved",25,"No, device not functioning", V1:(Collision with parked motor vehicle) V2:(Collision with motor vehicle in traffic),No,,,,,,,,237331.7386,908808.054,42.42889956,-71.04633612,34, SHARON ST Rte S,,,,,,,,,,,1154,,,,,,Both sides,City or Town accepted road,,7,7,0,No Shoulder,40,Bituminous concrete road,0,No Shoulder,2,0,0,None,Large Urbanized Area,Local,Boston (MA-NH-RI),,Mainline roadway,Two-way traffic,No Access Control,,,SHARON STREET,EASTERN AVENUE,CRYSTAL STREET,MALDEN,Good,Level Terrain,,,,,0,0,,,Local
5514285,MALDEN,3/14/25,Property damage only (none injured),Open,7:30 AM,2025,No Apparent Injury (O),1,Local police,,18-20,18-20,,,07:00AM to 07:59AM,D1: (Unknown) ,,Other,Yes,Daylight,Single vehicle crash,4,,,, PW20254553584,Dry,Not at junction,MAPC,0,0,No controls,"Two-way, divided, unprotected median",V1: Travelling straight ahead,V1:(Passenger car),V1:(No),"V1:(Yes, vehicle or trailer disabled)",V1: S,Cloudy,MIDDLESEX,25000211,"V1:(No, not federally reportable)","No, not federally reportable",Outside roadway,At Address,No hit and run,,V1:(Other),Unknown,"No, school bus not involved",25,Not reported, V1:(Other),No,,,,,,,,237295.0871,909690.5615,42.43684609,-71.04672452,188, LEBANON ST Rte S,,,,,,,,,,,13423,2020,0.477,657,0.068,80,Both sides,City or Town accepted road,,7,7,0,No Shoulder,34,Bituminous concrete road,0,No Shoulder,2,0,0,None,Large Urbanized Area,Urban minor arterial or rural major collector,Boston (MA-NH-RI),,Mainline roadway,Two-way traffic,No Access Control,,30,LEBANON STREET,MELROSE CITY LINE,SALEM STREET,MALDEN,Good,Level Terrain,,Grown from Prior Year HPMS Network,,30,0,0,,,Minor Arterial
5514286,MALDEN,3/17/25,Non-fatal injury,Open,4:47 PM,2025,Possible Injury (C),4,Local police,,21-24,35-44,,,04:00PM to 04:59PM,D1: (No improper driving)  / D2: (Fatigued/asleep)  / D3: (No improper driving)  / D4: (No improper driving) ,D1: Not Distracted / D3: Not Distracted / D4: Not Distracted,Collision with motor vehicle in traffic,Yes,Daylight,"Sideswipe, opposite direction",4,,,, PW20254553582,Wet,Not at junction,MAPC,0,3,No controls,"Two-way, not divided",V1: Travelling straight ahead / V2: Travelling straight ahead / V3: Travelling straight ahead / V4: Travelling straight ahead,"V1:(Passenger car) / V2:(Passenger car) / V3:(Light truck(van, mini-van, pickup, sport utility)) / V4:(Passenger car)",V1:(No) / V2:(No) / V3:(No) / V4:(No),"V1:(Yes, vehicle or trailer disabled) / V2:(Yes, vehicle or trailer disabled) / V3:(No) / V4:(Yes, vehicle or trailer disabled)",V1: S  / V2: N  / V3: S  / V4: S,Rain,MIDDLESEX,25000221,"V1:(No, not federally reportable) / V2:(No, not federally reportable) / V3:(No, not federally reportable) / V4:(No, not federally reportable)","No, not federally reportable",Roadway,At Address,No hit and run,,V1:(Collision with motor vehicle in traffic) / V2:(Collision with motor vehicle in traffic) / V3:(Collision with motor vehicle in traffic) / V4:(Collision with motor vehicle in traffic),None,"No, school bus not involved",25,Not reported, V1:(Collision with motor vehicle in traffic) V2:(Collision with motor vehicle in traffic) V3:(Collision with motor vehicle in traffic) V4:(Collision with motor vehicle in traffic),No,,,,,,,,236045.6234,909553.7106,42.43567286,-71.06191847,202, PIERCE ST Rte N,,,,,,,,,,,,,,,,,Both sides,Unaccepted by city or town,,7,7,0,No Shoulder,25,Bituminous concrete road,0,No Shoulder,2,0,0,None,Large Urbanized Area,Local,Boston (MA-NH-RI),,Mainline roadway,One-way traffic,No Access Control,,99,PIERCE STREET,FOREST STREET,SALEM STREET,MALDEN,Good,Level Terrain,,,,99,0,0,,,Local
5514287,MALDEN,3/5/25,Property damage only (none injured),Open,9:51 AM,2025,No Apparent Injury (O),2,Local police,,55-64,75-84,,,09:00AM to 09:59AM,D1: (Unknown)  / D2: (No improper driving) ,D2: Not Distracted,Collision with motor vehicle in traffic,Yes,Daylight,Rear-end,4,,,, PW20254553580,Wet,Four-way intersection,MAPC,0,0,Traffic control signal,"Two-way, divided, unprotected median",V1: Travelling straight ahead / V2: Turning left,V1:(Passenger car) / V2:(Passenger car),V1:(No) / V2:(No),V1:(No) / V2:(No),V1: N  / V2: W,Cloudy/Rain,MIDDLESEX,25000183,"V1:(No, not federally reportable) / V2:(No, not federally reportable)","No, not federally reportable",Roadway,At Intersection,No hit and run,,V1:(Collision with motor vehicle in traffic) / V2:(Collision with motor vehicle in traffic),None,"No, school bus not involved",25,"Yes, device functioning", V1:(Collision with motor vehicle in traffic) V2:(Collision with motor vehicle in traffic),No,,,,,,,,235826.3127,908307.4373,42.42446338,-71.06466113,, EASTERN AV Rte W  / FERRY ST Rte N,,,,,,,,,,,20546,2020,0.33,800,0.105,226,Both sides,City or Town accepted road,,6,6,0,No Shoulder,32,Bituminous concrete road,0,No Shoulder,2,0,0,None,Large Urbanized Area,Rural minor arterial or urban principal arterial,Boston (MA-NH-RI),,Mainline roadway,Two-way traffic,No Access Control,,30,EASTERN AVENUE,MAIN STREET,LYNN STREET,MALDEN,Good,Level Terrain,,Grown from Prior Year HPMS Network,,30,0,0,,,Principal Arterial - Other
5514288,MALDEN,3/7/25,Unknown,Open,12:10 PM,2025,Not reported,1,Local police,,,,,,12:00PM to 12:59PM,,,Collision with tree,Yes,Daylight,Single vehicle crash,4,,,, PW20254553586,Dry,Not at junction,MAPC,0,0,No controls,"Two-way, not divided",V1: Parked,V1:(Passenger car),V1:(No),V1:(No),V1: E,"Blowing sand, snow",MIDDLESEX,25000187,"V1:(No, not federally reportable)","No, not federally reportable",Roadside,At Address,No hit and run,,V1:(Collision with tree),None,"No, school bus not involved",25,"No, device not functioning", V1:(Collision with tree),No,,,,,,,,237465.1877,908205.9401,42.42347262,-71.0447535,58, TAYLOR ST Rte E,,,,,,,,,,,2609,2020,0.21,128,0,15,Both sides,City or Town accepted road,,8,8,0,No Shoulder,33,Surface-treated road,0,No Shoulder,2,0,0,None,Large Urbanized Area,Urban collector or rural minor collector,Boston (MA-NH-RI),,Mainline roadway,Two-way traffic,No Access Control,,99,TAYLOR STREET,BROADWAY,EVERETT CITY LINE,MALDEN,Good,Level Terrain,,Grown from Prior Year HPMS Network,,99,0,0,,,Major Collector