Crash Number,City Town Name,Crash Date,Crash Severity,Crash Status,Crash Time,Crash Year,Max Injury Severity Reported,Number of Vehicles,Police Agency Type,State Police Troop,Age of Driver - Youngest Known,Age of Driver - Oldest Known,Age of Vulnerable User - Youngest Known,Age of Vulnerable User - Oldest Known,Crash Hour,Driver Contributing Circumstances (All Drivers),Driver Distracted By (All Vehicles),First Harmful Event,Is Geocoded,Light Conditions,Manner of Collision,MassDOT District,Vulnerable User Action (All Persons),Vulnerable User Location (All Persons),Vulnerable User Type (All Persons),RMV Document Numbers,Road Surface Condition,Roadway Junction Type,RPA Abbreviation,Total Fatalities,Total Non-Fatal Injuries,Traffic Control Device Type,Trafficway Description,Vehicle Actions Prior to Crash (All Vehicles),Vehicle Configuration (All Vehicles),Vehicle Emergency Use (All Vehicles),Vehicle Towed From Scene (All Vehicles),Vehicle Travel Directions (All Vehicles),Weather Conditions,County Name,Crash Report IDs,FMCSA Reportable (All Vehicles),FMCSA Reportable (Crash),First Harmful Event Location,Geocoding Method,Hit and Run,Locality,Most Harmful Event (All Vehicles),Road Contributing Circumstance,School Bus Related,Speed Limit,Traffic Control Device Function,Vehicle Sequence of Events (All Vehicles),Work Zone Related,Vulnerable User Sequence of Events (All Persons),Vulnerable User Distracted By (All Persons),Vulnerable User Traffic Control Type (All persons),Vulnerable User Origin Destination (All Persons),Vulnerable User Contributing Circumstances (All Persons),Vulnerable User Alcohol Suspected Type (All Persons),Vulnerable User Drug Suspected Type (All Persons),X,Y,Latitude,Longitude,Street Number,Roadway,Near Intersection Roadway,Distance and Direction From Intersection,Milemarker,Milemarker Route,Distance and Direction From Milemarker,Exit Number,Exit Route,Distance and Direction From Exit,Landmark,Distance and Direction From Landmark,AADT-linked RD,AADT Year-linked RD,Peak % Single Unit Trucks-linked RD,Single-Unit Truck and Bus AADT-linked RD,Peak % Combo Trucks-linked RD,Combination Truck AADT-linked RD,Curb-linked RD-linked RD,Jurisdiction-linked RD,Truck Route-linked RD,Left Sidewalk Width-linked RD,Right Sidewalk Width-linked RD,Left Shoulder Width-linked RD,Left Shoulder Type-linked RD,Surface Width-linked RD,Surface Type-linked RD,Right Shoulder Width-linked RD,Right Shoulder Type-linked RD,Number of Travel Lanes-linked RD,Number of Opposing Travel Lanes-linked RD,Median Width-linked RD,Median Type-linked RD,Urban Type-linked RD,Functional Classification-linked RD,Urbanized Area-linked RD,Federal Aid Route Number-linked RD,Facility Type-linked RD,Street Operation-linked RD,Access Control-linked RD,Number of Peak Hour Lanes-linked RD,Speed Limit-linked RD,Street Name-linked RD,From Street Name-linked RD,To Street Name-linked RD,City-linked RD-linked RD,Structural Condition-linked RD,Terrain-linked RD,Urban Location Type-linked RD,AADT Derivation-linked RD,AADT Station Number-linked RD,Opposing Direction Speed Limit-linked RD,Undivided Left Shoulder Type-linked RD,Undivided Left Shoulder Width-linked RD,Truck Exclusion Type-linked RD,Truck Exclusion Time-linked RD,Federal Functional Classification-linked RD
5523582,MALDEN,4/24/25,Non-fatal injury,Open,7:13 PM,2025,Suspected Minor Injury (B),2,State police,A,25-34,65-74,,,07:00PM to 07:59PM,D1: (No improper driving)  / D2: (Followed too closely) ,D1: Not Distracted,Collision with motor vehicle in traffic,Yes,Daylight,Rear-end,4,,,, PW20254563649,Dry,On-ramp,MAPC,0,1,Yield signs,"Two-way, divided, unprotected median",V1: Slowing or stopped in traffic / V2: Slowing or stopped in traffic,V1:(Motorcycle) / V2:(Passenger car),V1:(No) / V2:(No),V1:(No) / V2:(No),V1: W  / V2: W,Clear,MIDDLESEX, 2025-ATrp-3961,"V1:(No, not federally reportable) / V2:(No, not federally reportable)","No, not federally reportable",Roadway,At Intersection,No hit and run,,V1:(Collision with motor vehicle in traffic) / V2:(Collision with motor vehicle in traffic),None,"No, school bus not involved",30,"Yes, device functioning", V1:(Collision with motor vehicle in traffic) V2:(Collision with motor vehicle in traffic),No,,,,,,,,239389.696,909675.6973,42.43660925,-71.02126868,, ROUTE 1 Rte    / SALEM ST Rte,,,,,,,,,,,67306,2020,0.153,1585,0.049,736,Right side only,Massachusetts Department of Transportation,,0,5,2,Hardened bituminous mix or penetration,24,Bituminous concrete road,4,Hardened bituminous mix or penetration,2,2,4,Positive Barrier – rigid,Large Urbanized Area,Rural or urban principal arterial,Boston (MA-NH-RI),,Mainline roadway,Two-way traffic,Full Access Control,,50,CUTLER HIGHWAY,RAMP-RT 1 NB TO SALEM ST,NORTHEAST EXPRESSWAY,REVERE,Fair,Level Terrain,,Pulled back from HPMS network estimation routine,,0,0,0,,,Principal Arterial - Other Freeways or Expressways
5524496,MALDEN,4/25/25,Property damage only (none injured),Open,4:12 PM,2025,No Apparent Injury (O),2,State police,A,18-20,25-34,,,04:00PM to 04:59PM,,D2: Not Distracted,Collision with motor vehicle in traffic,Yes,Daylight,Angle,4,,,, PW20254564649,Dry,Off-ramp,MAPC,0,0,No controls,"Two-way, divided, positive median barrier",V1: Travelling straight ahead / V2: Changing lanes,"V1:(Passenger car) / V2:(Single-unit truck (2-axle, 6-tires))",V1:(No) / V2:(No),"V1:(Yes, vehicle or trailer disabled) / V2:(No)",V1: N  / V2: N,Clear/Clear,SUFFOLK, 2025-ATrp-3989,"V1:(No, not federally reportable) / V2:(Yes, federally reportable)","Yes, federally reportable",Roadway,Operator Designated,No hit and run,,V1:(Collision with motor vehicle in traffic) / V2:(Collision with motor vehicle in traffic),None,"No, school bus not involved",50,Not reported, V1:(Collision with motor vehicle in traffic) V2:(Collision with motor vehicle in traffic),No,,,,,,,,239302.295,909718.5259,42.43699923,-71.02232799,, RAMP-RT 1 NB TO SALEM ST, SALEM STREET,200 feet S  of,,,,,,,,,1145,2015,0,0,0,0,Both sides,City or Town accepted road,,0,4,0,No Shoulder,32,Bituminous concrete road,0,No Shoulder,1,0,0,None,Large Urbanized Area,Local,Boston (MA-NH-RI),,Simple Ramp/ Channelized Turning Lane,One-way traffic,No Access Control,,99,RAMP-RT 1 NB TO SALEM ST,BENNETT HIGHWAY ,SALEM STREET ,MALDEN,Good,Rolling Terrain,,Actual,21012,99,0,0,,,Local
5526992,MALDEN,4/1/25,Non-fatal injury,Open,6:56 PM,2025,Suspected Minor Injury (B),1,Local police,,35-44,35-44,15-Jun,15-Jun,06:00PM to 06:59PM,D1: (No improper driving) ,D1: Not Distracted,Collision with cyclist,Yes,Dusk,Single vehicle crash,4, VU2: Entering or crossing location, VU2: In roadway, VU2: Hand Cyclist, PW20254567388,Dry,Not at junction,MAPC,0,1,No controls,"Two-way, not divided",V1: Travelling straight ahead,V1:(Passenger car),V1:(No),"V1:(Yes, vehicle or trailer disabled)",V1: N,Clear,MIDDLESEX,25000248,"V1:(No, not federally reportable)","No, not federally reportable",Roadway,At Address,No hit and run,,"V1:(Collision with cyclist (bicycle, tricycle, unicycle, pedal car))",None,"No, school bus not involved",25,"No, device not functioning", V1:(Collision with cyclist),No, VU2:(Crossing Roadway),, VU2: None, VU2: Going to or from Transit, VU2:(Crossing of Roadway or Intersection), VU2: No, VU2: No,235502.087,908029.5285,42.42197632,-71.06861793,17, MERIDIAN ST Rte N,,,,,,,,,,,1154,,,,,,Both sides,City or Town accepted road,,5,5,0,No Shoulder,24,Surface-treated road,0,No Shoulder,2,0,0,None,Large Urbanized Area,Local,Boston (MA-NH-RI),,Mainline roadway,Two-way traffic,No Access Control,,,MERIDIAN STREET,MADISON STREET,WIGGLESWORTH STREET,MALDEN,Fair,Rolling Terrain,,,,,0,0,,,Local
5526993,MALDEN,4/4/25,Non-fatal injury,Open,1:01 PM,2025,Possible Injury (C),2,Local police,,65-74,65-74,,,01:00PM to 01:59PM,D1: (No improper driving) ,D1: Not Distracted,Collision with motor vehicle in traffic,Yes,Daylight,Rear-end,4,,,, PW20254567393,Dry,Not at junction,MAPC,0,1,No controls,"Two-way, not divided",V1: Travelling straight ahead / V2: Travelling straight ahead,V1:(Passenger car) / V2:(Passenger car),V1:(No) / V2:(No),V1:(No) / V2:(No),V1: W  / V2: W,Clear,MIDDLESEX,25000255,"V1:(No, not federally reportable) / V2:(No, not federally reportable)","No, not federally reportable",Roadway,At Address,No hit and run,,V1:(Collision with motor vehicle in traffic) / V2:(Collision with motor vehicle in traffic),None,"No, school bus not involved",30,"Yes, device functioning", V1:(Collision with motor vehicle in traffic) V2:(Collision with motor vehicle in traffic),No,,,,,,,,237279.3425,908908.4534,42.42980591,-71.04696636,800, EASTERN AV Rte W,,,,,,,,,,,15979,2020,0.558,735,0.155,176,Both sides,City or Town accepted road,,6,6,0,No Shoulder,28,Bituminous concrete road,8,Hardened bituminous mix or penetration,2,0,0,None,Large Urbanized Area,Rural minor arterial or urban principal arterial,Boston (MA-NH-RI),,Mainline roadway,Two-way traffic,No Access Control,,30,EASTERN AVENUE,MAIN STREET,LYNN STREET,MALDEN,Good,Level Terrain,,Pulled back from HPMS network estimation routine,,30,Surfaced shoulder exists – Portland Cement Concrete surface (PCC,8,,,Principal Arterial - Other
5526994,MALDEN,4/4/25,Non-fatal injury,Open,11:00 AM,2025,Suspected Minor Injury (B),2,Local police,,25-34,35-44,,,11:00AM to 11:59AM,D1: (No improper driving)  / D2: (Inattention) ,D1: Not Distracted,Collision with motor vehicle in traffic,Yes,Daylight,Angle,4,,,, PW20254567394,Dry,T-intersection,MAPC,0,1,Stop signs,"Two-way, not divided",V1: Travelling straight ahead / V2: Turning left,V1:(Motorcycle) / V2:(Passenger car),V1:(No) / V2:(No),V1:(No) / V2:(No),V1: N  / V2: S,Clear,MIDDLESEX,25000252,"V1:(No, not federally reportable) / V2:(No, not federally reportable)","No, not federally reportable",Roadway,At Intersection,No hit and run,,V1:(Collision with motor vehicle in traffic) / V2:(Collision with motor vehicle in traffic),None,"No, school bus not involved",25,Not reported, V1:(Collision with motor vehicle in traffic) V2:(Collision with motor vehicle in traffic),No,,,,,,,,237906.8433,909229.875,42.43266926,-71.03931977,, BROADWAY Rte N  / PLAINFIELD AV Rte W,,,,,,,,,,,10575,2020,,,,,Both sides,City or Town accepted road,,10,10,0,No Shoulder,44,Bituminous concrete road,0,No Shoulder,2,0,0,None,Large Urbanized Area,Rural minor arterial or urban principal arterial,Boston (MA-NH-RI),,Mainline roadway,Two-way traffic,No Access Control,,30,BROADWAY,EVERETT CITY LINE,MELROSE CITY LINE,MALDEN,Good,Level Terrain,,Pulled back from HPMS network estimation routine,,30,0,0,,,Principal Arterial - Other
5526995,MALDEN,4/1/25,Non-fatal injury,Open,7:37 AM,2025,Possible Injury (C),2,Local police,,25-34,25-34,,,07:00AM to 07:59AM,"D1: (No improper driving)  / D2: (Unknown),(Unknown) ",D1: Not Distracted,Collision with motor vehicle in traffic,Yes,Daylight,Rear-end,4,,,, PW20254567385,Dry,Not at junction,MAPC,0,1,No controls,"Two-way, not divided",V1: Slowing or stopped in traffic / V2: Travelling straight ahead,V1:(Passenger car) / V2:(Passenger car),V1:(No) / V2:(No),"V1:(No) / V2:(Yes, vehicle or trailer disabled)",V1: W  / V2: W,Cloudy,MIDDLESEX,25000246,"V1:(No, not federally reportable) / V2:(No, not federally reportable)","No, not federally reportable",Roadway,At Address,No hit and run,,V1:(Collision with motor vehicle in traffic) / V2:(Collision with motor vehicle in traffic),None,"No, school bus not involved",25,Not reported, V1:(Collision with motor vehicle in traffic) V2:(Collision with motor vehicle in traffic),No,,,,,,,,234836.669,909102.2745,42.43166376,-71.07663852,211, CLIFTON ST Rte W,,,,,,,,,,,2651,2020,0.21,129,0,16,Both sides,City or Town accepted road,,9,9,0,No Shoulder,30,Bituminous concrete road,0,No Shoulder,2,0,0,None,Large Urbanized Area,Urban collector or rural minor collector,Boston (MA-NH-RI),,Mainline roadway,Two-way traffic,No Access Control,,99,CLIFTON STREET,WASHINGTON STREET ,HIGHLAND AVENUE ,MALDEN,Good,Level Terrain,,Grown from Prior Year HPMS Network,,99,0,0,,,Major Collector
5526996,MALDEN,4/2/25,Unknown,Open,4:54 PM,2025,Unknown,2,Local police,,18-20,45-54,,,04:00PM to 04:59PM,D1: (No improper driving)  / D2: (Unknown) ,D1: Not Distracted,Collision with motor vehicle in traffic,Yes,Daylight,"Sideswipe, opposite direction",4,,,, PW20254567390,Dry,Four-way intersection,MAPC,0,0,Stop signs,"Two-way, not divided",V1: Slowing or stopped in traffic / V2: Turning left,"V1:(Passenger car) / V2:(Light truck(van, mini-van, pickup, sport utility))",V1:(No) / V2:(No),"V1:(Yes, vehicle or trailer disabled) / V2:(No)",V1: E  / V2: W,Clear,MIDDLESEX,25000249,"V1:(No, not federally reportable) / V2:(No, not federally reportable)","No, not federally reportable",Roadway,Off Intersection,No hit and run,,V1:(Collision with motor vehicle in traffic) / V2:(Collision with motor vehicle in traffic),Unknown,"No, school bus not involved",25,"Yes, device functioning", V1:(Collision with motor vehicle in traffic) V2:(Collision with motor vehicle in traffic),No,,,,,,,,237384.281,909045.75,42.4310369,-71.04568224,, WAITE ST EXT., MAPLEWOOD ST Rte,,,,,,,,,,12610,2020,0.477,617,0.068,75,Both sides,City or Town accepted road,,9,9,0,No Shoulder,30,Bituminous concrete road,0,No Shoulder,2,0,0,None,Large Urbanized Area,Urban minor arterial or rural major collector,Boston (MA-NH-RI),,Mainline roadway,Two-way traffic,No Access Control,,30,MAPLEWOOD STREET,SALEM STREET,DEAD END,MALDEN,Good,Level Terrain,,Grown from Prior Year HPMS Network,,30,0,0,,,Minor Arterial
5526997,MALDEN,4/6/25,Non-fatal injury,Open,9:18 PM,2025,Suspected Serious Injury (A),2,Local police,,35-44,35-44,,,09:00PM to 09:59PM,D2: (Failure to keep in proper lane or running off road) ,,Collision with parked motor vehicle,Yes,Dark - lighted roadway,Rear-end,4,,,, PW20254567397,Dry,Not at junction,MAPC,0,1,No controls,"Two-way, not divided",V1: Parked / V2: Travelling straight ahead,"V1:(Light truck(van, mini-van, pickup, sport utility)) / V2:(Light truck(van, mini-van, pickup, sport utility))",V1:(No) / V2:(No),"V1:(No) / V2:(Yes, vehicle or trailer disabled)",V1: Not Reported / V2: E,Clear,MIDDLESEX,25000263,"V1:(No, not federally reportable) / V2:(No, not federally reportable)","No, not federally reportable",Shoulder - paved,At Address,No hit and run,,V1:(Collision with motor vehicle in traffic) / V2:(Overturn/rollover),None,"No, school bus not involved",25,"No, device not functioning"," V1:(Collision with motor vehicle in traffic) V2:(Collision with parked motor vehicle),(Overturn/rollover)",No,,,,,,,,238690.5435,908917.7207,42.42982059,-71.02981659,317, LYNN ST Rte E, DAVIS ST Rte,,,,,,,,,,7111,2020,0.232,349,0,42,Both sides,City or Town accepted road,,7,7,0,No Shoulder,36,Bituminous concrete road,0,No Shoulder,2,0,0,None,Large Urbanized Area,Urban minor arterial or rural major collector,Boston (MA-NH-RI),,Mainline roadway,Two-way traffic,No Access Control,,30,LYNN STREET,EVERETT CITY LINE,REVERE CITY LINE,MALDEN,Good,Level Terrain,,Grown from Prior Year HPMS Network,,30,0,0,,,Minor Arterial
5526998,MALDEN,4/1/25,Property damage only (none injured),Open,3:52 PM,2025,No Apparent Injury (O),2,Local police,,21-24,35-44,,,03:00PM to 03:59PM,D1: (Unknown)  / D2: (Unknown) ,,Collision with motor vehicle in traffic,Yes,Daylight,Angle,4,,,, PW20254567387,Dry,T-intersection,MAPC,0,0,No controls,"Two-way, divided, unprotected median",V1: Turning left / V2: Travelling straight ahead,"V1:(Passenger car) / V2:(Light truck(van, mini-van, pickup, sport utility))",V1:(No) / V2:(No),V1:(No) / V2:(No),V1: N  / V2: E,Clear,MIDDLESEX,25000247,"V1:(No, not federally reportable) / V2:(No, not federally reportable)","No, not federally reportable",Roadway,At Intersection,No hit and run,,V1:(Collision with motor vehicle in traffic) / V2:(Collision with motor vehicle in traffic),Unknown,"No, school bus not involved",25,Not reported, V1:(Collision with motor vehicle in traffic) V2:(Collision with motor vehicle in traffic),No,,,,,,,,238512.4618,908824.1252,42.42898681,-71.03198691,, LYNN ST Rte E  / PRENTISS ST Rte N,,,,,,,,,,,7111,2020,0.232,349,0,42,Both sides,City or Town accepted road,,0,0,0,No Shoulder,36,Bituminous concrete road,0,No Shoulder,2,0,0,None,Large Urbanized Area,Urban minor arterial or rural major collector,Boston (MA-NH-RI),,Mainline roadway,Two-way traffic,No Access Control,,35,LYNN STREET,EVERETT CITY LINE,REVERE CITY LINE,MALDEN,Good,Level Terrain,,Grown from Prior Year HPMS Network,,40,0,0,,,Minor Arterial
5526999,MALDEN,4/4/25,Non-fatal injury,Open,11:40 AM,2025,Suspected Minor Injury (B),2,Local police,,21-24,21-24,,,11:00AM to 11:59AM,D1: (Unknown) ,D1: Not Distracted,Collision with parked motor vehicle,Yes,Daylight,Angle,4,,,, PW20254567392,Dry,Not at junction,MAPC,0,2,No controls,"Two-way, not divided",V1: Travelling straight ahead / V2: Travelling straight ahead,V1:(Passenger car) / V2:(Passenger car),V1:(No) / V2:(No),"V1:(Yes, vehicle or trailer disabled) / V2:(Yes, vehicle or trailer disabled)",V1: E  / V2: U,Clear,MIDDLESEX,25000254,"V1:(No, not federally reportable) / V2:(No, not federally reportable)","No, not federally reportable",Roadway,At Address,No hit and run,,V1:(Collision with parked motor vehicle) / V2:(Collision with motor vehicle in traffic),None,"No, school bus not involved",25,"No, device not functioning", V1:(Collision with parked motor vehicle) V2:(Collision with parked motor vehicle),No,,,,,,,,238991.3759,909717.7431,42.43700779,-71.02610681,1315, SALEM ST Rte E,,,,,,,,,,,2835,2020,0.21,139,0,17,Both sides,City or Town accepted road,,8,8,0,No Shoulder,32,Bituminous concrete road,0,No Shoulder,2,0,0,None,Large Urbanized Area,Urban collector or rural minor collector,Boston (MA-NH-RI),,Mainline roadway,Two-way traffic,No Access Control,,99,SALEM STREET,MAIN STREET ,,MALDEN,Good,Level Terrain,,Grown from Prior Year HPMS Network,,99,0,0,,,Major Collector
5527000,MALDEN,4/4/25,Property damage only (none injured),Open,3:18 PM,2025,No Apparent Injury (O),2,Local police,,18-20,25-34,,,03:00PM to 03:59PM,D1: (No improper driving)  / D2: (No improper driving) ,,Collision with motor vehicle in traffic,Yes,Daylight,Angle,4,,,, PW20254567389,Dry,T-intersection,MAPC,0,0,Stop signs,"Two-way, not divided",V1: Turning right / V2: Travelling straight ahead,"V1:(Light truck(van, mini-van, pickup, sport utility)) / V2:(Passenger car)",V1:(No) / V2:(No),V1:(No) / V2:(No),V1: S  / V2: N,Clear,MIDDLESEX,25000256,"V1:(No, not federally reportable) / V2:(No, not federally reportable)","No, not federally reportable",Roadway,At Intersection,No hit and run,,V1:(Collision with motor vehicle in traffic) / V2:(Collision with motor vehicle in traffic),None,"No, school bus not involved",25,Not reported, V1:(Collision with motor vehicle in traffic) V2:(Collision with motor vehicle in traffic),No,,,,,,,,236286.9841,908268.1874,42.42408872,-71.0590659,, MAGNOLIA ST Rte E  / WARREN AV Rte N,,,,,,,,,,,1154,,,,,,Both sides,City or Town accepted road,,7,7,0,No Shoulder,25,Bituminous concrete road,0,No Shoulder,2,0,0,None,Large Urbanized Area,Local,Boston (MA-NH-RI),,Mainline roadway,One-way traffic,No Access Control,,,MAGNOLIA STREET,FERRY STREET,WARREN AVENUE,MALDEN,Good,Level Terrain,,,,,0,0,,,Local
5527001,MALDEN,4/14/25,Property damage only (none injured),Open,9:18 AM,2025,No Apparent Injury (O),2,Local police,,25-34,35-44,,,09:00AM to 09:59AM,D1: (Unknown)  / D2: (Unknown) ,,Collision with motor vehicle in traffic,Yes,Daylight,Angle,4,,,, PW20254567405,Dry,T-intersection,MAPC,0,0,Traffic control signal,"Two-way, not divided",V1: Turning right / V2: Travelling straight ahead,"V1:(Light truck(van, mini-van, pickup, sport utility)) / V2:(Passenger car)",V1:(No) / V2:(No),V1:(No) / V2:(No),V1: W  / V2: W,Clear,MIDDLESEX,25000278,"V1:(No, not federally reportable) / V2:(No, not federally reportable)","No, not federally reportable",Roadside,At Intersection,No hit and run,,V1:(Collision with motor vehicle in traffic) / V2:(Collision with motor vehicle in traffic),Unknown,"No, school bus not involved",25,"Yes, device functioning", V1:(Collision with motor vehicle in traffic) V2:(Collision with motor vehicle in traffic),No,,,,,,,,236369.5626,909026.6248,42.43091272,-71.05801473,, PIERCE ST Rte N  / SALEM ST Rte W,,,,,,,,,,,3581,2020,,,,,Both sides,City or Town accepted road,,7,7,0,No Shoulder,30,Bituminous concrete road,0,No Shoulder,2,0,0,None,Large Urbanized Area,Urban collector or rural minor collector,Boston (MA-NH-RI),,Mainline roadway,Two-way traffic,No Access Control,,99,PIERCE STREET,FOREST STREET,SALEM STREET,MALDEN,Good,Rolling Terrain,,Pulled back from HPMS network estimation routine,,99,0,0,,,Major Collector
5527002,MALDEN,4/2/25,Property damage only (none injured),Open,10:28 PM,2025,No Apparent Injury (O),2,Local police,,35-44,35-44,,,10:00PM to 10:59PM,D1: (Unknown)  / D2: (Unknown) ,,Collision with motor vehicle in traffic,Yes,Dark - lighted roadway,Rear-end,4,,,, PW20254567391,Wet,T-intersection,MAPC,0,0,No controls,"Two-way, not divided",V1: Travelling straight ahead / V2: Turning left,V1:(Passenger car) / V2:(Passenger car),V1:(No) / V2:(No),V1:(No) / V2:(No),V1: E  / V2: E,Rain,MIDDLESEX,25000250,"V1:(No, not federally reportable) / V2:(No, not federally reportable)","No, not federally reportable",Roadway,At Intersection,"Yes, hit and run",,V1:(Collision with motor vehicle in traffic) / V2:(Collision with motor vehicle in traffic),Unknown,"No, school bus not involved",25,Not reported, V1:(Collision with motor vehicle in traffic) V2:(Collision with motor vehicle in traffic),No,,,,,,,,238974.6564,909108.9373,42.43152786,-71.0263511,, EASTERN AVE Rte E  / LYNN Rte 6,,,,,,,,,,,17158,2020,0.558,790,0.155,189,Both sides,City or Town accepted road,,6,6,0,No Shoulder,28,Bituminous concrete road,0,No Shoulder,2,0,0,None,Large Urbanized Area,Rural minor arterial or urban principal arterial,Boston (MA-NH-RI),,Mainline roadway,Two-way traffic,No Access Control,,35,EASTERN AVENUE,MAIN STREET,LYNN STREET,MALDEN,Good,Level Terrain,,Pulled back from HPMS network estimation routine,,35,0,0,,,Principal Arterial - Other
5527003,MALDEN,4/17/25,Non-fatal injury,Open,3:14 PM,2025,Suspected Minor Injury (B),1,Local police,,35-44,35-44,45-54,45-54,03:00PM to 03:59PM,D1: (No improper driving) ,,Collision with cyclist,Yes,Daylight,Single vehicle crash,4," VU2: Walking, running or cycling", VU2: In roadway, VU2: Bicyclist, PW20254567410,Dry,Not at junction,MAPC,0,1,No controls,"Two-way, not divided",V1: Turning left,V1:(Passenger car),V1:(No),V1:(No),V1: N,Clear,MIDDLESEX,25000282,"V1:(No, not federally reportable)","No, not federally reportable",Roadway,At Address,No hit and run,,"V1:(Collision with cyclist (bicycle, tricycle, unicycle, pedal car))",None,"No, school bus not involved",25,Not reported, V1:(Collision with cyclist),No," VU2:(Walking/Cycling Along Roadway with Traffic (In or Adjacent to Travel Lane)),(Overtaking/passing),(Collision with motor vehicle in transport)",, VU2: None,,, VU2: No, VU2: No,236327.4802,908641.3937,42.42744664,-71.05855036,366, EASTERN AV Rte W,,,,,,,,,,,15279,2020,0.558,702,0.155,168,Both sides,City or Town accepted road,,6,6,0,No Shoulder,28,Bituminous concrete road,8,Hardened bituminous mix or penetration,2,0,0,None,Large Urbanized Area,Rural minor arterial or urban principal arterial,Boston (MA-NH-RI),,Mainline roadway,Two-way traffic,No Access Control,,30,EASTERN AVENUE,MAIN STREET,LYNN STREET,MALDEN,Good,Level Terrain,,Pulled back from HPMS network estimation routine,,30,Surfaced shoulder exists – Portland Cement Concrete surface (PCC,8,,,Principal Arterial - Other
5527004,MALDEN,4/6/25,Unknown,Open,8:31 PM,2025,Unknown,1,Local police,,21-24,21-24,,,08:00PM to 08:59PM,"D1: (Unknown),(Unknown) ",,Unknown,Yes,Unknown,Unknown,4,,,, PW20254567395,Unknown,Not at junction,MAPC,0,0,Unknown,Unknown,V1: Parked,V1:(Passenger car),V1:(No),V1:(No),V1:,Unknown/Unknown,MIDDLESEX,25000262,"V1:(No, not federally reportable)","No, not federally reportable",Unknown,At Address,"Yes, hit and run",,V1:(Unknown),Unknown,"No, school bus not involved",25,"Yes, device functioning",,No,,,,,,,,236179.9181,909177.8961,42.43228337,-71.06030989,61, PORTER ST Rte S,,,,,,,,,,,1154,,,,,,Both sides,City or Town accepted road,,7,7,0,No Shoulder,25,Bituminous concrete road,0,No Shoulder,2,0,0,None,Large Urbanized Area,Local,Boston (MA-NH-RI),,Mainline roadway,Two-way traffic,No Access Control,,,PORTER STREET,BAINBRIDGE STREET,SALEM STREET,MALDEN,Good,Mountainous Terrain,,,,,0,0,,,Local
5527005,MALDEN,4/7/25,Unknown,Open,6:37 PM,2025,Not reported,1,Local police,,,,,,06:00PM to 06:59PM,,,Collision with other light pole or other post/support,Yes,Daylight,Single vehicle crash,4,,,, PW20254567396,Wet,Not at junction,MAPC,0,0,No controls,"One-way, not divided",V1: Backing,V1:(Passenger car),V1:(No),V1:(No),V1: U,Rain,MIDDLESEX,25000267,"V1:(No, not federally reportable)","No, not federally reportable",Outside roadway,At Address,No hit and run,,V1:(Collision with light pole or other post/support),None,"No, school bus not involved",25,"No, device not functioning", V1:(Collision with light  pole or other post/support),No,,,,,,,,235850.4376,908188.5627,42.42339209,-71.06437536,20, HILLSIDE TER Rte 6,,,,,,,,,,,1154,,,,,,Both sides,City or Town accepted road,,3,3,0,No Shoulder,24,Surface-treated road,0,No Shoulder,2,0,0,None,Large Urbanized Area,Local,Boston (MA-NH-RI),,Mainline roadway,Two-way traffic,No Access Control,,,HILLSIDE TERRACE,HILLSIDE AVENUE,DEAD END,MALDEN,Good,Rolling Terrain,,,,,0,0,,,Local
5527006,MALDEN,4/4/25,Property damage only (none injured),Open,5:35 PM,2025,No Apparent Injury (O),2,Local police,,21-24,45-54,,,05:00PM to 05:59PM,D1: (No improper driving)  / D2: (No improper driving) ,,Collision with motor vehicle in traffic,Yes,Daylight,Angle,4,,,, PW20254567406,Dry,Four-way intersection,MAPC,0,0,No controls,"Two-way, not divided",V1: Travelling straight ahead / V2: Entering traffic lane,V1:(Passenger car) / V2:(Passenger car),V1:(No) / V2:(No),V1:(No) / V2:(No),V1: N  / V2: N,Clear,MIDDLESEX,25000257,"V1:(No, not federally reportable) / V2:(No, not federally reportable)","No, not federally reportable",Roadway,At Address,No hit and run,,V1:(Collision with motor vehicle in traffic) / V2:(Collision with motor vehicle in traffic),None,"No, school bus not involved",25,Not reported, V1:(Collision with motor vehicle in traffic) V2:(Collision with motor vehicle in traffic),No,,,,,,,,235405.67,909508.1061,42.43529164,-71.06969883,36, WINTER ST Rte N,,,,,,,,,,,7104,2020,0.232,349,0,42,Both sides,City or Town accepted road,,5,5,0,No Shoulder,25,Bituminous concrete road,0,No Shoulder,2,0,0,None,Large Urbanized Area,Urban minor arterial or rural major collector,Boston (MA-NH-RI),,Mainline roadway,Two-way traffic,No Access Control,,99,WINTER STREET,WASHINGTON STREET,MAIN STREET,MALDEN,Good,Level Terrain,,Grown from Prior Year HPMS Network,,99,0,0,,,Minor Arterial
5527007,MALDEN,4/9/25,Unknown,Open,1:53 PM,2025,Not reported,1,Local police,,,,,,01:00PM to 01:59PM,,,Collision with parked motor vehicle,Yes,Unknown,"Sideswipe, same direction",4,,,, PW20254567413,Dry,Not at junction,MAPC,0,0,No controls,"One-way, not divided",V1: Parked,V1:(Passenger car),V1:(No),V1:(No),V1: Not Reported,Clear,MIDDLESEX,25000269,"V1:(No, not federally reportable)","No, not federally reportable",Roadway,At Address,"Yes, hit and run",,V1:(Collision with parked motor vehicle),None,"No, school bus not involved",25,Not reported, V1:(Collision with parked motor vehicle),No,,,,,,,,235324.0089,909024.4329,42.43094107,-71.07072086,112, LINDEN AV Rte 6,,,,,,,,,,,1154,,,,,,Both sides,City or Town accepted road,,7,7,0,No Shoulder,25,Bituminous concrete road,0,No Shoulder,2,0,0,None,Large Urbanized Area,Local,Boston (MA-NH-RI),,Mainline roadway,Two-way traffic,No Access Control,,,LINDEN AVENUE,FLORENCE STREET,CLINTON STREET,MALDEN,Good,Level Terrain,,,,,0,0,,,Local