Crash Number,City Town Name,Crash Date,Crash Severity,Crash Status,Crash Time,Crash Year,Max Injury Severity Reported,Number of Vehicles,Police Agency Type,State Police Troop,Age of Driver - Youngest Known,Age of Driver - Oldest Known,Age of Vulnerable User - Youngest Known,Age of Vulnerable User - Oldest Known,Crash Hour,Driver Contributing Circumstances (All Drivers),Driver Distracted By (All Vehicles),First Harmful Event,Is Geocoded,Light Conditions,Manner of Collision,MassDOT District,Vulnerable User Action (All Persons),Vulnerable User Location (All Persons),Vulnerable User Type (All Persons),RMV Document Numbers,Road Surface Condition,Roadway Junction Type,RPA Abbreviation,Total Fatalities,Total Non-Fatal Injuries,Traffic Control Device Type,Trafficway Description,Vehicle Actions Prior to Crash (All Vehicles),Vehicle Configuration (All Vehicles),Vehicle Emergency Use (All Vehicles),Vehicle Towed From Scene (All Vehicles),Vehicle Travel Directions (All Vehicles),Weather Conditions,County Name,Crash Report IDs,FMCSA Reportable (All Vehicles),FMCSA Reportable (Crash),First Harmful Event Location,Geocoding Method,Hit and Run,Locality,Most Harmful Event (All Vehicles),Road Contributing Circumstance,School Bus Related,Speed Limit,Traffic Control Device Function,Vehicle Sequence of Events (All Vehicles),Work Zone Related,Vulnerable User Sequence of Events (All Persons),Vulnerable User Distracted By (All Persons),Vulnerable User Traffic Control Type (All persons),Vulnerable User Origin Destination (All Persons),Vulnerable User Contributing Circumstances (All Persons),Vulnerable User Alcohol Suspected Type (All Persons),Vulnerable User Drug Suspected Type (All Persons),X,Y,Latitude,Longitude,Street Number,Roadway,Near Intersection Roadway,Distance and Direction From Intersection,Milemarker,Milemarker Route,Distance and Direction From Milemarker,Exit Number,Exit Route,Distance and Direction From Exit,Landmark,Distance and Direction From Landmark,AADT-linked RD,AADT Year-linked RD,Peak % Single Unit Trucks-linked RD,Single-Unit Truck and Bus AADT-linked RD,Peak % Combo Trucks-linked RD,Combination Truck AADT-linked RD,Curb-linked RD-linked RD,Jurisdiction-linked RD,Truck Route-linked RD,Left Sidewalk Width-linked RD,Right Sidewalk Width-linked RD,Left Shoulder Width-linked RD,Left Shoulder Type-linked RD,Surface Width-linked RD,Surface Type-linked RD,Right Shoulder Width-linked RD,Right Shoulder Type-linked RD,Number of Travel Lanes-linked RD,Number of Opposing Travel Lanes-linked RD,Median Width-linked RD,Median Type-linked RD,Urban Type-linked RD,Functional Classification-linked RD,Urbanized Area-linked RD,Federal Aid Route Number-linked RD,Facility Type-linked RD,Street Operation-linked RD,Access Control-linked RD,Number of Peak Hour Lanes-linked RD,Speed Limit-linked RD,Street Name-linked RD,From Street Name-linked RD,To Street Name-linked RD,City-linked RD-linked RD,Structural Condition-linked RD,Terrain-linked RD,Urban Location Type-linked RD,AADT Derivation-linked RD,AADT Station Number-linked RD,Opposing Direction Speed Limit-linked RD,Undivided Left Shoulder Type-linked RD,Undivided Left Shoulder Width-linked RD,Truck Exclusion Type-linked RD,Truck Exclusion Time-linked RD,Federal Functional Classification-linked RD
5527008,MALDEN,4/7/25,Unknown,Open,5:44 PM,2025,Not reported,1,Local police,,,,,,05:00PM to 05:59PM,,,Unknown,Yes,Daylight,Unknown,4,,,, PW20254567400,Wet,Not at junction,MAPC,0,0,No controls,Unknown,V1: Parked,V1:(Passenger car),V1:(No),V1:(No),V1: U,Rain,MIDDLESEX,25000266,"V1:(No, not federally reportable)","No, not federally reportable",Outside roadway,At Address,"Yes, hit and run",,V1:(Unknown),Unknown,"Yes, school bus involved",25,"No, device not functioning",,No,,,,,,,,234924.2949,907580.2513,42.41795778,-71.07566566,277, COMMERCIAL ST Rte 6,,,,,,,,,,,13022,2020,0.477,638,0.068,78,Both sides,City or Town accepted road,,7,7,0,No Shoulder,46,Bituminous concrete road,0,No Shoulder,4,0,0,None,Large Urbanized Area,Urban minor arterial or rural major collector,Boston (MA-NH-RI),,Mainline roadway,Two-way traffic,No Access Control,,30,COMMERCIAL STREET,PLEASANT STREET,MEDFORD CITY LINE,MALDEN,Good,Level Terrain,,Grown from Prior Year HPMS Network,,30,0,0,,,Minor Arterial
5527009,MALDEN,4/5/25,Non-fatal injury,Open,8:17 AM,2025,Suspected Minor Injury (B),1,Local police,,65-74,65-74,45-54,45-54,08:00AM to 08:59AM,D1: (No improper driving) ,,Collision with pedestrian,Yes,Daylight,Single vehicle crash,4, VU2: Entering or crossing location, VU2: Marked crosswalk at intersection (includes use of paint raised or other roadway material), VU2: Pedestrian, PW20254567404,Dry,Four-way intersection,MAPC,0,1,No controls,"Two-way, not divided",V1: Turning right,V1:(Passenger car),V1:(No),V1:(No),V1: E,Cloudy,MIDDLESEX,25000259,"V1:(No, not federally reportable)","No, not federally reportable",Roadway,At Intersection,No hit and run,,V1:(Collision with pedestrian),None,"No, school bus not involved",25,"Yes, device functioning", V1:(Collision with pedestrian),No, VU2:(Crossing Roadway),, VU2: None,, VU2:(None),,,235572.8125,908388.375,42.42520363,-71.06773647,, CENTRE Rte E  / MAIN Rte N,,,,,,,,,,,14589,2020,0.558,671,0.155,161,Both sides,City or Town accepted road,,0,8,0,No Shoulder,22,Bituminous concrete road,0,No Shoulder,2,2,5,Raised Median,Large Urbanized Area,Rural minor arterial or urban principal arterial,Boston (MA-NH-RI),,Mainline roadway,Two-way traffic,No Access Control,,30,CENTRE STREET,PLEASANT STREET,EASTERN AVENUE,MALDEN,Good,Level Terrain,,Pulled back from HPMS network estimation routine,,0,0,0,,,Principal Arterial - Other
5527010,MALDEN,4/17/25,Property damage only (none injured),Open,6:41 AM,2025,No Apparent Injury (O),2,Local police,,45-54,55-64,,,06:00AM to 06:59AM,D1: (Unknown)  / D2: (No improper driving) ,D2: Not Distracted,Collision with motor vehicle in traffic,Yes,Daylight,Angle,4,,,, PW20254567414,Dry,T-intersection,MAPC,0,0,No controls,"Two-way, divided, unprotected median",V1: Turning right / V2: Travelling straight ahead,"V1:(Light truck(van, mini-van, pickup, sport utility)) / V2:(Light truck(van, mini-van, pickup, sport utility))",V1:(No) / V2:(No),V1:(No) / V2:(No),V1: N  / V2: S,Clear,MIDDLESEX,25000285,"V1:(No, not federally reportable) / V2:(No, not federally reportable)","No, not federally reportable",Roadway,At Address,No hit and run,,V1:(Collision with motor vehicle in traffic) / V2:(Collision with motor vehicle in traffic),None,"No, school bus not involved",25,Not reported, V1:(Collision with motor vehicle in traffic) V2:(Collision with motor vehicle in traffic),No,,,,,,,,239161.4302,909947.5609,42.4390682,-71.02402447,16, QUARRY LN Rte,,,,,,,,,,,,,,,,,,Unaccepted by city or town,,5,5,0,No Shoulder,0,0,0,No Shoulder,0,0,0,None,Large Urbanized Area,Local,Boston (MA-NH-RI),,,,No Access Control,,,QUARRY LANE,OVERLOOK RIDGE DRIVE,DEAD END,MALDEN,,Rolling Terrain,,,,,0,0,,,Local
5527011,MALDEN,4/11/25,Property damage only (none injured),Open,5:28 PM,2025,No Apparent Injury (O),2,Local police,,25-34,25-34,,,05:00PM to 05:59PM,D1: (No improper driving)  / D2: (No improper driving) ,,Collision with parked motor vehicle,Yes,Daylight,Rear-end,4,,,, PW20254567398,Dry,Not at junction,MAPC,0,0,Traffic control signal,"Two-way, not divided",V1: Parked / V2: Backing,V1:(Passenger car) / V2:(Passenger car),V1:(No) / V2:(No),V1:(No) / V2:(No),V1:    / V2: E,Clear,MIDDLESEX,25000272,"V1:(No, not federally reportable) / V2:(No, not federally reportable)","No, not federally reportable",Roadway,At Address,No hit and run,,V1:(Collision with motor vehicle in traffic) / V2:(Collision with parked motor vehicle),None,"No, school bus not involved",25,"Yes, device functioning", V1:(Collision with motor vehicle in traffic) V2:(Collision with parked motor vehicle),No,,,,,,,,235164.7625,908613.488,42.42724872,-71.0726811,215, PLEASANT ST Rte W,,,,,,,,,,,,,,,,,,Unaccepted by city or town,,,,,,,,,,,,,,Large Urbanized Area,Local,Boston (MA-NH-RI),,Mainline roadway,,,,,PLEASANT STREET,MAIN STREET,CUL_DE_SAC,MALDEN,,,,,,,,,,,Local
5527012,MALDEN,4/17/25,Property damage only (none injured),Open,4:36 PM,2025,No Apparent Injury (O),1,Local police,,25-34,25-34,,,04:00PM to 04:59PM,D1: (Unknown) ,,Collision with utility pole,Yes,Daylight,Single vehicle crash,4,,,, PW20254567412,Dry,T-intersection,MAPC,0,0,Unknown,"Two-way, not divided",V1: Turning right,"V1:(Light truck(van, mini-van, pickup, sport utility))",V1:(No),"V1:(Yes, vehicle or trailer disabled)",V1: S,Clear,MIDDLESEX,25000283,"V1:(No, not federally reportable)","No, not federally reportable",Outside roadway,At Intersection,No hit and run,,V1:(Collision with utility pole),None,"No, school bus not involved",25,"No, device not functioning", V1:(Collision with utility pole),No,,,,,,,,235572.8125,908388.375,42.42520363,-71.06773647,, CENTRE ST Rte    / MAIN ST Rte,,,,,,,,,,,14589,2020,0.558,671,0.155,161,Both sides,City or Town accepted road,,0,8,0,No Shoulder,22,Bituminous concrete road,0,No Shoulder,2,2,5,Raised Median,Large Urbanized Area,Rural minor arterial or urban principal arterial,Boston (MA-NH-RI),,Mainline roadway,Two-way traffic,No Access Control,,30,CENTRE STREET,PLEASANT STREET,EASTERN AVENUE,MALDEN,Good,Level Terrain,,Pulled back from HPMS network estimation routine,,0,0,0,,,Principal Arterial - Other
5527013,MALDEN,4/11/25,Property damage only (none injured),Open,7:31 PM,2025,No Apparent Injury (O),2,Local police,,25-34,65-74,,,07:00PM to 07:59PM,D1: (Unknown)  / D2: (Unknown) ,,Collision with motor vehicle in traffic,Yes,Dark - lighted roadway,Angle,4,,,, PW20254567401,Wet,Four-way intersection,MAPC,0,0,Traffic control signal,"Two-way, divided, unprotected median",V1: Turning right / V2: Travelling straight ahead,V1:(Passenger car) / V2:(Passenger car),V1:(No) / V2:(No),V1:(No) / V2:(No),V1: S  / V2: E,Clear,MIDDLESEX,25000273,"V1:(No, not federally reportable) / V2:(No, not federally reportable)","No, not federally reportable",Roadway,At Intersection,No hit and run,,V1:(Collision with motor vehicle in traffic) / V2:(Collision with motor vehicle in traffic),Unknown,"No, school bus not involved",25,"Yes, device functioning", V1:(Collision with motor vehicle in traffic) V2:(Collision with motor vehicle in traffic),No,,,,,,,,235826.3127,908307.4373,42.42446338,-71.06466113,, EASTERN AV Rte E  / FERRY ST Rte S,,,,,,,,,,,20546,2020,0.33,800,0.105,226,Both sides,City or Town accepted road,,6,6,0,No Shoulder,32,Bituminous concrete road,0,No Shoulder,2,0,0,None,Large Urbanized Area,Rural minor arterial or urban principal arterial,Boston (MA-NH-RI),,Mainline roadway,Two-way traffic,No Access Control,,30,EASTERN AVENUE,MAIN STREET,LYNN STREET,MALDEN,Good,Level Terrain,,Grown from Prior Year HPMS Network,,30,0,0,,,Principal Arterial - Other
5527014,MALDEN,4/13/25,Property damage only (none injured),Open,6:52 AM,2025,No Apparent Injury (O),2,Local police,,25-34,55-64,,,06:00AM to 06:59AM,"D1: (Disregarded traffic signs, signals, road markings),(Disregarded traffic signs, signals, road markings)  / D2: (No improper driving),(No improper driving) ",D2: Not Distracted,Collision with motor vehicle in traffic,Yes,Daylight,Angle,4,,,, PW20254567416,Wet,Four-way intersection,MAPC,0,0,Traffic control signal,"Two-way, divided, unprotected median",V1: Travelling straight ahead / V2: Travelling straight ahead,V1:(Passenger car) / V2:(Passenger car),V1:(No) / V2:(No),"V1:(Yes, vehicle or trailer disabled) / V2:(Yes, vehicle or trailer disabled)",V1: E  / V2: S,Rain/Rain,MIDDLESEX,25000277,"V1:(No, not federally reportable) / V2:(No, not federally reportable)","No, not federally reportable",Roadway,At Intersection,No hit and run,,V1:(Collision with motor vehicle in traffic) / V2:(Collision with motor vehicle in traffic),None,"No, school bus not involved",30,"Yes, device functioning", V1:(Collision with motor vehicle in traffic) V2:(Collision with motor vehicle in traffic),No,,,,,,,,234924.2501,907544.1252,42.41763255,-71.07566839,, COMMERCIAL ST Rte S  / MEDFORD ST Rte E,,,,,,,,,,,13022,2020,0.477,638,0.068,78,Both sides,City or Town accepted road,,7,7,0,No Shoulder,46,Bituminous concrete road,0,No Shoulder,4,0,0,None,Large Urbanized Area,Urban minor arterial or rural major collector,Boston (MA-NH-RI),,Mainline roadway,Two-way traffic,No Access Control,,30,COMMERCIAL STREET,PLEASANT STREET,MEDFORD CITY LINE,MALDEN,Good,Level Terrain,,Grown from Prior Year HPMS Network,,30,0,0,,,Minor Arterial
5527015,MALDEN,4/16/25,Unknown,Open,6:26 AM,2025,Not reported,1,Local police,,,,,,06:00AM to 06:59AM,,,Collision with parked motor vehicle,Yes,Dark - unknown roadway lighting,Unknown,4,,,, PW20254567407,Dry,Not at junction,MAPC,0,0,No controls,"Two-way, not divided",V1: Parked,V1:(Passenger car),V1:(No),V1:(No),V1:,Clear,MIDDLESEX,25000280,"V1:(No, not federally reportable)","No, not federally reportable",Outside roadway,At Address,"Yes, hit and run",,V1:(Collision with parked motor vehicle),None,"No, school bus not involved",10,Not reported, V1:(Collision with parked motor vehicle),No,,,,,,,,235765.7342,909041.8896,42.43107808,-71.06535175,200, MOUNTAIN AV Rte 6,,,,,,,,,,,2766,2020,0.21,134,0,17,Both sides,City or Town accepted road,,9,9,0,No Shoulder,30,Bituminous concrete road,0,No Shoulder,2,0,0,None,Large Urbanized Area,Urban collector or rural minor collector,Boston (MA-NH-RI),,Mainline roadway,Two-way traffic,No Access Control,,99,MOUNTAIN AVENUE,EVERETT STREET ,MOUNT VERNON STREET,MALDEN,Good,Level Terrain,,Grown from Prior Year HPMS Network,,99,0,0,,,Major Collector
5527016,MALDEN,4/4/25,Unknown,Open,9:40 PM,2025,Not reported,1,Local police,,,,,,09:00PM to 09:59PM,,,Unknown,Yes,Unknown,Unknown,4,,,, PW20254567402,Unknown,Not at junction,MAPC,0,0,No controls,"One-way, not divided",V1: Parked,"V1:(Light truck(van, mini-van, pickup, sport utility))",V1:(No),V1:(No),V1: Not Reported,Unknown,MIDDLESEX,25000258,"V1:(No, not federally reportable)","No, not federally reportable",Roadway,At Address,"Yes, hit and run",,V1:(Unknown),None,"No, school bus not involved",25,Not reported,,No,,,,,,,,234593.0525,908435.7374,42.42567409,-71.079639,32, RUSSELL ST Rte 6,,,,,,,,,,,1154,,,,,,Both sides,City or Town accepted road,,7,7,0,No Shoulder,25,Bituminous concrete road,0,No Shoulder,2,0,0,None,Large Urbanized Area,Local,Boston (MA-NH-RI),,Mainline roadway,Two-way traffic,No Access Control,,,RUSSELL STREET,PLEASANT STREET,ADAMS STREET,MALDEN,Good,Level Terrain,,,,,0,0,,,Local
5527017,MALDEN,4/14/25,Non-fatal injury,Open,9:16 PM,2025,Suspected Minor Injury (B),1,Local police,,75-84,75-84,25-34,25-34,09:00PM to 09:59PM,D1: (No improper driving) ,D1: Not Distracted,Collision with pedestrian,Yes,Dark - lighted roadway,Single vehicle crash,4," VU2: Walking, running or cycling", VU2: Marked crosswalk at intersection (includes use of paint raised or other roadway material), VU2: Pedestrian, PW20254567408,Wet,Four-way intersection,MAPC,0,1,Traffic control signal,"Two-way, not divided",V1: Travelling straight ahead,V1:(Passenger car),V1:(No),V1:(No),V1: S,Rain,MIDDLESEX,25000279,"V1:(No, not federally reportable)","No, not federally reportable",Roadway,At Intersection,No hit and run,,V1:(Collision with pedestrian),None,"No, school bus not involved",25,"Yes, device functioning", V1:(Collision with pedestrian),No," VU2:(Crossing Roadway),(Collision with motor vehicle in transport)", VU2:(Not Distracted), VU2: VU Crossing Signal, VU2: Going to or from Transit, VU2:(None), VU2: No, VU2: No,235106.2149,908620.9221,42.42731829,-71.07339211,, COMMERCIAL ST Rte S  / PLEASANT ST Rte,,,,,,,,,,,14655,2020,0.477,718,0.068,88,Both sides,City or Town accepted road,,10,10,0,No Shoulder,38,Bituminous concrete road,0,No Shoulder,2,0,0,None,Large Urbanized Area,Urban minor arterial or rural major collector,Boston (MA-NH-RI),,Mainline roadway,Two-way traffic,No Access Control,,30,PLEASANT STREET,COMMERCIAL STREET,MEDFORD CITY LINE,MALDEN,Good,Level Terrain,,Grown from Prior Year HPMS Network,,30,0,0,,,Minor Arterial
5527018,MALDEN,4/18/25,Property damage only (none injured),Open,4:38 PM,2025,No Apparent Injury (O),1,Local police,,25-34,25-34,,,04:00PM to 04:59PM,"D1: (Unknown),(Unknown) ",D1: Not Distracted,Collision with motor vehicle in traffic,Yes,Daylight,"Sideswipe, same direction",4,,,, PW20254567420,Dry,Four-way intersection,MAPC,0,0,Traffic control signal,"Two-way, divided, unprotected median",V1: Turning left,V1:(Passenger car),V1:(No),V1:(No),V1: W,Cloudy/Cloudy,MIDDLESEX,25000287,"V1:(No, not federally reportable)","No, not federally reportable",Unknown,At Address,No hit and run,,V1:(Collision with motor vehicle in traffic),None,"No, school bus not involved",25,"Yes, device functioning", V1:(Collision with motor vehicle in traffic),No,,,,,,,,234621.2696,908558.1762,42.4267751,-71.07928879,401, PLEASANT ST Rte W,,,,,,,,,,,13935,2020,0.558,642,0.155,153,Both sides,City or Town accepted road,,6,8,0,No Shoulder,24,Bituminous concrete road,0,No Shoulder,2,0,0,None,Large Urbanized Area,Rural minor arterial or urban principal arterial,Boston (MA-NH-RI),,Mainline roadway,Two-way traffic,No Access Control,,20,CENTRE STREET,PLEASANT STREET,EASTERN AVENUE,MALDEN,Good,Level Terrain,,Pulled back from HPMS network estimation routine,,20,0,0,,,Principal Arterial - Other
5527019,MALDEN,4/9/25,Property damage only (none injured),Open,12:54 PM,2025,No Apparent Injury (O),2,Local police,,25-34,25-34,,,12:00PM to 12:59PM,"D1: (No improper driving)  / D2: (Unknown),(Emotional) ",D1: Not Distracted,Collision with parked motor vehicle,Yes,Daylight,Rear-end,4,,,, PW20254567415,Dry,Not at junction,MAPC,0,0,No controls,"Two-way, divided, positive median barrier",V1: Parked / V2: Backing,V1:(Passenger car) / V2:(Passenger car),V1:(No) / V2:(No),V1:(No) / V2:(No),V1: U  / V2: N,Clear,MIDDLESEX,25000268,"V1:(No, not federally reportable) / V2:(No, not federally reportable)","No, not federally reportable",Roadway,At Address,"Yes, hit and run",,V1:(Collision with motor vehicle in traffic) / V2:(Collision with parked motor vehicle),None,"No, school bus not involved",25,Not reported, V1:(Collision with motor vehicle in traffic) V2:(Collision with parked motor vehicle),No,,,,,,,,235625.9894,908545.1619,42.42661268,-71.06708063,421, MAIN ST Rte N,,,,,,,,,,,10345,2020,0.164,213,0.01,28,Both sides,City or Town accepted road,,0,10,0,No Shoulder,20,Bituminous concrete road,0,No Shoulder,1,1,3,Raised Median,Large Urbanized Area,Rural minor arterial or urban principal arterial,Boston (MA-NH-RI),,Mainline roadway,Two-way traffic,No Access Control,,30,MAIN STREET,MELROSE CITY LINE,EVERETT CITY LINE,MALDEN,Good,Level Terrain,,Pulled back from HPMS network estimation routine,,30,0,0,,,Principal Arterial - Other
5527020,MALDEN,4/21/25,Property damage only (none injured),Open,4:44 PM,2025,Not Applicable,2,Local police,,35-44,35-44,,,04:00PM to 04:59PM,D2: (No improper driving) ,D2: Not Distracted,Collision with parked motor vehicle,Yes,Daylight,"Sideswipe, opposite direction",4,,,, PW20254567417,Dry,Not at junction,MAPC,0,0,No controls,Unknown,V1: Unknown / V2: Parked,"V1:(Other) / V2:(Light truck(van, mini-van, pickup, sport utility))",V1:(No) / V2:(No),V1:(No) / V2:(No),V1: U  / V2: Not Reported,Clear/Clear,MIDDLESEX,25000300,"V1:(No, not federally reportable) / V2:(No, not federally reportable)","No, not federally reportable",Outside roadway,At Address,"Yes, hit and run",,V1:(Collision with parked motor vehicle) / V2:(Collision with parked motor vehicle),None,"No, school bus not involved",25,Not reported, V1:(Collision with parked motor vehicle) V2:(Collision with parked motor vehicle),No,,,,,,,,239241.0977,910083.4578,42.4402876,-71.02304696,21, QUARRY LN Rte 6,,,,,,,,,,,,,,,,,,Unaccepted by city or town,,5,5,0,No Shoulder,0,0,0,No Shoulder,0,0,0,None,Large Urbanized Area,Local,Boston (MA-NH-RI),,,,No Access Control,,,QUARRY LANE,OVERLOOK RIDGE DRIVE,DEAD END,MALDEN,,Rolling Terrain,,,,,0,0,,,Local
5527021,MALDEN,4/12/25,Non-fatal injury,Open,7:53 PM,2025,Suspected Minor Injury (B),2,Local police,,35-44,45-54,,,07:00PM to 07:59PM,D1: (Unknown)  / D2: (Unknown) ,,Collision with motor vehicle in traffic,Yes,Dark - roadway not lighted,Angle,4,,,, PW20254567409,Wet,Four-way intersection,MAPC,0,1,Traffic control signal,"Two-way, not divided",V1: Travelling straight ahead / V2: Travelling straight ahead,V1:(Passenger car) / V2:(Passenger car),V1:(No) / V2:(No),"V1:(Yes, vehicle or trailer disabled) / V2:(Yes, vehicle or trailer disabled)",V1: W  / V2: N,Cloudy/Rain,MIDDLESEX,25000276,"V1:(No, not federally reportable) / V2:(No, not federally reportable)","No, not federally reportable",Roadway,At Intersection,No hit and run,,V1:(Collision with motor vehicle in traffic) / V2:(Collision with motor vehicle in traffic),None,"No, school bus not involved",30,"Yes, device functioning"," V1:(Collision with motor vehicle in traffic) V2:(Collision with motor vehicle in traffic),(Other),(Collision with overhead sign support),(Collision with other movable object)",No,,,,,,,,234578.0935,907544.1252,42.41764798,-71.07987414,, HIGHLAND AV Rte N  / MEDFORD ST Rte W,,,,,,,,,,,14259,2020,0.632,812,0.109,115,Both sides,City or Town accepted road,,9,9,0,No Shoulder,36,Bituminous concrete road,0,No Shoulder,2,0,0,None,Large Urbanized Area,Urban minor arterial or rural major collector,Boston (MA-NH-RI),,Mainline roadway,Two-way traffic,No Access Control,,25,HIGHLAND AVENUE,MEDFORD CITY LINE,MEDFORD CITY LINE,MALDEN,Good,Level Terrain,,Pulled back from HPMS network estimation routine,,25,0,0,,,Minor Arterial
5527022,MALDEN,4/19/25,Property damage only (none injured),Open,7:40 PM,2025,No Apparent Injury (O),4,Local police,,25-34,25-34,,,07:00PM to 07:59PM,"D3: (Operating vehicle in erratic, reckless, careless, negligent or aggressive manner),(Physical impairment) ","D3: Other activity (searching, eating, personal hygiene, etc.)",Collision with parked motor vehicle,Yes,Dark - lighted roadway,Unknown,4,,,, PW20254567424,Dry,Y-intersection,MAPC,0,0,No controls,"Two-way, not divided",V1: Parked / V2: Parked / V3: Unknown / V4: Parked,V1:(Passenger car) / V2:(Passenger car) / V3:(Passenger car) / V4:(Passenger car),V1:(No) / V2:(No) / V3:(No) / V4:(No),"V1:(No) / V2:(No) / V3:(Yes, vehicle or trailer disabled) / V4:(No)",V1: S  / V2: S  / V3: S  / V4: N,Clear,MIDDLESEX,25000295,"V1:(No, not federally reportable) / V2:(No, not federally reportable) / V3:(No, not federally reportable) / V4:(No, not federally reportable)","No, not federally reportable",Roadway,At Intersection,"Yes, hit and run",,V1:(Collision with motor vehicle in traffic) / V2:(Collision with motor vehicle in traffic) / V3:(Collision with parked motor vehicle) / V4:(Collision with motor vehicle in traffic),None,"No, school bus not involved",25,Not reported, V1:(Collision with motor vehicle in traffic) V2:(Collision with motor vehicle in traffic) V3:(Collision with parked motor vehicle) V4:(Collision with motor vehicle in traffic),No,,,,,,,,236856.9062,908332.1249,42.42463759,-71.05213665,, HARVARD ST Rte S  / SUFFOLK ST Rte W,,,,,,,,,,,1154,,,,,,Both sides,City or Town accepted road,,7,7,0,No Shoulder,25,Surface-treated road,0,No Shoulder,2,0,0,None,Large Urbanized Area,Local,Boston (MA-NH-RI),,Mainline roadway,Two-way traffic,No Access Control,,,HARVARD STREET,BOWDOIN STREET,FERRY STREET,MALDEN,Good,Level Terrain,,,,,0,0,,,Local
5527023,MALDEN,4/17/25,Property damage only (none injured),Open,5:28 PM,2025,No Apparent Injury (O),2,Local police,,35-44,35-44,,,05:00PM to 05:59PM,"D1: (Unknown),(Unknown)  / D2: (Unknown),(Unknown) ",,Collision with parked motor vehicle,Yes,Unknown,"Sideswipe, same direction",4,,,, PW20254567421,Unknown,Unknown,MAPC,0,0,Reported but invalid,Unknown,V1: Unknown / V2: Parked,V1:(Passenger car) / V2:(Passenger car),V1:(No) / V2:(No),V1:(No) / V2:(No),V1: N  / V2: N,Unknown/Unknown,MIDDLESEX,25000284,"V1:(No, not federally reportable) / V2:(No, not federally reportable)","No, not federally reportable",Roadway,Operator Designated,"Yes, hit and run",,V1:(Unknown) / V2:(Unknown),Unknown,"No, school bus not involved",25,"Yes, device functioning",,No,,,,,,,,237547.114,909555.9654,42.43562229,-71.04367026,, GRANITE STREET, JACOB STREET,,,,,,,,,,2836,2020,0.21,139,0,17,Both sides,City or Town accepted road,,7,7,0,No Shoulder,40,Bituminous concrete road,0,No Shoulder,2,0,0,None,Large Urbanized Area,Urban collector or rural minor collector,Boston (MA-NH-RI),,Mainline roadway,Two-way traffic,No Access Control,,99,GRANITE STREET,NEAL STREET,LEBANON STREET,MALDEN,Good,Level Terrain,,Grown from Prior Year HPMS Network,,99,0,0,,,Major Collector
5527024,MALDEN,4/18/25,Property damage only (none injured),Open,6:08 PM,2025,No Apparent Injury (O),2,Local police,,35-44,55-64,,,06:00PM to 06:59PM,D1: (No improper driving)  / D2: (Inattention) ,,Collision with parked motor vehicle,Yes,Daylight,Rear-end,4,,,, PW20254567422,Dry,Not at junction,MAPC,0,0,No controls,"Two-way, divided, unprotected median",V1: Parked / V2: Backing,V1:(Passenger car) / V2:(Passenger car),V1:(No) / V2:(No),V1:(No) / V2:(No),V1: E  / V2: E,Cloudy,MIDDLESEX,25000290,"V1:(No, not federally reportable) / V2:(No, not federally reportable)","No, not federally reportable",Roadway,At Address,No hit and run,,V1:(Collision with motor vehicle in traffic) / V2:(Collision with parked motor vehicle),None,"No, school bus not involved",25,Not reported, V1:(Collision with motor vehicle in traffic) V2:(Collision with parked motor vehicle),No,,,,,,,,235619.6802,909017.8158,42.43086804,-71.06712815,166, MOUNTAIN AV Rte E,,,,,,,,,,,2766,2020,0.21,134,0,17,Both sides,City or Town accepted road,,9,9,0,No Shoulder,30,Bituminous concrete road,0,No Shoulder,2,0,0,None,Large Urbanized Area,Urban collector or rural minor collector,Boston (MA-NH-RI),,Mainline roadway,Two-way traffic,No Access Control,,99,MOUNTAIN AVENUE,EVERETT STREET ,MOUNT VERNON STREET,MALDEN,Good,Level Terrain,,Grown from Prior Year HPMS Network,,99,0,0,,,Major Collector
5527025,MALDEN,4/12/25,Property damage only (none injured),Open,6:54 PM,2025,No Apparent Injury (O),2,Local police,,25-34,25-34,,,06:00PM to 06:59PM,D1: (No improper driving) ,,Collision with parked motor vehicle,Yes,Dusk,Rear-end,4,,,, PW20254567411,Wet,Not at junction,MAPC,0,0,No controls,"Two-way, not divided",V1: Travelling straight ahead / V2: Parked,"V1:(Passenger car) / V2:(Light truck(van, mini-van, pickup, sport utility))",V1:(No) / V2:(No),"V1:(Yes, vehicle or trailer disabled) / V2:(No)",V1: W  / V2: U,Rain,MIDDLESEX,25000275,"V1:(No, not federally reportable) / V2:(No, not federally reportable)","No, not federally reportable",Roadway,At Address,No hit and run,,V1:(Collision with parked motor vehicle) / V2:(Collision with motor vehicle in traffic),None,"No, school bus not involved",25,Not reported, V1:(Collision with parked motor vehicle) V2:(Collision with motor vehicle in traffic),No,,,,,,,,237236.2601,908149.2004,42.42297279,-71.04753885,133, TAYLOR ST Rte W,,,,,,,,,,,2609,2020,0.21,128,0,15,Both sides,City or Town accepted road,,8,8,0,No Shoulder,32,Surface-treated road,0,No Shoulder,2,0,0,None,Large Urbanized Area,Urban collector or rural minor collector,Boston (MA-NH-RI),,Mainline roadway,Two-way traffic,No Access Control,,99,TAYLOR STREET,MALDEN CITY LINE,SAMMET STREET,EVERETT,Fair,Rolling Terrain,,Grown from Prior Year HPMS Network,,99,0,0,,,Major Collector