Crash Number,City Town Name,Crash Date,Crash Severity,Crash Status,Crash Time,Crash Year,Max Injury Severity Reported,Number of Vehicles,Police Agency Type,State Police Troop,Age of Driver - Youngest Known,Age of Driver - Oldest Known,Age of Vulnerable User - Youngest Known,Age of Vulnerable User - Oldest Known,Crash Hour,Driver Contributing Circumstances (All Drivers),Driver Distracted By (All Vehicles),First Harmful Event,Is Geocoded,Light Conditions,Manner of Collision,MassDOT District,Vulnerable User Action (All Persons),Vulnerable User Location (All Persons),Vulnerable User Type (All Persons),RMV Document Numbers,Road Surface Condition,Roadway Junction Type,RPA Abbreviation,Total Fatalities,Total Non-Fatal Injuries,Traffic Control Device Type,Trafficway Description,Vehicle Actions Prior to Crash (All Vehicles),Vehicle Configuration (All Vehicles),Vehicle Emergency Use (All Vehicles),Vehicle Towed From Scene (All Vehicles),Vehicle Travel Directions (All Vehicles),Weather Conditions,County Name,Crash Report IDs,FMCSA Reportable (All Vehicles),FMCSA Reportable (Crash),First Harmful Event Location,Geocoding Method,Hit and Run,Locality,Most Harmful Event (All Vehicles),Road Contributing Circumstance,School Bus Related,Speed Limit,Traffic Control Device Function,Vehicle Sequence of Events (All Vehicles),Work Zone Related,Vulnerable User Sequence of Events (All Persons),Vulnerable User Distracted By (All Persons),Vulnerable User Traffic Control Type (All persons),Vulnerable User Origin Destination (All Persons),Vulnerable User Contributing Circumstances (All Persons),Vulnerable User Alcohol Suspected Type (All Persons),Vulnerable User Drug Suspected Type (All Persons),X,Y,Latitude,Longitude,Street Number,Roadway,Near Intersection Roadway,Distance and Direction From Intersection,Milemarker,Milemarker Route,Distance and Direction From Milemarker,Exit Number,Exit Route,Distance and Direction From Exit,Landmark,Distance and Direction From Landmark,AADT-linked RD,AADT Year-linked RD,Peak % Single Unit Trucks-linked RD,Single-Unit Truck and Bus AADT-linked RD,Peak % Combo Trucks-linked RD,Combination Truck AADT-linked RD,Curb-linked RD-linked RD,Jurisdiction-linked RD,Truck Route-linked RD,Left Sidewalk Width-linked RD,Right Sidewalk Width-linked RD,Left Shoulder Width-linked RD,Left Shoulder Type-linked RD,Surface Width-linked RD,Surface Type-linked RD,Right Shoulder Width-linked RD,Right Shoulder Type-linked RD,Number of Travel Lanes-linked RD,Number of Opposing Travel Lanes-linked RD,Median Width-linked RD,Median Type-linked RD,Urban Type-linked RD,Functional Classification-linked RD,Urbanized Area-linked RD,Federal Aid Route Number-linked RD,Facility Type-linked RD,Street Operation-linked RD,Access Control-linked RD,Number of Peak Hour Lanes-linked RD,Speed Limit-linked RD,Street Name-linked RD,From Street Name-linked RD,To Street Name-linked RD,City-linked RD-linked RD,Structural Condition-linked RD,Terrain-linked RD,Urban Location Type-linked RD,AADT Derivation-linked RD,AADT Station Number-linked RD,Opposing Direction Speed Limit-linked RD,Undivided Left Shoulder Type-linked RD,Undivided Left Shoulder Width-linked RD,Truck Exclusion Type-linked RD,Truck Exclusion Time-linked RD,Federal Functional Classification-linked RD
5527026,MALDEN,4/19/25,Property damage only (none injured),Open,9:41 PM,2025,No Apparent Injury (O),2,Local police,,35-44,55-64,,,09:00PM to 09:59PM,D1: (No improper driving)  / D2: (No improper driving) ,D1: Not Distracted / D2: Not Distracted,Collision with motor vehicle in traffic,Yes,Dark - lighted roadway,Rear-end,4,,,, PW20254567425,Dry,T-intersection,MAPC,0,0,Traffic control signal,"Two-way, divided, unprotected median",V1: Slowing or stopped in traffic / V2: Travelling straight ahead,"V1:(Passenger car) / V2:(Light truck(van, mini-van, pickup, sport utility))",V1:(No) / V2:(No),V1:(No) / V2:(No),V1: W  / V2: W,Clear,MIDDLESEX,25000296,"V1:(No, not federally reportable) / V2:(No, not federally reportable)","No, not federally reportable",Roadway,At Intersection,No hit and run,,V1:(Collision with motor vehicle in traffic) / V2:(Collision with motor vehicle in traffic),None,"No, school bus not involved",25,"Yes, device functioning", V1:(Collision with motor vehicle in traffic) V2:(Collision with motor vehicle in traffic),No,,,,,,,,236369.5626,909026.6248,42.43091272,-71.05801473,, PIERCE ST Rte    / SALEM ST Rte,,,,,,,,,,,3581,2020,,,,,Both sides,City or Town accepted road,,7,7,0,No Shoulder,30,Bituminous concrete road,0,No Shoulder,2,0,0,None,Large Urbanized Area,Urban collector or rural minor collector,Boston (MA-NH-RI),,Mainline roadway,Two-way traffic,No Access Control,,99,PIERCE STREET,FOREST STREET,SALEM STREET,MALDEN,Good,Rolling Terrain,,Pulled back from HPMS network estimation routine,,99,0,0,,,Major Collector
5527027,MALDEN,4/18/25,Property damage only (none injured),Open,10:25 AM,2025,No Apparent Injury (O),2,Local police,,65-74,75-84,,,10:00AM to 10:59AM,D1: (No improper driving)  / D2: (No improper driving) ,D1: Not Distracted / D2: Not Distracted,Collision with motor vehicle in traffic,Yes,Daylight,Angle,4,,,, PW20254567419,Dry,Four-way intersection,MAPC,0,0,Traffic control signal,"Two-way, not divided",V1: Turning left / V2: Travelling straight ahead,V1:(Passenger car) / V2:(Passenger car),V1:(No) / V2:(No),V1:(No) / V2:(No),V1: E  / V2: E,Clear,MIDDLESEX,25000286,"V1:(No, not federally reportable) / V2:(No, not federally reportable)","No, not federally reportable",Roadway,At Intersection,No hit and run,,V1:(Collision with motor vehicle in traffic) / V2:(Collision with motor vehicle in traffic),None,"No, school bus not involved",25,Not reported, V1:(Collision with motor vehicle in traffic) V2:(Collision with motor vehicle in traffic),No,,,,,,,,235610.9998,908176.5624,42.42329503,-71.0672855,, EASTERN AV Rte E  / MAIN ST Rte N,,,,,,,,,,,10575,2020,,,,,Both sides,City or Town accepted road,,6,6,0,No Shoulder,32,Bituminous concrete road,0,No Shoulder,2,0,0,None,Large Urbanized Area,Rural minor arterial or urban principal arterial,Boston (MA-NH-RI),,Mainline roadway,Two-way traffic,No Access Control,,30,EASTERN AVENUE,MAIN STREET,LYNN STREET,MALDEN,Good,Level Terrain,,Pulled back from HPMS network estimation routine,,30,0,0,,,Principal Arterial - Other
5527028,MALDEN,4/23/25,Property damage only (none injured),Open,12:59 AM,2025,No Apparent Injury (O),1,Local police,,35-44,35-44,,,12:00AM to 12:59AM,D1: (No improper driving) ,D1: Not Distracted,Collision with guardrail,Yes,Dark - lighted roadway,Single vehicle crash,4,,,, PW20254567429,Dry,Not at junction,MAPC,0,0,No controls,"Two-way, not divided",V1: Making U-turn,V1:(Passenger car),V1:(No),"V1:(Yes, vehicle or trailer disabled)",V1: S,Cloudy,MIDDLESEX,25000305,"V1:(No, not federally reportable)","No, not federally reportable",Outside roadway,At Address,No hit and run,,V1:(Collision with guardrail),None,"No, school bus not involved",15,Not reported, V1:(Collision with guardrail),No,,,,,,,,237689.2123,908422.9158,42.42541515,-71.04201723,60, BROADWAY Rte S,,,,,,,,,,,20559,2020,0.33,801,0.105,224,Both sides,City or Town accepted road,,6,6,0,No Shoulder,46,Bituminous concrete road,0,No Shoulder,4,0,0,None,Large Urbanized Area,Rural minor arterial or urban principal arterial,Boston (MA-NH-RI),,Mainline roadway,Two-way traffic,No Access Control,,35,BROADWAY,EVERETT CITY LINE,MELROSE CITY LINE,MALDEN,Good,Level Terrain,,Grown from Prior Year HPMS Network,,35,0,0,,,Principal Arterial - Other
5527029,MALDEN,4/18/25,Property damage only (none injured),Open,6:50 PM,2025,No Apparent Injury (O),2,Local police,,21-24,21-24,,,06:00PM to 06:59PM,D1: (No improper driving) ,D1: Not Distracted,Collision with parked motor vehicle,Yes,Daylight,Rear-end,4,,,, PW20254567426,Dry,Not at junction,MAPC,0,0,No controls,"Two-way, not divided",V1: Parked / V2: Turning right,V1:(Passenger car) / V2:(Passenger car),V1:(No) / V2:(No),V1:(No) / V2:(No),V1: Not Reported / V2: U,Clear,MIDDLESEX,25000289,"V1:(No, not federally reportable) / V2:(No, not federally reportable)","No, not federally reportable",Outside roadway,At Address,No hit and run,,V1:(Collision with motor vehicle in traffic) / V2:(Collision with parked motor vehicle),None,"No, school bus not involved",5,"No, device not functioning", V1:(Collision with motor vehicle in traffic) V2:(Collision with parked motor vehicle),No,,,,,,,,238580.3991,910233.9308,42.44167521,-71.03106715,619, BROADWAY Rte 6, BROADWAY Rte,,,,,,,,,,24544,2020,0.33,957,0.105,271,Both sides,City or Town accepted road,,10,10,0,No Shoulder,26,Bituminous concrete road,8,Hardened bituminous mix or penetration,2,0,0,None,Large Urbanized Area,Rural minor arterial or urban principal arterial,Boston (MA-NH-RI),,Mainline roadway,Two-way traffic,No Access Control,,35,BROADWAY,EVERETT CITY LINE,MELROSE CITY LINE,MALDEN,Good,Level Terrain,,Grown from Prior Year HPMS Network,,35,Surfaced shoulder exists – Portland Cement Concrete surface (PCC,8,,,Principal Arterial - Other
5527030,MALDEN,4/18/25,Property damage only (none injured),Open,7:26 PM,2025,No Apparent Injury (O),1,Local police,,35-44,35-44,,,07:00PM to 07:59PM,D1: (Other improper action) ,,Collision with other light pole or other post/support,Yes,Dusk,Rear-end,4,,,, PW20254567423,Dry,Driveway,MAPC,0,0,No controls,"Two-way, not divided",V1: Backing,V1:(Passenger car),V1:(No),V1:(No),V1: W,Cloudy,MIDDLESEX,25000291,"V1:(No, not federally reportable)","No, not federally reportable",Outside roadway,At Address,No hit and run,,V1:(Collision with fence),None,"No, school bus not involved",25,Not reported, V1:(Collision with fence),No,,,,,,,,235056.8693,909410.3577,42.43442742,-71.07394382,45, GLENWOOD ST Rte W, BELTRAN STREET Rte,,,,,,,,,,2750,2020,0.21,133,0,17,Both sides,City or Town accepted road,,7,4,0,No Shoulder,25,Bituminous concrete road,0,No Shoulder,2,0,0,None,Large Urbanized Area,Urban collector or rural minor collector,Boston (MA-NH-RI),,Mainline roadway,Two-way traffic,No Access Control,,99,GLENWOOD STREET,HIGHLAND AVENUE,WASHINGTON STREET,MALDEN,Good,Level Terrain,,Grown from Prior Year HPMS Network,,99,0,0,,,Major Collector
5527031,MALDEN,4/24/25,Property damage only (none injured),Open,10:28 AM,2025,No Apparent Injury (O),1,Local police,,65-74,65-74,,,10:00AM to 10:59AM,D1: (No improper driving) ,,Collision with parked motor vehicle,Yes,Daylight,"Sideswipe, same direction",4,,,, PW20254567431,Dry,Not at junction,MAPC,0,0,Unknown,"Two-way, not divided",V1: Parked,V1:(Passenger car),V1:(No),V1:(No),V1: U,Clear/Clear,MIDDLESEX,25000309,"V1:(No, not federally reportable)","No, not federally reportable",Roadway,At Address,"Yes, hit and run",,V1:(Collision with parked motor vehicle),None,"No, school bus not involved",25,"Yes, device functioning", V1:(Collision with parked motor vehicle),No,,,,,,,,235248.614,909588.3935,42.43602154,-71.07160267,264, WASHINGTON ST Rte S,,,,,,,,,,,6501,2020,,,,,Left side only,City or Town accepted road,,5,5,0,No Shoulder,25,Bituminous concrete road,4,Unstable shoulder,2,0,0,None,Large Urbanized Area,Urban minor arterial or rural major collector,Boston (MA-NH-RI),,Mainline roadway,Two-way traffic,No Access Control,,30,WASHINGTON STREET,MELROSE CITY LINE,CLIFTON STREET,MALDEN,Fair,Level Terrain,,Pulled back from HPMS network estimation routine,,30,0,0,,,Minor Arterial
5527032,MALDEN,4/20/25,Property damage only (none injured),Open,12:31 PM,2025,No Apparent Injury (O),2,Local police,,45-54,45-54,,,12:00PM to 12:59PM,"D2: (Inattention),(Other improper action) ",,Collision with parked motor vehicle,Yes,Daylight,Rear-end,4,,,, PW20254567428,Dry,Not at junction,MAPC,0,0,No controls,Unknown,V1: Parked / V2: Backing,"V1:(Light truck(van, mini-van, pickup, sport utility)) / V2:(Unknown heavy truck, cannot classify)",V1:(No) / V2:(No),V1:(No) / V2:(No),V1: U  / V2: N,Clear,MIDDLESEX,25000297,"V1:(No, not federally reportable) / V2:(No, not federally reportable)","No, not federally reportable",Outside roadway,At Address,No hit and run,,V1:(Collision with motor vehicle in traffic) / V2:(Collision with parked motor vehicle),None,"No, school bus not involved",5,"No, device not functioning", V1:(Collision with motor vehicle in traffic) V2:(Collision with parked motor vehicle),No,,,,,,,,237279.3425,908908.4534,42.42980591,-71.04696636,800, EASTERN AV Rte 6,,,,,,,,,,,15979,2020,0.558,735,0.155,176,Both sides,City or Town accepted road,,6,6,0,No Shoulder,28,Bituminous concrete road,8,Hardened bituminous mix or penetration,2,0,0,None,Large Urbanized Area,Rural minor arterial or urban principal arterial,Boston (MA-NH-RI),,Mainline roadway,Two-way traffic,No Access Control,,30,EASTERN AVENUE,MAIN STREET,LYNN STREET,MALDEN,Good,Level Terrain,,Pulled back from HPMS network estimation routine,,30,Surfaced shoulder exists – Portland Cement Concrete surface (PCC,8,,,Principal Arterial - Other
5527033,MALDEN,4/18/25,Property damage only (none injured),Open,11:03 PM,2025,No Apparent Injury (O),3,Local police,,25-34,35-44,,,11:00PM to 11:59PM,D1: (Unknown)  / D2: (No improper driving)  / D3: (No improper driving) ,D2: Not Distracted / D3: Not Distracted,Collision with motor vehicle in traffic,Yes,Dark - lighted roadway,Rear-end,4,,,, PW20254567430,Dry,T-intersection,MAPC,0,0,Traffic control signal,"Two-way, divided, unprotected median",V1: Travelling straight ahead / V2: Slowing or stopped in traffic / V3: Slowing or stopped in traffic,"V1:(Passenger car) / V2:(Light truck(van, mini-van, pickup, sport utility)) / V3:(Passenger car)",V1:(No) / V2:(No) / V3:(No),V1:(No) / V2:(No) / V3:(No),V1: E  / V2: E  / V3: E,Clear/Clear,MIDDLESEX,25000292,"V1:(No, not federally reportable) / V2:(No, not federally reportable) / V3:(No, not federally reportable)","No, not federally reportable",Roadway,At Intersection,"Yes, hit and run",,V1:(Collision with motor vehicle in traffic) / V2:(Collision with motor vehicle in traffic) / V3:(Collision with motor vehicle in traffic),None,"No, school bus not involved",25,"Yes, device functioning", V1:(Collision with motor vehicle in traffic) V2:(Collision with motor vehicle in traffic) V3:(Collision with motor vehicle in traffic),Yes,,,,,,,,235619.9531,908753.25,42.42848627,-71.06714115,, MAIN ST Rte S  / FLORENCE Rte,,,,,,,,,,,10345,2020,0.164,213,0.01,28,Both sides,City or Town accepted road,,10,10,0,No Shoulder,26,Bituminous concrete road,0,No Shoulder,2,0,0,None,Large Urbanized Area,Rural minor arterial or urban principal arterial,Boston (MA-NH-RI),,Mainline roadway,Two-way traffic,No Access Control,,30,MAIN STREET,MELROSE CITY LINE,EVERETT CITY LINE,MALDEN,Good,Level Terrain,,Pulled back from HPMS network estimation routine,,30,0,0,,,Principal Arterial - Other
5527034,MALDEN,4/19/25,Property damage only (none injured),Open,2:49 PM,2025,No Apparent Injury (O),2,Local police,,,,,,02:00PM to 02:59PM,,,Collision with parked motor vehicle,Yes,Daylight,Head-on,4,,,, PW20254567427,Dry,Four-way intersection,MAPC,0,0,Stop signs,"Two-way, not divided",V1: Turning left / V2: Parked,V1:(Passenger car) / V2:(Passenger car),V1:(No) / V2:(No),V1:(No) / V2:(No),V1: S  / V2: N,Clear,MIDDLESEX,25000294,"V1:(No, not federally reportable) / V2:(No, not federally reportable)","No, not federally reportable",Roadway,At Intersection,No hit and run,,V1:(Collision with parked motor vehicle) / V2:(Collision with motor vehicle in traffic),None,"No, school bus not involved",25,"Yes, device functioning", V1:(Collision with parked motor vehicle) V2:(Collision with motor vehicle in traffic),No,,,,,,,,234269.4056,908299.8418,42.42446498,-71.08357983,, WEST ST Rte N  / WENTWORTH Rte W,,,,,,,,,,,2793,2020,0.21,136,0,17,Both sides,City or Town accepted road,,7,7,0,No Shoulder,30,Bituminous concrete road,0,No Shoulder,2,0,0,None,Large Urbanized Area,Urban collector or rural minor collector,Boston (MA-NH-RI),,Mainline roadway,Two-way traffic,No Access Control,,99,WEST STREET,PLEASANT STREET,MEDFORD STREET,MALDEN,Good,Level Terrain,,Grown from Prior Year HPMS Network,,99,0,0,,,Major Collector
5527035,MALDEN,4/20/25,Property damage only (none injured),Open,3:02 PM,2025,No Apparent Injury (O),2,Local police,,21-24,35-44,,,03:00PM to 03:59PM,"D1: (No improper driving),(No improper driving)  / D2: (No improper driving),(No improper driving) ",D1: Not Distracted / D2: Not Distracted,Collision with motor vehicle in traffic,Yes,Daylight,Angle,4,,,, PW20254567432,Dry,Y-intersection,MAPC,0,0,No controls,"Two-way, not divided",V1: Turning left / V2: Travelling straight ahead,"V1:(Light truck(van, mini-van, pickup, sport utility)) / V2:(Light truck(van, mini-van, pickup, sport utility))",V1:(No) / V2:(No),V1:(No) / V2:(No),V1: N  / V2: W,Clear/Clear,MIDDLESEX,25000299,"V1:(No, not federally reportable) / V2:(No, not federally reportable)","No, not federally reportable",Roadway,At Intersection,No hit and run,,V1:(Collision with motor vehicle in traffic) / V2:(Collision with motor vehicle in traffic),None,"No, school bus not involved",25,Not reported, V1:(Collision with motor vehicle in traffic) V2:(Collision with motor vehicle in traffic),No,,,,,,,,238326.4844,909428.875,42.43444023,-71.03420678,, HUNTING ST / SALEM ST,,,,,,,,,,,11534,2020,0.477,565,0.068,69,Both sides,City or Town accepted road,,9,9,0,No Shoulder,45,Bituminous concrete road,0,No Shoulder,2,0,0,None,Large Urbanized Area,Urban minor arterial or rural major collector,Boston (MA-NH-RI),,Mainline roadway,Two-way traffic,No Access Control,,30,HUNTING STREET,SALEM STREET,BROADWAY,MALDEN,Good,Level Terrain,,Grown from Prior Year HPMS Network,,30,0,0,,,Minor Arterial
5527036,MALDEN,4/26/25,Unknown,Open,11:13 PM,2025,Not reported,1,Local police,,,,,,11:00PM to 11:59PM,,,Collision with motor vehicle in traffic,Yes,Dark - lighted roadway,Rear-end,4,,,, PW20254567437,Wet,T-intersection,MAPC,0,0,No controls,"Two-way, not divided",V1: Parked,V1:(Passenger car),V1:(No),V1:(No),V1: N,Rain,MIDDLESEX,25000314,"V1:(No, not federally reportable)","No, not federally reportable",Roadway,At Address,"Yes, hit and run",,V1:(Collision with motor vehicle in traffic),None,"No, school bus not involved",25,"Yes, device functioning", V1:(Collision with motor vehicle in traffic),No,,,,,,,,235530.1459,908645.7333,42.42752245,-71.06823909,36, DARTMOUTH ST Rte N,,,,,,,,,,,623,2020,0.21,29,8,3,Both sides,City or Town accepted road,,7,7,0,No Shoulder,19,Bituminous concrete road,0,No Shoulder,2,0,0,None,Large Urbanized Area,Urban collector or rural minor collector,Boston (MA-NH-RI),,Mainline roadway,One-way traffic,No Access Control,,99,DARTMOUTH STREET,PLEASANT STREET,MOUNTAIN AVENUE,MALDEN,Good,Level Terrain,,Grown from Prior Year HPMS Network,,99,0,0,,,Major Collector
5527037,MALDEN,4/25/25,Unknown,Open,8:43 AM,2025,Not reported,2,Local police,,,,,,08:00AM to 08:59AM,,,Collision with parked motor vehicle,Yes,Unknown,Unknown,4,,,, PW20254567438,Unknown,Not at junction,MAPC,0,0,No controls,"Two-way, not divided",V1: Parked / V2: Unknown,V1:(Passenger car) / V2:(Passenger car),V1:(No) / V2:(No),V1:(No) / V2:(No),V1: S  / V2: U,Unknown,MIDDLESEX,25000310,"V1:(No, not federally reportable) / V2:(No, not federally reportable)","No, not federally reportable",Outside roadway,At Address,"Yes, hit and run",,V1:(Other) / V2:(Collision with parked motor vehicle),Unknown,"No, school bus not involved",25,Not reported, V1:(Other) V2:(Collision with parked motor vehicle),No,,,,,,,,238511.5257,909851.3376,42.43823433,-71.03192979,167, KENNEDY DR Rte N,,,,,,,,,,,,,,,,,,,,,,,,,,,,,,,,,,,,,,,,,KENNEDY DRIVE,SALEM STREET,KENNEDY DRIVE,MALDEN,,,,,,,,,,,
5527038,MALDEN,4/30/25,Non-fatal injury,Open,6:21 AM,2025,Possible Injury (C),2,Local police,,25-34,25-34,,,06:00AM to 06:59AM,D1: (Unknown)  / D2: (No improper driving) ,D1: Not Distracted / D2: Not Distracted,Collision with motor vehicle in traffic,Yes,Daylight,Head-on,4,,,, PW20254567436,Dry,T-intersection,MAPC,0,1,Traffic control signal,"Two-way, divided, unprotected median",V1: Turning left / V2: Travelling straight ahead,V1:(Passenger car) / V2:(Passenger car),V1:(No) / V2:(No),"V1:(No) / V2:(Yes, vehicle or trailer disabled)",V1: E  / V2: N,Clear/Clear,MIDDLESEX,25000333,"V1:(No, not federally reportable) / V2:(No, not federally reportable)","No, not federally reportable",Roadway,At Intersection,No hit and run,,V1:(Collision with motor vehicle in traffic) / V2:(Collision with motor vehicle in traffic),None,"No, school bus not involved",25,"Yes, device functioning", V1:(Collision with motor vehicle in traffic) V2:(Collision with motor vehicle in traffic),No,,,,,,,,235065.9532,908433.6873,42.42563451,-71.07389272,, CENTRE ST Rte    / COMMERCIAL ST Rte,,,,,,,,,,,14218,2020,0.558,653,0.155,156,Both sides,City or Town accepted road,,0,8,0,No Shoulder,22,Bituminous concrete road,0,No Shoulder,2,2,5,Raised Median,Large Urbanized Area,Rural minor arterial or urban principal arterial,Boston (MA-NH-RI),,Mainline roadway,Two-way traffic,No Access Control,,30,CENTRE STREET,PLEASANT STREET,EASTERN AVENUE,MALDEN,Good,Level Terrain,,Pulled back from HPMS network estimation routine,,0,0,0,,,Principal Arterial - Other
5527039,MALDEN,4/24/25,Non-fatal injury,Open,8:40 PM,2025,Possible Injury (C),1,Local police,,21-24,21-24,,,08:00PM to 08:59PM,D1: (Unknown) ,,Collision with other light pole or other post/support,Yes,Dark - lighted roadway,Single vehicle crash,4,,,, PW20254567441,Dry,Not at junction,MAPC,0,2,No controls,"Two-way, not divided",V1: Turning left,V1:(Passenger car),V1:(No),V1:(No),V1: S,Clear,MIDDLESEX,25000308,"V1:(No, not federally reportable)","No, not federally reportable",Roadway,At Address,No hit and run,,V1:(Collision with light pole or other post/support),Unknown,"No, school bus not involved",10,Not reported, V1:(Collision with light  pole or other post/support),No,,,,,,,,237674.8454,908371.105,42.42494942,-71.04219519,50, BROADWAY Rte S,,,,,,,,,,,21508,2020,,,,,Both sides,City or Town accepted road,,6,6,0,No Shoulder,46,Bituminous concrete road,0,No Shoulder,4,0,0,None,Large Urbanized Area,Rural minor arterial or urban principal arterial,Boston (MA-NH-RI),,Mainline roadway,Two-way traffic,No Access Control,,35,BROADWAY,EVERETT CITY LINE,MELROSE CITY LINE,MALDEN,Good,Level Terrain,,Pulled back from HPMS network estimation routine,,35,0,0,,,Principal Arterial - Other
5527040,MALDEN,4/26/25,Non-fatal injury,Open,2:06 PM,2025,Possible Injury (C),2,Local police,,21-24,25-34,,,02:00PM to 02:59PM,D1: (Unknown)  / D2: (Unknown) ,,Collision with motor vehicle in traffic,Yes,Daylight,Angle,4,,,, PW20254567443,Wet,Four-way intersection,MAPC,0,1,Traffic control signal,"Two-way, not divided",V1: Travelling straight ahead / V2: Travelling straight ahead,V1:(Passenger car) / V2:(Passenger car),V1:(No) / V2:(No),"V1:(Yes, vehicle or trailer disabled) / V2:(Yes, vehicle or trailer disabled)",V1: E  / V2: S,Cloudy,MIDDLESEX,25000312,"V1:(No, not federally reportable) / V2:(No, not federally reportable)","No, not federally reportable",Roadway,At Intersection,No hit and run,,V1:(Collision with motor vehicle in traffic) / V2:(Collision with motor vehicle in traffic),Unknown,"No, school bus not involved",25,"Yes, device functioning", V1:(Collision with motor vehicle in traffic) V2:(Collision with motor vehicle in traffic),No,,,,,,,,235610.9998,908176.5624,42.42329503,-71.0672855,, MADISON STREET Rte E  / MAIN STREET Rte S,,,,,,,,,,,2785,2020,0.21,136,0,17,Both sides,City or Town accepted road,,7,7,0,No Shoulder,30,Bituminous concrete road,0,No Shoulder,2,0,0,None,Large Urbanized Area,Urban collector or rural minor collector,Boston (MA-NH-RI),,Mainline roadway,Two-way traffic,No Access Control,,99,MADISON STREET,BELL ROCK STREET,MAIN STREET,MALDEN,Good,Level Terrain,,Grown from Prior Year HPMS Network,,99,0,0,,,Major Collector
5527041,MALDEN,4/23/25,Non-fatal injury,Open,8:30 AM,2025,Suspected Minor Injury (B),1,Local police,,45-54,45-54,45-54,45-54,08:00AM to 08:59AM,D1: (No improper driving) ,,Collision with cyclist,Yes,Daylight,Single vehicle crash,4," VU2: Walking, running or cycling", VU2: Sidewalk, VU2: Bicyclist, PW20254567439,Dry,T-intersection,MAPC,0,1,No controls,"Two-way, not divided",V1: Entering traffic lane,V1:(Passenger car),V1:(No),V1:(No),V1: N,Clear,MIDDLESEX,25000306,"V1:(No, not federally reportable)","No, not federally reportable",Roadside,At Address,No hit and run,,V1:(Collision with pedestrian),None,"No, school bus not involved",25,Not reported, V1:(Collision with pedestrian),No, VU2:(Walking/Cycling on Sidewalk), VU2:(Not Distracted), VU2: None,,, VU2: No, VU2: No,234444.251,907544.2953,42.41765543,-71.0815003,416, MEDFORD ST Rte 6,,,,,,,,,,,18609,2020,0.477,912,0.068,111,Both sides,City or Town accepted road,,9,9,0,No Shoulder,32,Bituminous concrete road,0,No Shoulder,2,0,0,None,Large Urbanized Area,Urban minor arterial or rural major collector,Boston (MA-NH-RI),,Mainline roadway,Two-way traffic,No Access Control,,99,MEDFORD STREET,MEDFORD CITY LINE,MAIN STREET,MALDEN,Good,Level Terrain,,Grown from Prior Year HPMS Network,,99,0,0,,,Minor Arterial
5527043,MALDEN,4/29/25,Property damage only (none injured),Open,2:54 PM,2025,Not reported,1,Local police,,,,,,02:00PM to 02:59PM,,,Other,Yes,Daylight,Single vehicle crash,4,,,, PW20254567447,Dry,Not at junction,MAPC,0,0,No controls,"Two-way, not divided",V1: Unknown,"V1:(Light truck(van, mini-van, pickup, sport utility))",V1:(No),V1:(No),V1: U,Unknown,MIDDLESEX,25000327,"V1:(No, not federally reportable)","No, not federally reportable",Outside roadway,At Address,No hit and run,,V1:(Other),None,"No, school bus not involved",25,Not reported, V1:(Other),No,,,,,,,,234839.9004,907995.2046,42.42169719,-71.07666602,21, ADAMS ST Rte 6,,,,,,,,,,,1154,,,,,,Both sides,City or Town accepted road,,8,8,0,No Shoulder,25,Bituminous concrete road,0,No Shoulder,2,0,0,None,Large Urbanized Area,Local,Boston (MA-NH-RI),,Mainline roadway,Two-way traffic,No Access Control,,,ADAMS STREET,FELLSWAY,COMMERCIAL STREET,MALDEN,Good,Level Terrain,,,,,0,0,,,Local
5527044,MALDEN,4/26/25,Non-fatal injury,Open,6:27 PM,2025,Possible Injury (C),2,Local police,,25-34,35-44,,,06:00PM to 06:59PM,D1: (No improper driving)  / D2: (Failed to yield right of way) ,D1: Not Distracted,Collision with motor vehicle in traffic,Yes,Dusk,Angle,4,,,, PW20254567445,Wet,Not at junction,MAPC,0,3,Traffic control signal,"Two-way, not divided",V1: Travelling straight ahead / V2: Leaving traffic lane,V1:(Passenger car) / V2:(Passenger car),V1:(No) / V2:(No),"V1:(No) / V2:(Yes, vehicle or trailer disabled)",V1: N  / V2: N,Clear,MIDDLESEX,25000313,"V1:(No, not federally reportable) / V2:(No, not federally reportable)","No, not federally reportable",Roadway,At Address,No hit and run,,V1:(Collision with motor vehicle in traffic) / V2:(Collision with motor vehicle in traffic),None,"No, school bus not involved",25,"Yes, device functioning", V1:(Collision with motor vehicle in traffic) V2:(Collision with motor vehicle in traffic),No,,,,,,,,237820.4559,908903.323,42.42973367,-71.04039099,198, BROADWAY, EASTERN AVE,,,,,,,,,,21508,2020,,,,,Both sides,City or Town accepted road,,6,0,0,No Shoulder,46,Bituminous concrete road,0,No Shoulder,4,0,0,None,Large Urbanized Area,Rural minor arterial or urban principal arterial,Boston (MA-NH-RI),,Mainline roadway,Two-way traffic,No Access Control,,30,BROADWAY,EVERETT CITY LINE,MELROSE CITY LINE,MALDEN,Good,Level Terrain,,Pulled back from HPMS network estimation routine,,30,0,0,,,Principal Arterial - Other