Crash Number,City Town Name,Crash Date,Crash Severity,Crash Status,Crash Time,Crash Year,Max Injury Severity Reported,Number of Vehicles,Police Agency Type,State Police Troop,Age of Driver - Youngest Known,Age of Driver - Oldest Known,Age of Vulnerable User - Youngest Known,Age of Vulnerable User - Oldest Known,Crash Hour,Driver Contributing Circumstances (All Drivers),Driver Distracted By (All Vehicles),First Harmful Event,Is Geocoded,Light Conditions,Manner of Collision,MassDOT District,Vulnerable User Action (All Persons),Vulnerable User Location (All Persons),Vulnerable User Type (All Persons),RMV Document Numbers,Road Surface Condition,Roadway Junction Type,RPA Abbreviation,Total Fatalities,Total Non-Fatal Injuries,Traffic Control Device Type,Trafficway Description,Vehicle Actions Prior to Crash (All Vehicles),Vehicle Configuration (All Vehicles),Vehicle Emergency Use (All Vehicles),Vehicle Towed From Scene (All Vehicles),Vehicle Travel Directions (All Vehicles),Weather Conditions,County Name,Crash Report IDs,FMCSA Reportable (All Vehicles),FMCSA Reportable (Crash),First Harmful Event Location,Geocoding Method,Hit and Run,Locality,Most Harmful Event (All Vehicles),Road Contributing Circumstance,School Bus Related,Speed Limit,Traffic Control Device Function,Vehicle Sequence of Events (All Vehicles),Work Zone Related,Vulnerable User Sequence of Events (All Persons),Vulnerable User Distracted By (All Persons),Vulnerable User Traffic Control Type (All persons),Vulnerable User Origin Destination (All Persons),Vulnerable User Contributing Circumstances (All Persons),Vulnerable User Alcohol Suspected Type (All Persons),Vulnerable User Drug Suspected Type (All Persons),X,Y,Latitude,Longitude,Street Number,Roadway,Near Intersection Roadway,Distance and Direction From Intersection,Milemarker,Milemarker Route,Distance and Direction From Milemarker,Exit Number,Exit Route,Distance and Direction From Exit,Landmark,Distance and Direction From Landmark,AADT-linked RD,AADT Year-linked RD,Peak % Single Unit Trucks-linked RD,Single-Unit Truck and Bus AADT-linked RD,Peak % Combo Trucks-linked RD,Combination Truck AADT-linked RD,Curb-linked RD-linked RD,Jurisdiction-linked RD,Truck Route-linked RD,Left Sidewalk Width-linked RD,Right Sidewalk Width-linked RD,Left Shoulder Width-linked RD,Left Shoulder Type-linked RD,Surface Width-linked RD,Surface Type-linked RD,Right Shoulder Width-linked RD,Right Shoulder Type-linked RD,Number of Travel Lanes-linked RD,Number of Opposing Travel Lanes-linked RD,Median Width-linked RD,Median Type-linked RD,Urban Type-linked RD,Functional Classification-linked RD,Urbanized Area-linked RD,Federal Aid Route Number-linked RD,Facility Type-linked RD,Street Operation-linked RD,Access Control-linked RD,Number of Peak Hour Lanes-linked RD,Speed Limit-linked RD,Street Name-linked RD,From Street Name-linked RD,To Street Name-linked RD,City-linked RD-linked RD,Structural Condition-linked RD,Terrain-linked RD,Urban Location Type-linked RD,AADT Derivation-linked RD,AADT Station Number-linked RD,Opposing Direction Speed Limit-linked RD,Undivided Left Shoulder Type-linked RD,Undivided Left Shoulder Width-linked RD,Truck Exclusion Type-linked RD,Truck Exclusion Time-linked RD,Federal Functional Classification-linked RD
5527045,MALDEN,4/25/25,Unknown,Open,2:00 PM,2025,Not reported,2,Local police,,,,,,02:00PM to 02:59PM,,,Collision with motor vehicle in traffic,Yes,Daylight,Angle,4,,,, PW20254567444,Dry,Four-way intersection,MAPC,0,0,Stop signs,"Two-way, not divided",V1: Travelling straight ahead / V2: Travelling straight ahead,V1:(Passenger car) / V2:(Passenger car),V1:(No) / V2:(No),"V1:(Yes, vehicle or trailer disabled) / V2:(No)",V1: N  / V2: E,Clear,MIDDLESEX,25000311,"V1:(No, not federally reportable) / V2:(No, not federally reportable)","No, not federally reportable",Roadway,At Intersection,No hit and run,,V1:(Collision with motor vehicle in traffic) / V2:(Collision with motor vehicle in traffic),Obstruction in roadway,"No, school bus not involved",25,"Yes, device functioning", V1:(Collision with motor vehicle in traffic) V2:(Collision with motor vehicle in traffic),No,,,,,,,,234814.9063,907994.7502,42.42169421,-71.07696974,, ADAMS ST Rte    / PEARL ST Rte,,,,,,,,,,,1154,,,,,,Both sides,City or Town accepted road,,8,8,0,No Shoulder,25,Bituminous concrete road,0,No Shoulder,2,0,0,None,Large Urbanized Area,Local,Boston (MA-NH-RI),,Mainline roadway,Two-way traffic,No Access Control,,,ADAMS STREET,FELLSWAY,COMMERCIAL STREET,MALDEN,Good,Level Terrain,,,,,0,0,,,Local
5527046,MALDEN,4/27/25,Property damage only (none injured),Open,7:16 AM,2025,No Apparent Injury (O),2,Local police,,21-24,45-54,,,07:00AM to 07:59AM,"D1: (No improper driving)  / D2: (Swerving or avoiding due to wind, slippery surface, vehicle, object, vulnerable user in roadway) ",D1: Not Distracted / D2: Not Distracted,Collision with motor vehicle in traffic,Yes,Daylight,Head-on,4,,,, PW20254567448,Dry,Not at junction,MAPC,0,0,No controls,"Two-way, divided, unprotected median",V1: Travelling straight ahead / V2: Other,V1:(Passenger car) / V2:(Passenger car),V1:(No) / V2:(No),"V1:(No) / V2:(Yes, vehicle or trailer disabled)",V1: W  / V2: E,Clear,MIDDLESEX,25000315,"V1:(No, not federally reportable) / V2:(No, not federally reportable)","No, not federally reportable",Roadway,At Address,No hit and run,,V1:(Collision with motor vehicle in traffic) / V2:(Collision with motor vehicle in traffic),None,"No, school bus not involved",25,Not reported, V1:(Collision with motor vehicle in traffic) V2:(Collision with motor vehicle in traffic),No,,,,,,,,233931.7806,908369.089,42.42510315,-71.0876783,599, PLEASANT ST Rte 6,,,,,,,,,,,13418,2020,0.558,617,0.155,148,Both sides,City or Town accepted road,,8,8,0,No Shoulder,24,Bituminous concrete road,0,No Shoulder,2,0,0,None,Large Urbanized Area,Rural minor arterial or urban principal arterial,Boston (MA-NH-RI),,Mainline roadway,Two-way traffic,No Access Control,,20,PLEASANT STREET,COMMERCIAL STREET,MEDFORD CITY LINE,MALDEN,Good,Level Terrain,,Pulled back from HPMS network estimation routine,,20,0,0,,,Principal Arterial - Other
5527047,MALDEN,4/28/25,Property damage only (none injured),Open,8:51 AM,2025,No Apparent Injury (O),2,Local police,,75-84,75-84,,,08:00AM to 08:59AM,D1: (Unknown) ,,Collision with parked motor vehicle,Yes,Daylight,"Sideswipe, same direction",4,,,, PW20254567449,Dry,Not at junction,MAPC,0,0,No controls,"Two-way, divided, unprotected median",V1: Travelling straight ahead / V2: Parked,V1:(Passenger car) / V2:(Passenger car),V1:(No) / V2:(No),"V1:(Yes, vehicle or trailer disabled) / V2:(No)",V1: N  / V2: Not Reported,Clear,MIDDLESEX,25000320,"V1:(No, not federally reportable) / V2:(No, not federally reportable)","No, not federally reportable",Roadway,At Address,No hit and run,,V1:(Collision with parked motor vehicle) / V2:(Collision with parked motor vehicle),None,"No, school bus not involved",25,Not reported, V1:(Collision with parked motor vehicle) V2:(Collision with parked motor vehicle),No,,,,,,,,235559.8945,909386.5144,42.43418999,-71.06783198,809, MAIN ST Rte N,,,,,,,,,,,10345,2020,0.164,213,0.01,28,Both sides,City or Town accepted road,,10,10,0,No Shoulder,26,Bituminous concrete road,0,No Shoulder,2,0,0,None,Large Urbanized Area,Rural minor arterial or urban principal arterial,Boston (MA-NH-RI),,Mainline roadway,Two-way traffic,No Access Control,,30,MAIN STREET,MELROSE CITY LINE,EVERETT CITY LINE,MALDEN,Good,Level Terrain,,Pulled back from HPMS network estimation routine,,30,0,0,,,Principal Arterial - Other
5527048,MALDEN,4/27/25,Property damage only (none injured),Open,11:27 PM,2025,No Apparent Injury (O),2,Local police,,16-17,35-44,,,11:00PM to 11:59PM,D1: (Unknown)  / D2: (Unknown) ,,Collision with motor vehicle in traffic,Yes,Dark - lighted roadway,Angle,4,,,, PW20254567442,Dry,T-intersection,MAPC,0,0,No controls,"Two-way, divided, unprotected median",V1: Turning right / V2: Travelling straight ahead,V1:(Passenger car) / V2:(Passenger car),V1:(No) / V2:(No),V1:(No) / V2:(No),V1: E  / V2: E,Clear,MIDDLESEX,25000318,"V1:(No, not federally reportable) / V2:(No, not federally reportable)","No, not federally reportable",Roadway,At Intersection,No hit and run,,V1:(Collision with motor vehicle in traffic) / V2:(Collision with motor vehicle in traffic),Unknown,"No, school bus not involved",25,Not reported, V1:(Collision with motor vehicle in traffic) V2:(Collision with motor vehicle in traffic),No,,,,,,,,235850.3127,907988.4378,42.42159047,-71.0643893,, HIGH ST Rte E  / NEWHALL ST Rte N,,,,,,,,,,,2824,2020,0.21,137,0,17,Both sides,City or Town accepted road,,9,9,0,No Shoulder,30,Bituminous concrete road,0,No Shoulder,2,0,0,None,Large Urbanized Area,Urban collector or rural minor collector,Boston (MA-NH-RI),,Mainline roadway,Two-way traffic,No Access Control,,99,HIGH STREET,CROSS STREET,FERRY STREET,MALDEN,Fair,Level Terrain,,Grown from Prior Year HPMS Network,,99,0,0,,,Major Collector
5527049,MALDEN,4/28/25,Non-fatal injury,Open,3:38 PM,2025,Suspected Minor Injury (B),2,Local police,,55-64,65-74,,,03:00PM to 03:59PM,D1: (Unknown)  / D2: (Unknown) ,,Collision with motor vehicle in traffic,Yes,Daylight,Rear-end,4,,,, PW20254567450,Dry,Not at junction,MAPC,0,1,No controls,"Two-way, divided, positive median barrier",V1: Travelling straight ahead / V2: Travelling straight ahead,V1:(Passenger car) / V2:(Passenger car),V1:(No) / V2:(No),"V1:(Yes, vehicle or trailer disabled) / V2:(Yes, vehicle or trailer disabled)",V1: N  / V2: N,Clear,MIDDLESEX,25000323,"V1:(No, not federally reportable) / V2:(No, not federally reportable)","No, not federally reportable",Roadway,At Address,No hit and run,,V1:(Collision with motor vehicle in traffic) / V2:(Collision with motor vehicle in traffic),None,"No, school bus not involved",25,Not reported, V1:(Collision with motor vehicle in traffic) V2:(Collision with motor vehicle in traffic),No,,,,,,,,235267.4012,909645.1209,42.43653138,-71.07137087,284, WASHINGTON ST Rte N,,,,,,,,,,,11985,2020,0.477,587,0.068,72,Left side only,City or Town accepted road,,5,5,0,No Shoulder,25,Bituminous concrete road,4,Unstable shoulder,2,0,0,None,Large Urbanized Area,Urban minor arterial or rural major collector,Boston (MA-NH-RI),,Mainline roadway,Two-way traffic,No Access Control,,30,WASHINGTON STREET,MELROSE CITY LINE,CLIFTON STREET,MALDEN,Fair,Level Terrain,,Grown from Prior Year HPMS Network,,30,0,0,,,Minor Arterial
5527050,MALDEN,4/30/25,Property damage only (none injured),Open,4:50 PM,2025,No Apparent Injury (O),1,Local police,,18-20,18-20,,,04:00PM to 04:59PM,D1: (No improper driving) ,D1: Not Distracted,Collision with parked motor vehicle,Yes,Unknown,Unknown,4,,,, PW20254567458,Dry,Not at junction,MAPC,0,0,No controls,"Two-way, not divided",V1: Parked,V1:(Passenger car),V1:(No),V1:(No),V1: Not Reported,Clear,MIDDLESEX,25000334,"V1:(No, not federally reportable)","No, not federally reportable",Shoulder - paved,At Address,"Yes, hit and run",,V1:(Collision with motor vehicle in traffic),None,"No, school bus not involved",25,"No, device not functioning", V1:(Collision with motor vehicle in traffic),No,,,,,,,,238369.2649,909440.7236,42.4345448,-71.03368608,1085, SALEM ST Rte E, WESCOTT ST Rte,,,,,,,,,,11091,2020,0.477,543,0.068,67,Both sides,City or Town accepted road,,8,8,0,No Shoulder,42,Bituminous concrete road,0,No Shoulder,2,0,0,None,Large Urbanized Area,Urban minor arterial or rural major collector,Boston (MA-NH-RI),,Mainline roadway,Two-way traffic,No Access Control,,30,SALEM STREET,MAIN STREET ,,MALDEN,Good,Level Terrain,,Grown from Prior Year HPMS Network,,30,0,0,,,Minor Arterial
5527051,MALDEN,4/28/25,Non-fatal injury,Open,5:11 PM,2025,Suspected Minor Injury (B),2,Local police,,35-44,55-64,,,05:00PM to 05:59PM,D1: (Unknown)  / D2: (Unknown) ,,Collision with motor vehicle in traffic,Yes,Daylight,Angle,4,,,, PW20254567455,Dry,Four-way intersection,MAPC,0,1,Traffic control signal,"Two-way, divided, unprotected median",V1: Travelling straight ahead / V2: Travelling straight ahead,V1:(Passenger car) / V2:(Passenger car),V1:(No) / V2:(No),V1:(No) / V2:(No),V1: S  / V2: W,Clear,MIDDLESEX,25000324,"V1:(No, not federally reportable) / V2:(No, not federally reportable)","No, not federally reportable",Roadway,At Intersection,No hit and run,,V1:(Collision with motor vehicle in traffic) / V2:(Collision with motor vehicle in traffic),None,"No, school bus not involved",25,"Yes, device functioning", V1:(Collision with motor vehicle in traffic) V2:(Collision with motor vehicle in traffic),No,,,,,,,,236498.9844,908744.1252,42.42836347,-71.0564598,, BRYANT ST Rte S  / EASTERN AV Rte W,,,,,,,,,,,7076,2020,0.232,346,0,42,Both sides,City or Town accepted road,,8,10,0,No Shoulder,40,Bituminous concrete road,0,No Shoulder,2,0,0,None,Large Urbanized Area,Urban minor arterial or rural major collector,Boston (MA-NH-RI),,Mainline roadway,Two-way traffic,No Access Control,,20,BRYANT STREET,SALEM STREET,EVERETT CITY LINE,MALDEN,Good,Level Terrain,,Grown from Prior Year HPMS Network,,20,0,0,,,Minor Arterial
5527052,MALDEN,4/29/25,Unknown,Open,5:41 PM,2025,Not reported,1,Local police,,,,,,05:00PM to 05:59PM,,,Collision with parked motor vehicle,Yes,Daylight,Unknown,4,,,, PW20254567453,Dry,Not at junction,MAPC,0,0,No controls,"Two-way, not divided",V1: Parked,V1:(Passenger car),V1:(No),V1:(No),V1: N,Clear,MIDDLESEX,25000330,"V1:(No, not federally reportable)","No, not federally reportable",Unknown,At Address,No hit and run,,V1:(Collision with parked motor vehicle),Unknown,"No, school bus not involved",25,"No, device not functioning", V1:(Collision with parked motor vehicle),No,,,,,,,,235849.1122,909150.207,42.43204938,-71.06433178,108, TREMONT ST Rte N,,,,,,,,,,,1154,,,,,,Both sides,City or Town accepted road,,7,7,0,No Shoulder,25,Bituminous concrete road,0,No Shoulder,2,0,0,None,Large Urbanized Area,Local,Boston (MA-NH-RI),,Mainline roadway,Two-way traffic,No Access Control,,,TREMONT STREET,DEAD END,SALEM STREET,MALDEN,Good,Rolling Terrain,,,,,0,0,,,Local
5527053,MALDEN,4/28/25,Non-fatal injury,Open,9:15 AM,2025,Suspected Minor Injury (B),2,Local police,,25-34,55-64,,,09:00AM to 09:59AM,D1: (Unknown)  / D2: (Unknown) ,,Collision with motor vehicle in traffic,Yes,Daylight,Angle,4,,,, PW20254567446,Dry,T-intersection,MAPC,0,1,Stop signs,"Two-way, not divided",V1: Travelling straight ahead / V2: Turning left,"V1:(Passenger car) / V2:(Single-unit truck (2-axle, 6-tires))",V1:(No) / V2:(No),"V1:(Yes, vehicle or trailer disabled) / V2:(Yes, vehicle or trailer disabled)",V1: S  / V2: E,Clear/Clear,MIDDLESEX,25000319,"V1:(No, not federally reportable) / V2:(No, not federally reportable)","No, not federally reportable",Roadway,At Intersection,No hit and run,,V1:(Collision with motor vehicle in traffic) / V2:(Collision with motor vehicle in traffic),None,"No, school bus not involved",25,"No, device not functioning", V1:(Collision with motor vehicle in traffic) V2:(Collision with motor vehicle in traffic),No,,,,,,,,238691.2872,910428.8392,42.44342437,-71.02970631,, BROADWAY Rte S  / PENNY RD Rte E,,,,,,,,,,,23875,2020,0.33,932,0.105,263,None,Massachusetts Department of Transportation,,5,,0,No Shoulder,26,Bituminous concrete road,8,Hardened bituminous mix or penetration,2,0,0,None,Large Urbanized Area,Rural minor arterial or urban principal arterial,Boston (MA-NH-RI),,Mainline roadway,Two-way traffic,No Access Control,,35,BROADWAY,EVERETT CITY LINE,MELROSE CITY LINE,MALDEN,Good,Level Terrain,,Grown from Prior Year HPMS Network,,35,Surfaced shoulder exists – Portland Cement Concrete surface (PCC,8,,,Principal Arterial - Other
5527054,MALDEN,4/29/25,Unknown,Open,4:49 PM,2025,Not reported,2,Local police,,,,,,04:00PM to 04:59PM,,,Collision with parked motor vehicle,Yes,Dark - lighted roadway,"Sideswipe, opposite direction",4,,,, PW20254567452,Unknown,Not at junction,MAPC,0,0,No controls,"Two-way, not divided",V1: Other / V2: Parked,"V1:(Light truck(van, mini-van, pickup, sport utility)) / V2:(Passenger car)",V1:(No) / V2:(No),V1:(No) / V2:(No),V1: U  / V2: U,Unknown,MIDDLESEX,25000329,"V1:(No, not federally reportable) / V2:(No, not federally reportable)","No, not federally reportable",Outside roadway,At Address,"Yes, hit and run",,V1:(Collision with parked motor vehicle) / V2:(Collision with parked motor vehicle),Unknown,"No, school bus not involved",25,Not reported, V1:(Collision with parked motor vehicle) V2:(Collision with parked motor vehicle),No,,,,,,,,239267.0368,909883.4074,42.43848535,-71.02274529,30, PARKSIDE PL Rte 6,,,,,,,,,,,,,,,,,None,Unaccepted by city or town,,5,5,0,No Shoulder,0,0,0,No Shoulder,0,0,0,None,Large Urbanized Area,Local,Boston (MA-NH-RI),,,,No Access Control,,0,PARKSIDE PLACE,DEAD END,,MALDEN,,Level Terrain,,,,,0,0,,,Local
5527055,MALDEN,4/28/25,Unknown,Open,12:51 PM,2025,Not reported,2,Local police,,,,,,12:00PM to 12:59PM,,,Collision with parked motor vehicle,Yes,Daylight,Unknown,4,,,, PW20254567451,Dry,Not at junction,MAPC,0,0,No controls,"Two-way, not divided",V1: Backing / V2: Parked,"V1:(Light truck(van, mini-van, pickup, sport utility)) / V2:(Passenger car)",V1:(No) / V2:(No),V1:(No) / V2:(No),V1: U  / V2: U,Clear,MIDDLESEX,25000321,"V1:(No, not federally reportable) / V2:(No, not federally reportable)","No, not federally reportable",Roadway,At Address,"Yes, hit and run",,V1:(Collision with parked motor vehicle) / V2:(Collision with motor vehicle in traffic),Unknown,"No, school bus not involved",25,Not reported, V1:(Collision with parked motor vehicle) V2:(Collision with motor vehicle in traffic),No,,,,,,,,234555.5508,907963.4106,42.42142362,-71.08012295,238, HIGHLAND AV Rte 6,,,,,,,,,,,14259,2020,0.632,812,0.109,115,Both sides,City or Town accepted road,,9,9,0,No Shoulder,36,Bituminous concrete road,0,No Shoulder,2,0,0,None,Large Urbanized Area,Urban minor arterial or rural major collector,Boston (MA-NH-RI),,Mainline roadway,Two-way traffic,No Access Control,,25,HIGHLAND AVENUE,MEDFORD CITY LINE,MEDFORD CITY LINE,MALDEN,Good,Level Terrain,,Pulled back from HPMS network estimation routine,,25,0,0,,,Minor Arterial
5527056,MALDEN,4/28/25,Property damage only (none injured),Open,5:59 PM,2025,No Apparent Injury (O),1,Local police,,45-54,45-54,,,05:00PM to 05:59PM,D1: (Unknown) ,,Collision with motor vehicle in traffic,Yes,Daylight,"Sideswipe, same direction",4,,,, PW20254567457,Dry,Not at junction,MAPC,0,0,No controls,"Two-way, not divided",V1: Parked,V1:(Passenger car),V1:(No),V1:(No),V1: N,Clear,MIDDLESEX,25000325,"V1:(No, not federally reportable)","No, not federally reportable",Roadway,Operator Designated,"Yes, hit and run",,V1:(Collision with parked motor vehicle),None,"No, school bus not involved",25,"No, device not functioning", V1:(Collision with parked motor vehicle),No,,,,,,,,237488.297,909419.7887,42.43439919,-71.04439392,, LAUREL STREET, LAUREL STREET,100 feet S  of,,,,,,,,,1154,,,,,,Both sides,City or Town accepted road,,8,8,0,No Shoulder,30,Bituminous concrete road,0,No Shoulder,2,0,0,None,Large Urbanized Area,Local,Boston (MA-NH-RI),,Mainline roadway,Two-way traffic,No Access Control,,,LAUREL STREET,WEBSTER STREET,GRANITE STREET,MALDEN,Good,Level Terrain,,,,,0,0,,,Local
5527057,MALDEN,4/29/25,Non-fatal injury,Open,11:46 PM,2025,Possible Injury (C),2,Local police,,18-20,18-20,,,11:00PM to 11:59PM,D1: (No improper driving) ,D1: Not Distracted,Collision with motor vehicle in traffic,Yes,Dark - lighted roadway,Rear-end,4,,,, PW20254567454,Dry,Four-way intersection,MAPC,0,1,Traffic control signal,"Two-way, not divided",V1: Slowing or stopped in traffic / V2: Travelling straight ahead,V1:(Passenger car) / V2:(Passenger car),V1:(No) / V2:(No),V1:(No) / V2:(No),V1: N  / V2: N,Clear,MIDDLESEX,25000332,"V1:(No, not federally reportable) / V2:(No, not federally reportable)","No, not federally reportable",Roadway,At Intersection,"Yes, hit and run",,V1:(Collision with motor vehicle in traffic) / V2:(Collision with motor vehicle in traffic),Unknown,"No, school bus not involved",35,"Yes, device functioning", V1:(Collision with motor vehicle in traffic) V2:(Collision with motor vehicle in traffic),No,,,,,,,,238567.7032,910205.3752,42.44141877,-71.03122337,, BROADWAY Rte N  / TRUEMAN DR Rte E  / BAYRD ST Rte W,,,,,,,,,,,24544,2020,0.33,957,0.105,271,Both sides,City or Town accepted road,,10,10,0,No Shoulder,26,Bituminous concrete road,8,Hardened bituminous mix or penetration,2,0,0,None,Large Urbanized Area,Rural minor arterial or urban principal arterial,Boston (MA-NH-RI),,Mainline roadway,Two-way traffic,No Access Control,,35,BROADWAY,EVERETT CITY LINE,MELROSE CITY LINE,MALDEN,Good,Level Terrain,,Grown from Prior Year HPMS Network,,35,Surfaced shoulder exists – Portland Cement Concrete surface (PCC,8,,,Principal Arterial - Other
5527058,MALDEN,4/28/25,Property damage only (none injured),Open,1:43 PM,2025,No Apparent Injury (O),2,Local police,,25-34,55-64,,,01:00PM to 01:59PM,D1: (No improper driving)  / D2: (No improper driving) ,D1: Not Distracted / D2: Not Distracted,Collision with motor vehicle in traffic,Yes,Daylight,"Sideswipe, opposite direction",4,,,, PW20254567456,Dry,Not at junction,MAPC,0,0,No controls,"One-way, not divided",V1: Travelling straight ahead / V2: Other,"V1:(Passenger car) / V2:(Light truck(van, mini-van, pickup, sport utility))",V1:(No) / V2:(No),"V1:(No) / V2:(Yes, vehicle or trailer disabled)",V1: W  / V2: U,Clear,MIDDLESEX,25000322,"V1:(No, not federally reportable) / V2:(No, not federally reportable)","No, not federally reportable",Roadway,At Address,No hit and run,,V1:(Collision with motor vehicle in traffic) / V2:(Collision with motor vehicle in traffic),None,"No, school bus not involved",25,Not reported, V1:(Collision with motor vehicle in traffic) V2:(Collision with motor vehicle in traffic),No,,,,,,,,235307.537,908601.6243,42.42713547,-71.07094688,145, PLEASANT ST Rte W,,,,,,,,,,,1154,,,,,,Both sides,City or Town accepted road,,13,14,0,No Shoulder,34,Bituminous concrete road,0,No Shoulder,2,0,0,None,Large Urbanized Area,Local,Boston (MA-NH-RI),,Mainline roadway,One-way traffic,No Access Control,,,PLEASANT STREET,MAIN STREET,CUL_DE_SAC,MALDEN,Good,Level Terrain,,,,,0,0,,,Local
5527060,MALDEN,4/29/25,Property damage only (none injured),Open,6:53 PM,2025,No Apparent Injury (O),2,Local police,,25-34,25-34,,,06:00PM to 06:59PM,D1: (Unknown) ,,Collision with motor vehicle in traffic,Yes,Daylight,Unknown,4,,,, PW20254567462,Dry,T-intersection,MAPC,0,0,Stop signs,"Two-way, not divided",V1: Travelling straight ahead / V2: Turning right,V1:(Passenger car) / V2:(Passenger car),V1:(No) / V2:(No),V1:(No) / V2:(No),V1: W  / V2: S,Clear,MIDDLESEX,25000331,"V1:(No, not federally reportable) / V2:(No, not federally reportable)","No, not federally reportable",Unknown,At Intersection,No hit and run,,V1:(Collision with motor vehicle in traffic) / V2:(Collision with motor vehicle in traffic),Unknown,"No, school bus not involved",25,"No, device not functioning", V1:(Collision with motor vehicle in traffic) V2:(Collision with motor vehicle in traffic),No,,,,,,,,239220.203,909355.125,42.43373185,-71.02335038,, LYNN ST Rte W  / REVERE ST Rte S,,,,,,,,,,,21023,2020,0.477,1029,0.068,126,Both sides,City or Town accepted road,,5,5,0,No Shoulder,32,Bituminous concrete road,0,No Shoulder,2,0,0,None,Large Urbanized Area,Urban collector or rural minor collector,Boston (MA-NH-RI),,Mainline roadway,Two-way traffic,No Access Control,,99,LYNN STREET,EVERETT CITY LINE,REVERE CITY LINE,MALDEN,Good,Level Terrain,,Grown from Prior Year HPMS Network,,99,0,0,,,Major Collector
5527061,MALDEN,4/29/25,Unknown,Open,5:25 PM,2025,Not reported,1,Local police,,,,,,05:00PM to 05:59PM,,,Collision with parked motor vehicle,Yes,Daylight,Angle,4,,,, PW20254567460,Dry,Not at junction,MAPC,0,0,No controls,"Two-way, not divided",V1: Parked,V1:(Passenger car),V1:(No),V1:(No),V1: S,Clear,MIDDLESEX,25000328,"V1:(No, not federally reportable)","No, not federally reportable",Unknown,At Address,No hit and run,,V1:(Collision with parked motor vehicle),Unknown,"No, school bus not involved",25,"No, device not functioning", V1:(Collision with parked motor vehicle),No,,,,,,,,236543.8686,908195.4129,42.42342157,-71.05594908,39, HENRY ST Rte S,,,,,,,,,,,1154,,,,,,Both sides,City or Town accepted road,,7,7,0,No Shoulder,25,Bituminous concrete road,0,No Shoulder,2,0,0,None,Large Urbanized Area,Local,Boston (MA-NH-RI),,Mainline roadway,Two-way traffic,No Access Control,,,HENRY STREET,EVERETT CITY LINE,UPHAM STREET,MALDEN,Good,Level Terrain,,,,,0,0,,,Local
5527202,MALDEN,4/11/25,Non-fatal injury,Open,10:17 PM,2025,Suspected Minor Injury (B),1,Local police,,21-24,21-24,,,10:00PM to 10:59PM,"D1: (Inattention),(Unknown) ",,Collision with pedestrian,Yes,Dark - unknown roadway lighting,Single vehicle crash,4, VU2: Entering or crossing location, VU2: Marked crosswalk at intersection (includes use of paint raised or other roadway material), VU2: Pedestrian, PW20254567403,Wet,T-intersection,MAPC,0,1,No controls,"Two-way, not divided",V1: Turning right,V1:(Passenger car),V1:(No),V1:(No),V1: W,Rain/Unknown,MIDDLESEX,25000274,"V1:(No, not federally reportable)","No, not federally reportable",Roadway,At Intersection,No hit and run,,V1:(Collision with pedestrian),None,"No, school bus not involved",25,Not reported, V1:(Collision with pedestrian),No, VU2:(Crossing Roadway),, VU2: None,," VU2:(Turn/Merge),(None)",,,237189.7031,909244,42.43283096,-71.04803407,, ROCKWELL ST Rte N  / SALEM ST Rte W,,,,,,,,,,,7187,2020,0.21,352,0,42,Both sides,City or Town accepted road,,5,7,0,No Shoulder,25,Bituminous concrete road,0,No Shoulder,2,0,0,None,Large Urbanized Area,Urban collector or rural minor collector,Boston (MA-NH-RI),,Mainline roadway,Two-way traffic,No Access Control,,99,ROCKWELL STREET,SALEM STREET,CHERRY STREET,MALDEN,Good,Rolling Terrain,,Grown from Prior Year HPMS Network,,99,0,0,,,Major Collector
5527205,MALDEN,4/21/25,Property damage only (none injured),Open,6:10 PM,2025,No Apparent Injury (O),2,Local police,,21-24,65-74,,,06:00PM to 06:59PM,D1: (No improper driving)  / D2: (Inattention) ,D1: Not Distracted / D2: Not Distracted,Collision with motor vehicle in traffic,Yes,Daylight,Rear-end,4,,,, PW20254567435,Dry,Not at junction,MAPC,0,0,No controls,"Two-way, not divided",V1: Travelling straight ahead / V2: Travelling straight ahead,V1:(Passenger car) / V2:(Passenger car),V1:(No) / V2:(No),"V1:(No) / V2:(Yes, vehicle or trailer disabled)",V1: S  / V2: S,Clear,MIDDLESEX,25000301,"V1:(No, not federally reportable) / V2:(No, not federally reportable)","No, not federally reportable",Roadway,At Address,No hit and run,,V1:(Collision with motor vehicle in traffic) / V2:(Collision with motor vehicle in traffic),None,"No, school bus not involved",30,"Yes, device functioning", V1:(Collision with motor vehicle in traffic) V2:(Collision with motor vehicle in traffic),No,,,,,,,,234951.249,908008.8148,42.42181473,-71.07531224,188, COMMERCIAL ST Rte S,,,,,,,,,,,14655,2020,0.477,718,0.068,88,Both sides,City or Town accepted road,,7,7,0,No Shoulder,46,Bituminous concrete road,0,No Shoulder,4,0,0,None,Large Urbanized Area,Urban minor arterial or rural major collector,Boston (MA-NH-RI),,Mainline roadway,Two-way traffic,No Access Control,,30,COMMERCIAL STREET,PLEASANT STREET,MEDFORD CITY LINE,MALDEN,Good,Level Terrain,,Grown from Prior Year HPMS Network,,30,0,0,,,Minor Arterial