Crash Number,City Town Name,Crash Date,Crash Severity,Crash Status,Crash Time,Crash Year,Max Injury Severity Reported,Number of Vehicles,Police Agency Type,State Police Troop,Age of Driver - Youngest Known,Age of Driver - Oldest Known,Age of Vulnerable User - Youngest Known,Age of Vulnerable User - Oldest Known,Crash Hour,Driver Contributing Circumstances (All Drivers),Driver Distracted By (All Vehicles),First Harmful Event,Is Geocoded,Light Conditions,Manner of Collision,MassDOT District,Vulnerable User Action (All Persons),Vulnerable User Location (All Persons),Vulnerable User Type (All Persons),RMV Document Numbers,Road Surface Condition,Roadway Junction Type,RPA Abbreviation,Total Fatalities,Total Non-Fatal Injuries,Traffic Control Device Type,Trafficway Description,Vehicle Actions Prior to Crash (All Vehicles),Vehicle Configuration (All Vehicles),Vehicle Emergency Use (All Vehicles),Vehicle Towed From Scene (All Vehicles),Vehicle Travel Directions (All Vehicles),Weather Conditions,County Name,Crash Report IDs,FMCSA Reportable (All Vehicles),FMCSA Reportable (Crash),First Harmful Event Location,Geocoding Method,Hit and Run,Locality,Most Harmful Event (All Vehicles),Road Contributing Circumstance,School Bus Related,Speed Limit,Traffic Control Device Function,Vehicle Sequence of Events (All Vehicles),Work Zone Related,Vulnerable User Sequence of Events (All Persons),Vulnerable User Distracted By (All Persons),Vulnerable User Traffic Control Type (All persons),Vulnerable User Origin Destination (All Persons),Vulnerable User Contributing Circumstances (All Persons),Vulnerable User Alcohol Suspected Type (All Persons),Vulnerable User Drug Suspected Type (All Persons),X,Y,Latitude,Longitude,Street Number,Roadway,Near Intersection Roadway,Distance and Direction From Intersection,Milemarker,Milemarker Route,Distance and Direction From Milemarker,Exit Number,Exit Route,Distance and Direction From Exit,Landmark,Distance and Direction From Landmark,AADT-linked RD,AADT Year-linked RD,Peak % Single Unit Trucks-linked RD,Single-Unit Truck and Bus AADT-linked RD,Peak % Combo Trucks-linked RD,Combination Truck AADT-linked RD,Curb-linked RD-linked RD,Jurisdiction-linked RD,Truck Route-linked RD,Left Sidewalk Width-linked RD,Right Sidewalk Width-linked RD,Left Shoulder Width-linked RD,Left Shoulder Type-linked RD,Surface Width-linked RD,Surface Type-linked RD,Right Shoulder Width-linked RD,Right Shoulder Type-linked RD,Number of Travel Lanes-linked RD,Number of Opposing Travel Lanes-linked RD,Median Width-linked RD,Median Type-linked RD,Urban Type-linked RD,Functional Classification-linked RD,Urbanized Area-linked RD,Federal Aid Route Number-linked RD,Facility Type-linked RD,Street Operation-linked RD,Access Control-linked RD,Number of Peak Hour Lanes-linked RD,Speed Limit-linked RD,Street Name-linked RD,From Street Name-linked RD,To Street Name-linked RD,City-linked RD-linked RD,Structural Condition-linked RD,Terrain-linked RD,Urban Location Type-linked RD,AADT Derivation-linked RD,AADT Station Number-linked RD,Opposing Direction Speed Limit-linked RD,Undivided Left Shoulder Type-linked RD,Undivided Left Shoulder Width-linked RD,Truck Exclusion Type-linked RD,Truck Exclusion Time-linked RD,Federal Functional Classification-linked RD
5527208,MALDEN,4/5/25,Property damage only (none injured),Open,4:48 PM,2025,No Apparent Injury (O),2,Local police,,25-34,35-44,,,04:00PM to 04:59PM,D1: (Unknown)  / D2: (Unknown) ,,Collision with motor vehicle in traffic,Yes,Daylight,Angle,4,,,, PW20254567399,Wet,Four-way intersection,MAPC,0,0,Traffic control signal,"Two-way, not divided",V1: Travelling straight ahead / V2: Travelling straight ahead,V1:(Passenger car) / V2:(Passenger car),V1:(No) / V2:(No),"V1:(Yes, vehicle or trailer disabled) / V2:(Yes, vehicle or trailer disabled)",V1: W  / V2: S,Rain/Cloudy,MIDDLESEX,25000260,"V1:(No, not federally reportable) / V2:(No, not federally reportable)","No, not federally reportable",Roadway,At Intersection,No hit and run,,V1:(Collision with motor vehicle in traffic) / V2:(Collision with motor vehicle in traffic),Unknown,"No, school bus not involved",25,"Yes, device functioning", V1:(Collision with motor vehicle in traffic) V2:(Collision with motor vehicle in traffic),No,,,,,,,,236498.9844,908744.1252,42.42836347,-71.0564598,, EASTERN AV Rte W  / BRYANT Rte S,,,,,,,,,,,15279,2020,0.558,702,0.155,168,Both sides,City or Town accepted road,,6,6,0,No Shoulder,28,Bituminous concrete road,8,Hardened bituminous mix or penetration,2,0,0,None,Large Urbanized Area,Rural minor arterial or urban principal arterial,Boston (MA-NH-RI),,Mainline roadway,Two-way traffic,No Access Control,,30,EASTERN AVENUE,MAIN STREET,LYNN STREET,MALDEN,Good,Level Terrain,,Pulled back from HPMS network estimation routine,,30,Surfaced shoulder exists – Portland Cement Concrete surface (PCC,8,,,Principal Arterial - Other
5527210,MALDEN,4/18/25,Property damage only (none injured),Open,5:52 PM,2025,No Apparent Injury (O),2,Local police,,18-20,55-64,,,05:00PM to 05:59PM,D1: (Other improper action)  / D2: (No improper driving) ,D2: Not Distracted,Collision with parked motor vehicle,Yes,Daylight,Angle,4,,,, PW20254567418,Dry,Unknown,MAPC,0,0,No controls,Unknown,V1: Backing / V2: Backing,V1:(Passenger car) / V2:(Passenger car),V1:(No) / V2:(No),V1:(No) / V2:(No),V1: U  / V2: U,Cloudy,MIDDLESEX,25000288,"V1:(No, not federally reportable) / V2:(No, not federally reportable)","No, not federally reportable",Outside roadway,At Address,No hit and run,,V1:(Collision with parked motor vehicle) / V2:(Collision with parked motor vehicle),None,"No, school bus not involved",25,"No, device not functioning", V1:(Collision with parked motor vehicle) V2:(Collision with parked motor vehicle),No,,,,,,,,235520.4925,908390.5018,42.42522516,-71.06837209,185, CENTRE ST Rte 6,,,,,,,,,,,14589,2020,0.558,671,0.155,161,Both sides,City or Town accepted road,,0,8,0,No Shoulder,22,Bituminous concrete road,0,No Shoulder,2,2,5,Raised Median,Large Urbanized Area,Rural minor arterial or urban principal arterial,Boston (MA-NH-RI),,Mainline roadway,Two-way traffic,No Access Control,,30,CENTRE STREET,PLEASANT STREET,EASTERN AVENUE,MALDEN,Good,Level Terrain,,Pulled back from HPMS network estimation routine,,0,0,0,,,Principal Arterial - Other
5527304,MALDEN,4/22/25,Property damage only (none injured),Open,1:47 AM,2025,No Apparent Injury (O),1,Local police,,21-24,21-24,,,01:00AM to 01:59AM,D1: (Distracted) ,"D1: Other activity (searching, eating, personal hygiene, etc.)",Collision with utility pole,Yes,Dark - lighted roadway,Single vehicle crash,4,,,, PW20254567433,Wet,Not at junction,MAPC,0,0,No controls,"Two-way, not divided",V1: Travelling straight ahead,"V1:(Light truck(van, mini-van, pickup, sport utility))",V1:(No),"V1:(Yes, vehicle or trailer disabled)",V1: W,Rain,MIDDLESEX,25000302,"V1:(No, not federally reportable)","No, not federally reportable",Roadside,At Address,No hit and run,,V1:(Collision with utility pole),None,"No, school bus not involved",25,Not reported, V1:(Collision with utility pole),No,,,,,,,,237019.9523,908814.7431,42.42897465,-71.05012452,35, LISBON ST Rte W,,,,,,,,,,,1154,,,,,,Both sides,City or Town accepted road,,7,7,0,No Shoulder,40,Bituminous concrete road,0,No Shoulder,2,0,0,None,Large Urbanized Area,Local,Boston (MA-NH-RI),,Mainline roadway,Two-way traffic,No Access Control,,,LISBON STREET,EASTERN AVENUE,SHORT STREET,MALDEN,Good,Level Terrain,,,,,0,0,,,Local
5528322,MALDEN,5/2/25,Property damage only (none injured),Open,4:51 PM,2025,No Apparent Injury (O),2,State police,A,35-44,35-44,,,04:00PM to 04:59PM,D1: (Failed to yield right of way)  / D2: (Followed too closely) ,D1: External distraction (outside the vehicle) / D2: Not Distracted,Collision with motor vehicle in traffic,Yes,Daylight,Angle,4,,,, PW20254568819,Dry,Not at junction,MAPC,0,0,No controls,"Two-way, divided, positive median barrier",V1: Changing lanes / V2: Changing lanes,V1:(Passenger car) / V2:(Passenger car),V1:(No) / V2:(No),"V1:(No) / V2:(Yes, vehicle or trailer disabled)",V1: N  / V2: N,Clear/Clear,MIDDLESEX, 2025-ATrp-4264,"V1:(No, not federally reportable) / V2:(No, not federally reportable)","No, not federally reportable",Roadway,Operator Designated,No hit and run,,V1:(Collision with motor vehicle in traffic) / V2:(Collision with motor vehicle in traffic),None,"No, school bus not involved",50,Not reported, V1:(Collision with motor vehicle in traffic) V2:(Collision with motor vehicle in traffic),No,,,,,,,,239272.5768,909740.8938,42.43720209,-71.02268765,, RAMP-RT 1 NB TO SALEM ST, SALEM STREET,100 feet S  of,,,,,,,,,1145,2015,0,0,0,0,Both sides,City or Town accepted road,,0,4,0,No Shoulder,32,Bituminous concrete road,0,No Shoulder,1,0,0,None,Large Urbanized Area,Local,Boston (MA-NH-RI),,Simple Ramp/ Channelized Turning Lane,One-way traffic,No Access Control,,99,RAMP-RT 1 NB TO SALEM ST,BENNETT HIGHWAY ,SALEM STREET ,MALDEN,Good,Rolling Terrain,,Actual,21012,99,0,0,,,Local
5533849,MALDEN,5/22/25,Property damage only (none injured),Open,12:00 AM,2025,No Apparent Injury (O),3,State police,A,35-44,55-64,,,12:00AM to 12:59AM,D1: (Failure to keep in proper lane or running off road)  / D2: (Unknown) ,,Collision with motor vehicle in traffic,Yes,Daylight,"Sideswipe, same direction",4,,,, PW20254574802,Dry,On-ramp,MAPC,0,0,No controls,"One-way, not divided",V1: Overtaking/passing / V2: Slowing or stopped in traffic / V3: Not reported,V1:(Passenger car) / V2:(Passenger car) / V3:(Passenger car),V1:(No) / V2:(No),V1:(No) / V2:(No),V1: W  / V2: W  / V3:,Clear,MIDDLESEX, 2025-ATrp-5078/1,"V1:(No, not federally reportable) / V2:(No, not federally reportable) / V3:(No, not federally reportable)","No, not federally reportable",Roadway,Operator Designated,"Yes, hit and run",,V1:(Collision with motor vehicle in traffic) / V2:(Collision with motor vehicle in traffic),None,"No, school bus not involved",25,Not reported, V1:(Collision with motor vehicle in traffic) V2:(Collision with motor vehicle in traffic),No,,,,,,,,239259.0864,909742.609,42.43721821,-71.02285149,, RAMP-SALEM ST/LYNN ST TO RT 1 NB, SALEM STREET Rte 1,100 feet S  of,,,,,,,,,,,,,,,Both sides,City or Town accepted road,,5,5,0,No Shoulder,30,Bituminous concrete road,0,No Shoulder,1,0,0,None,Large Urbanized Area,Local,Boston (MA-NH-RI),,Simple Ramp/ Channelized Turning Lane,One-way traffic,No Access Control,,99,RAMP-SALEM ST TO RT 1 NB,SALEM STREET ,BENNETT HIGHWAY ,MALDEN,Good,Level Terrain,,,,99,0,0,,,Local
5534910,MALDEN,5/23/25,Property damage only (none injured),Open,6:31 PM,2025,No Apparent Injury (O),2,State police,A,16-17,35-44,,,06:00PM to 06:59PM,D1: (No improper driving)  / D2: (Driving too fast for conditions) ,D1: Not Distracted / D2: Not Distracted,Collision with motor vehicle in traffic,Yes,Dusk,Head-on,4,,,, PW20254575954,Wet,On-ramp,MAPC,0,0,No controls,"Two-way, not divided",V1: Travelling straight ahead / V2: Turning right,V1:(Passenger car) / V2:(Passenger car),V1:(No) / V2:(No),"V1:(No) / V2:(Yes, vehicle or trailer disabled)",V1: N  / V2: S,Rain,SUFFOLK, 2025-ATrp-5055,"V1:(No, not federally reportable) / V2:(No, not federally reportable)","No, not federally reportable",Roadway,Operator Designated,No hit and run,,V1:(Collision with motor vehicle in traffic) / V2:(Collision with motor vehicle in traffic),Unknown,"No, school bus not involved",20,Not reported, V1:(Collision with motor vehicle in traffic) V2:(Collision with motor vehicle in traffic),No,,,,,,,,239288.1292,909677.5344,42.43663092,-71.02250295,, RAMP-SALEM ST TO RT 1 SB, SALEM STREET,50 feet N  of,,,,,,,,,7498,2020,0.632,426,0.109,60,,City or Town accepted road,,0,5,0,No Shoulder,20,Bituminous concrete road,0,No Shoulder,1,0,0,None,Large Urbanized Area,Urban collector or rural minor collector,Boston (MA-NH-RI),,Simple Ramp/ Channelized Turning Lane,One-way traffic,No Access Control,,99,RAMP-SALEM ST TO RT 1 SB,SALEM STREET,BENNETT HIGHWAY ,MALDEN,Good,Rolling Terrain,,Grown,,99,0,0,,,Major Collector
5535558,MALDEN,5/29/25,Non-fatal injury,Open,3:48 PM,2025,Suspected Minor Injury (B),3,State police,A,25-34,45-54,,,03:00PM to 03:59PM,"D1: (Followed too closely),(Inattention)  / D2: (No improper driving)  / D3: (No improper driving) ",D1: Not Distracted / D2: Not Distracted / D3: Not Distracted,Collision with motor vehicle in traffic,Yes,Daylight,Rear-end,4,,,, PW20254576662,Dry,Not at junction,MAPC,0,2,No controls,"Two-way, divided, positive median barrier",V1: Travelling straight ahead / V2: Slowing or stopped in traffic / V3: Slowing or stopped in traffic,"V1:(Light truck(van, mini-van, pickup, sport utility)) / V2:(Light truck(van, mini-van, pickup, sport utility)) / V3:(Light truck(van, mini-van, pickup, sport utility))",V2:(No) / V3:(No),"V1:(Yes, vehicle or trailer disabled) / V2:(Yes, vehicle or trailer disabled) / V3:(No)",V1: N  / V2: N  / V3: N,Clear/Cloudy,MIDDLESEX, 2025-ATrp-5249,"V1:(No, not federally reportable) / V2:(No, not federally reportable) / V3:(No, not federally reportable)","No, not federally reportable",Roadway,Operator Designated,No hit and run,,V1:(Collision with motor vehicle in traffic) / V2:(Collision with motor vehicle in traffic) / V3:(Collision with motor vehicle in traffic),Traffic congestion related,"No, school bus not involved",50,Not reported, V1:(Collision with motor vehicle in traffic) V2:(Collision with motor vehicle in traffic) V3:(Collision with motor vehicle in traffic),No,,,,,,,,239190.2781,909769.9979,42.43746824,-71.0236859,, BENNETT HIGHWAY Rte US1 N, RAMP-SALEM ST TO RT 1 NB,150 feet W  of,,US1,,,US1,,,,71015,2020,0.203,1835,0.066,706,Right side only,Massachusetts Department of Transportation,,0,5,2,Hardened bituminous mix or penetration,24,Bituminous concrete road,4,Hardened bituminous mix or penetration,2,2,4,Positive Barrier – rigid,Large Urbanized Area,Rural or urban principal arterial,Boston (MA-NH-RI),,Mainline roadway,Two-way traffic,Full Access Control,,50,CUTLER HIGHWAY,,NORTHEAST EXPRESSWAY,MALDEN,Fair,Level Terrain,,Pulled back from HPMS network estimation routine,,0,0,0,,,Principal Arterial - Other Freeways or Expressways
5538111,MALDEN,6/10/25,Property damage only (none injured),Open,8:55 PM,2025,No Apparent Injury (O),1,State police,A,35-44,35-44,,,08:00PM to 08:59PM,D1: (Distracted) ,D1: Not Distracted,Collision with guardrail,Yes,Dark - roadway not lighted,Single vehicle crash,4,,,, PW20254579460,Dry,Off-ramp,MAPC,0,0,No controls,"Two-way, divided, positive median barrier",V1: Turning right,"V1:(Light truck(van, mini-van, pickup, sport utility))",V1:(No),"V1:(Yes, vehicle or trailer disabled)",V1: S,Cloudy/Cloudy,MIDDLESEX, 2025-ATrp-5731,"V1:(No, not federally reportable)","No, not federally reportable",Roadway,Operator Designated,No hit and run,,V1:(Collision with guardrail),None,"No, school bus not involved",50,Not reported, V1:(Collision with guardrail),Yes,,,,,,,,239285.6232,909690.1389,42.43674452,-71.02253255,, RAMP-RT 1 SB TO SALEM ST (LYNN ST), RAMP-SALEM ST TO RT 1 SB,100 feet N  of,,,,,,,,,3497,2020,0.632,198,0.109,28,,City or Town accepted road,,0,0,0,No Shoulder,20,Bituminous concrete road,0,No Shoulder,1,0,0,None,Large Urbanized Area,Urban collector or rural minor collector,Boston (MA-NH-RI),,Simple Ramp/ Channelized Turning Lane,One-way traffic,No Access Control,,99,RAMP-RT 1 SB TO SALEM ST (LYNN ST),BENNETT HIGHWAY ,SALEM STREET,MALDEN,Good,Level Terrain,,Grown,,99,0,0,,,Major Collector
5540130,MALDEN,6/20/25,Property damage only (none injured),Open,1:37 PM,2025,No Apparent Injury (O),2,State police,A,21-24,35-44,,,01:00PM to 01:59PM,D1: (No improper driving)  / D2: (Failed to yield right of way) ,D1: Not Distracted / D2: Not Distracted,Collision with motor vehicle in traffic,Yes,Daylight,Angle,4,,,, PW20254581666,Dry,Four-way intersection,MAPC,0,0,Traffic control signal,"Two-way, divided, positive median barrier",V1: Travelling straight ahead / V2: Turning left,V1:(Passenger car) / V2:(Passenger car),V1:(No) / V2:(No),"V1:(Yes, vehicle or trailer disabled) / V2:(Yes, vehicle or trailer disabled)",V1: N  / V2: S,Clear/Clear,MIDDLESEX, 2025-ATrp-6111,"V1:(No, not federally reportable) / V2:(No, not federally reportable)","No, not federally reportable",Roadway,At Intersection,No hit and run,,V1:(Collision with motor vehicle in traffic) / V2:(Collision with motor vehicle in traffic),None,"No, school bus not involved",35,"Yes, device functioning"," V1:(Collision with motor vehicle in traffic) V2:(Collision with motor vehicle in traffic),(Overturn/rollover)",No,,,,,,,,234278.0154,909373.6251,42.43413137,-71.08341148,, FELLSWAY EAST Rte    / HIGHLAND AVE Rte,,,,,,,,,,,9198,2020,0.477,451,0.068,55,Both sides,Department of Conservation and Recreation,,0,5,0,No Shoulder,35,Bituminous concrete road,0,No Shoulder,3,2,30,Raised Median,Large Urbanized Area,Urban minor arterial or rural major collector,Boston (MA-NH-RI),,Mainline roadway,Two-way traffic,No Access Control,,25,FELLSWAY EAST,MELROSE CITY LINE,FELLSWAY WEST,MALDEN,Good,Level Terrain,,Grown from Prior Year HPMS Network,,0,0,0,,,Minor Arterial
5544956,MALDEN,6/25/25,Non-fatal injury,Open,3:49 PM,2025,Suspected Minor Injury (B),2,State police,A,18-20,65-74,,,03:00PM to 03:59PM,D1: (No improper driving) ,D1: Not Distracted / D2: Not Distracted,Collision with motor vehicle in traffic,Yes,Daylight,Rear-end,4,,,, PW20254587015,Dry,Not at junction,MAPC,0,1,No controls,"Two-way, divided, positive median barrier",V1: Travelling straight ahead / V2: Travelling straight ahead,V1:(Passenger car) / V2:(Passenger car),V1:(No) / V2:(No),"V1:(Yes, vehicle or trailer disabled) / V2:(Yes, vehicle or trailer disabled)",V1: N  / V2: N,Clear,MIDDLESEX, 2025-ATrp-6298,"V1:(No, not federally reportable) / V2:(No, not federally reportable)","No, not federally reportable",Roadway,Mile Marker,No hit and run,,V1:(Collision with motor vehicle in traffic) / V2:(Collision with motor vehicle in traffic),None,"No, school bus not involved",30,Not reported, V1:(Collision with motor vehicle in traffic) V2:(Collision with motor vehicle in traffic),No,,,,,,,,232894.1453,908426.3144,42.42566279,-71.10028367,SR28, SR28 NB Rte,,,128.1,,10 feet N  of,,,,,,22527,2020,0.558,1036,0.155,248,Both sides,Department of Conservation and Recreation,,0,5,2,Hardened bituminous mix or penetration,24,Bituminous concrete road,8,Hardened bituminous mix or penetration,2,2,8,Raised Median,Large Urbanized Area,Rural minor arterial or urban principal arterial,Boston (MA-NH-RI),,Mainline roadway,Two-way traffic,Partial Access Control,,30,FELLSWAY,WICKLOW STREET,MEDFORD CITY LINE,MEDFORD,Good,Level Terrain,,Pulled back from HPMS network estimation routine,,0,0,0,,,Principal Arterial - Other
5544963,MALDEN,6/25/25,Non-fatal injury,Open,7:34 PM,2025,Possible Injury (C),2,State police,A,18-20,45-54,,,07:00PM to 07:59PM,"D1: (No improper driving)  / D2: (Disregarded traffic signs, signals, road markings) ",D1: Not Distracted,Collision with motor vehicle in traffic,Yes,Daylight,Angle,4,,,, PW20254587020,Dry,Four-way intersection,MAPC,0,1,Stop signs,"Two-way, not divided",V1: Travelling straight ahead / V2: Travelling straight ahead,V1:(Passenger car) / V2:(Passenger car),V1:(No) / V2:(No),"V1:(No) / V2:(Yes, vehicle or trailer disabled)",V1: N  / V2: W,Clear/Clear,MIDDLESEX, 2025-ATrp-6312,"V1:(No, not federally reportable) / V2:(No, not federally reportable)","No, not federally reportable",Roadway,At Intersection,No hit and run,,V1:(Collision with motor vehicle in traffic) / V2:(Collision with motor vehicle in traffic),None,"No, school bus not involved",,"Yes, device functioning", V1:(Collision with motor vehicle in traffic) V2:(Collision with motor vehicle in traffic),No,,,,,,,,234313.3281,908946.7502,42.43028686,-71.08300769,, FELLSWAY EAST Rte    / SAVIN ST Rte,,,,,,,,,,,9198,2020,0.477,451,0.068,55,Both sides,Department of Conservation and Recreation,,5,5,0,No Shoulder,36,Bituminous concrete road,0,No Shoulder,2,0,0,None,Large Urbanized Area,Urban minor arterial or rural major collector,Boston (MA-NH-RI),,Mainline roadway,Two-way traffic,No Access Control,,30,FELLSWAY EAST,MELROSE CITY LINE,FELLSWAY WEST,MALDEN,Good,Level Terrain,,Grown from Prior Year HPMS Network,,30,0,0,,,Minor Arterial
5548081,MALDEN,7/2/25,Property damage only (none injured),Open,8:34 AM,2025,No Apparent Injury (O),3,State police,A,21-24,65-74,,,08:00AM to 08:59AM,"D2: (Disregarded traffic signs, signals, road markings) ",D3: Not Distracted,Collision with motor vehicle in traffic,Yes,Daylight,"Sideswipe, same direction",4,,,, PW20254590389,Dry,Four-way intersection,MAPC,0,0,Traffic control signal,"One-way, not divided",V1: Not reported / V2: Turning right / V3: Travelling straight ahead,"V1:(Passenger car) / V2:(Light truck(van, mini-van, pickup, sport utility)) / V3:(Passenger car)",V2:(No) / V3:(No),"V2:(No) / V3:(Yes, vehicle or trailer disabled)",V1:    / V2: W  / V3: S,Clear/Clear,MIDDLESEX, 2025-ATrp-6514,"V1:(No, not federally reportable) / V2:(No, not federally reportable) / V3:(No, not federally reportable)","No, not federally reportable",Roadway,At Intersection,"Yes, hit and run",,V2:(Collision with motor vehicle in traffic) / V3:(Collision with motor vehicle in traffic),None,"No, school bus not involved",35,"Yes, device functioning", V2:(Collision with motor vehicle in traffic) V3:(Collision with motor vehicle in traffic),No,,,,,,,,234085.1306,907582.09,42.41801146,-71.08586133,, FELLSWAY Rte    / MEDFORD ST Rte,,,,,,,,,,,23146,2020,0.558,1065,0.155,254,Both sides,Department of Conservation and Recreation,,0,5,2,Hardened bituminous mix or penetration,24,Bituminous concrete road,8,Hardened bituminous mix or penetration,2,3,8,Raised Median,Large Urbanized Area,Rural minor arterial or urban principal arterial,Boston (MA-NH-RI),,Mainline roadway,Two-way traffic,Partial Access Control,,35,FELLSWAY,,PRESIDENTS LANDING,MALDEN,Fair,Level Terrain,,Pulled back from HPMS network estimation routine,,0,0,0,,,Principal Arterial - Other
5556850,MALDEN,7/24/25,Non-fatal injury,Open,1:22 PM,2025,Suspected Minor Injury (B),3,State police,A,35-44,55-64,,,01:00PM to 01:59PM,D1: (No improper driving)  / D2: (Unknown)  / D3: (No improper driving) ,D1: Not Distracted,Collision with motor vehicle in traffic,Yes,Daylight,Front to Rear,4,,,, PW20254600497,Dry,Not at junction,MAPC,0,1,No controls,"Two-way, divided, positive median barrier",V1: Travelling straight ahead / V2: Changing lanes / V3: Travelling straight ahead,V1:(Passenger car) / V2:(Passenger car) / V3:(Passenger car),V2:(No) / V3:(No),"V1:(Yes, vehicle or trailer disabled) / V2:(No) / V3:(No)",V1: S  / V2: S  / V3: S,Clear,MIDDLESEX, 2025-ATrp-7247,"V1:(No, not federally reportable) / V2:(No, not federally reportable) / V3:(No, not federally reportable)","No, not federally reportable",Roadway,Operator Designated,No hit and run,,V1:(Collision with motor vehicle in traffic) / V2:(Collision with motor vehicle in traffic) / V3:(Collision with motor vehicle in traffic),Traffic congestion related,"No, school bus not involved",50,Not reported, V1:(Collision with motor vehicle in traffic) V2:(Collision with motor vehicle in traffic) V3:(Collision with motor vehicle in traffic),No,,,,,,,,239307.2626,909700.4168,42.43683595,-71.02226885,, BENNETT HIGHWAY Rte US1 S, RAMP-SALEM ST TO RT 1 SB,300 feet W  of,,,,,,,,,77794,2014,0.269,3357,0.08,2748,Right side only,Massachusetts Department of Transportation,,0,0,0,No Shoulder,24,Bituminous concrete road,4,Hardened bituminous mix or penetration,2,2,4,Positive Barrier – rigid,Large Urbanized Area,Rural or urban principal arterial,Boston (MA-NH-RI),,Mainline roadway,Two-way traffic,Full Access Control,2,50,BENNETT HIGHWAY,,RAMP-RT 1 SB TO SALEM ST (LYNN ST),MALDEN,Deficient,Level Terrain,,Grown,8006,0,0,0,,,Principal Arterial - Other Freeways or Expressways
5558892,MALDEN,8/7/25,Non-fatal injury,Open,7:40 AM,2025,Possible Injury (C),2,State police,A,21-24,55-64,,,07:00AM to 07:59AM,D1: (No improper driving)  / D2: (Failed to yield right of way) ,D1: Not Distracted,Collision with motor vehicle in traffic,Yes,Daylight,Head-on,4,,,, PW20254602726,Dry,Four-way intersection,MAPC,0,1,Traffic control signal,"Two-way, divided, positive median barrier",V1: Travelling straight ahead / V2: Turning left,"V1:(Light truck(van, mini-van, pickup, sport utility)) / V2:(Passenger car)",V1:(No),"V1:(Yes, vehicle or trailer disabled) / V2:(Yes, vehicle or trailer disabled)",V1: S  / V2: W,Clear/Clear,MIDDLESEX, 2025-ATrp-7675,"V1:(No, not federally reportable) / V2:(No, not federally reportable)","No, not federally reportable",Roadway,At Intersection,No hit and run,,V1:(Collision with motor vehicle in traffic) / V2:(Collision with motor vehicle in traffic),None,"No, school bus not involved",25,"Yes, device functioning", V1:(Collision with motor vehicle in traffic) V2:(Collision with motor vehicle in traffic),No,,,,,,,,233994.8993,908389.0718,42.42528029,-71.08691015,, FELLSWAY EAST Rte    / PLEASANT ST Rte,,,,,,,,,,,9198,2020,0.477,451,0.068,55,Both sides,Department of Conservation and Recreation,,,5,0,No Shoulder,30,Bituminous concrete road,0,No Shoulder,2,2,3,Raised Median,Large Urbanized Area,Urban minor arterial or rural major collector,Boston (MA-NH-RI),,Mainline roadway,Two-way traffic,No Access Control,,30,FELLSWAY EAST,MELROSE CITY LINE,FELLSWAY WEST,MALDEN,Good,Level Terrain,,Grown from Prior Year HPMS Network,,0,0,0,,,Minor Arterial
5561272,MALDEN,7/3/25,Property damage only (none injured),Open,10:28 AM,2025,No Apparent Injury (O),2,MBTA police,,25-34,65-74,,,10:00AM to 10:59AM,D1: (Unknown)  / D2: (Unknown) ,,Collision with motor vehicle in traffic,Yes,Daylight,"Sideswipe, same direction",4,,,, PW20254605358,Dry,T-intersection,MAPC,0,0,No controls,"Two-way, not divided",V1: Travelling straight ahead / V2: Entering traffic lane,"V1:(Light truck(van, mini-van, pickup, sport utility)) / V2:(Bus (seats for 16 or more, including driver))",V1:(No) / V2:(No),V1:(No) / V2:(No),V1: E  / V2: E,Clear,MIDDLESEX, 2025-0002790(A),"V1:(No, not federally reportable) / V2:(No, not federally reportable)","No, not federally reportable",Roadway,At Intersection,"Yes, hit and run",,V1:(Collision with motor vehicle in traffic) / V2:(Collision with motor vehicle in traffic),None,"No, school bus not involved",25,Not reported, V1:(Collision with motor vehicle in traffic) V2:(Collision with motor vehicle in traffic),No,,,,,,,,236096.5626,908852.1249,42.42935447,-71.06134324,, SALEM ST Rte E  / MOUNT VERNON ST Rte N,,,,,,,,,,,14047,2020,0.477,688,0.068,84,Both sides,City or Town accepted road,,9,9,0,No Shoulder,40,Bituminous concrete road,0,No Shoulder,2,0,0,None,Large Urbanized Area,Urban minor arterial or rural major collector,Boston (MA-NH-RI),,Mainline roadway,Two-way traffic,No Access Control,,30,SALEM STREET,MAIN STREET ,,MALDEN,Good,Level Terrain,,Grown from Prior Year HPMS Network,,30,0,0,,,Minor Arterial
5564579,MALDEN,8/20/25,Property damage only (none injured),Open,9:42 PM,2025,No Apparent Injury (O),2,State police,A,25-34,55-64,,,09:00PM to 09:59PM,"D1: (Swerving or avoiding due to wind, slippery surface, vehicle, object, vulnerable user in roadway),(Driving too fast for conditions)  / D2: (No improper driving) ",D1: Not Distracted / D2: Not Distracted,Collision with motor vehicle in traffic,No,Dark - roadway not lighted,Angle,4,,,, PW20254608927,Wet,Not at junction,MAPC,0,0,No controls,"Two-way, divided, positive median barrier",V1: Travelling straight ahead / V2: Travelling straight ahead,"V1:(Light truck(van, mini-van, pickup, sport utility)) / V2:(Light truck(van, mini-van, pickup, sport utility))",V1:(No) / V2:(No),"V1:(Yes, vehicle or trailer disabled) / V2:(Yes, vehicle or trailer disabled)",V1: S  / V2: S,Rain,MIDDLESEX, 2025-ATrp-8104,"V1:(No, not federally reportable) / V2:(No, not federally reportable)","No, not federally reportable",Roadway,,No hit and run,,V1:(Collision with motor vehicle in traffic) / V2:(Collision with tree),"Road surface condition (wet, icy, snow, slush, etc.)","No, school bus not involved",50,Not reported," V1:(Collision with motor vehicle in traffic) V2:(Collision with motor vehicle in traffic),(Collision with tree)",No,,,,,,,,,,,,, BENNETT HIGHWAY Rte US1 S,,,,,,,,,PRIOR TO LYNN ST,500 feet S  of,,2020,,,,,Right side only,Massachusetts Department of Transportation,,0,5,,,24,Bituminous concrete road,,Hardened bituminous mix or penetration,2,2,4,Positive Barrier – rigid,Large Urbanized Area,Rural or urban principal arterial,Boston (MA-NH-RI),,Mainline roadway,Two-way traffic,Full Access Control,,50,,,,MALDEN,,,,Pulled back from HPMS network estimation routine,,0,0,0,,,Principal Arterial - Other Freeways or Expressways