Crash Number,City Town Name,Crash Date,Crash Severity,Crash Status,Crash Time,Crash Year,Max Injury Severity Reported,Number of Vehicles,Police Agency Type,State Police Troop,Age of Driver - Youngest Known,Age of Driver - Oldest Known,Age of Vulnerable User - Youngest Known,Age of Vulnerable User - Oldest Known,Crash Hour,Driver Contributing Circumstances (All Drivers),Driver Distracted By (All Vehicles),First Harmful Event,Is Geocoded,Light Conditions,Manner of Collision,MassDOT District,Vulnerable User Action (All Persons),Vulnerable User Location (All Persons),Vulnerable User Type (All Persons),RMV Document Numbers,Road Surface Condition,Roadway Junction Type,RPA Abbreviation,Total Fatalities,Total Non-Fatal Injuries,Traffic Control Device Type,Trafficway Description,Vehicle Actions Prior to Crash (All Vehicles),Vehicle Configuration (All Vehicles),Vehicle Emergency Use (All Vehicles),Vehicle Towed From Scene (All Vehicles),Vehicle Travel Directions (All Vehicles),Weather Conditions,County Name,Crash Report IDs,FMCSA Reportable (All Vehicles),FMCSA Reportable (Crash),First Harmful Event Location,Geocoding Method,Hit and Run,Locality,Most Harmful Event (All Vehicles),Road Contributing Circumstance,School Bus Related,Speed Limit,Traffic Control Device Function,Vehicle Sequence of Events (All Vehicles),Work Zone Related,Vulnerable User Sequence of Events (All Persons),Vulnerable User Distracted By (All Persons),Vulnerable User Traffic Control Type (All persons),Vulnerable User Origin Destination (All Persons),Vulnerable User Contributing Circumstances (All Persons),Vulnerable User Alcohol Suspected Type (All Persons),Vulnerable User Drug Suspected Type (All Persons),X,Y,Latitude,Longitude,Street Number,Roadway,Near Intersection Roadway,Distance and Direction From Intersection,Milemarker,Milemarker Route,Distance and Direction From Milemarker,Exit Number,Exit Route,Distance and Direction From Exit,Landmark,Distance and Direction From Landmark,AADT-linked RD,AADT Year-linked RD,Peak % Single Unit Trucks-linked RD,Single-Unit Truck and Bus AADT-linked RD,Peak % Combo Trucks-linked RD,Combination Truck AADT-linked RD,Curb-linked RD-linked RD,Jurisdiction-linked RD,Truck Route-linked RD,Left Sidewalk Width-linked RD,Right Sidewalk Width-linked RD,Left Shoulder Width-linked RD,Left Shoulder Type-linked RD,Surface Width-linked RD,Surface Type-linked RD,Right Shoulder Width-linked RD,Right Shoulder Type-linked RD,Number of Travel Lanes-linked RD,Number of Opposing Travel Lanes-linked RD,Median Width-linked RD,Median Type-linked RD,Urban Type-linked RD,Functional Classification-linked RD,Urbanized Area-linked RD,Federal Aid Route Number-linked RD,Facility Type-linked RD,Street Operation-linked RD,Access Control-linked RD,Number of Peak Hour Lanes-linked RD,Speed Limit-linked RD,Street Name-linked RD,From Street Name-linked RD,To Street Name-linked RD,City-linked RD-linked RD,Structural Condition-linked RD,Terrain-linked RD,Urban Location Type-linked RD,AADT Derivation-linked RD,AADT Station Number-linked RD,Opposing Direction Speed Limit-linked RD,Undivided Left Shoulder Type-linked RD,Undivided Left Shoulder Width-linked RD,Truck Exclusion Type-linked RD,Truck Exclusion Time-linked RD,Federal Functional Classification-linked RD
5564646,MALDEN,8/19/25,Non-fatal injury,Open,8:43 PM,2025,Suspected Minor Injury (B),3,State police,A,45-54,45-54,,,08:00PM to 08:59PM,D2: (Unknown)  / D3: (No improper driving) ,D3: Not Distracted,Collision with motor vehicle in traffic,Yes,Dark - lighted roadway,Rear-end,4,,,, PW20254609004,Dry,Not at junction,MAPC,0,1,No controls,"Two-way, divided, positive median barrier",V1: Not reported / V2: Travelling straight ahead / V3: Travelling straight ahead,"V1:(Passenger car) / V2:(Unknown vehicle configuration) / V3:(Light truck(van, mini-van, pickup, sport utility))",V2:(No) / V3:(No),"V2:(No) / V3:(Yes, vehicle or trailer disabled)",V1:    / V2: S  / V3: S,Clear/Clear,SUFFOLK, 2025-ATrp-8064,"V1:(No, not federally reportable) / V2:(No, not federally reportable) / V3:(No, not federally reportable)","No, not federally reportable",Roadway,Operator Designated,"Yes, hit and run",,V2:(Collision with motor vehicle in traffic) / V3:(Collision with motor vehicle in traffic),None,"No, school bus not involved",55,Not reported, V2:(Collision with motor vehicle in traffic) V3:(Collision with motor vehicle in traffic),No,,,,,,,,239331.6913,909689.6005,42.43673735,-71.02197269,, BENNETT HIGHWAY Rte US1 S, SALEM STREET,200 feet W  of,,,,,,,,,77794,2014,0.269,3357,0.08,2748,Right side only,Massachusetts Department of Transportation,,0,0,0,No Shoulder,24,Bituminous concrete road,4,Hardened bituminous mix or penetration,2,2,4,Positive Barrier – rigid,Large Urbanized Area,Rural or urban principal arterial,Boston (MA-NH-RI),,Mainline roadway,Two-way traffic,Full Access Control,2,50,BENNETT HIGHWAY,,RAMP-RT 1 SB TO SALEM ST (LYNN ST),MALDEN,Deficient,Level Terrain,,Grown,8006,0,0,0,,,Principal Arterial - Other Freeways or Expressways
5565827,MALDEN,8/23/25,Property damage only (none injured),Open,2:19 PM,2025,No Apparent Injury (O),2,State police,A,25-34,75-84,,,02:00PM to 02:59PM,"D1: (Disregarded traffic signs, signals, road markings),(Failed to yield right of way)  / D2: (No improper driving) ",D1: Not Distracted / D2: Not Distracted,Collision with motor vehicle in traffic,Yes,Daylight,Angle,4,,,, PW20254610315,Dry,Four-way intersection,MAPC,0,0,Stop signs,"Two-way, not divided",V1: Travelling straight ahead / V2: Travelling straight ahead,V1:(Passenger car) / V2:(Passenger car),V1:(No) / V2:(No),"V1:(Yes, vehicle or trailer disabled) / V2:(No)",V1: E  / V2: N,Clear/Clear,MIDDLESEX, 2025-ATrp-8201,"V1:(No, not federally reportable) / V2:(No, not federally reportable)","No, not federally reportable",Roadway,At Intersection,No hit and run,,V1:(Collision with motor vehicle in traffic) / V2:(Collision with motor vehicle in traffic),None,"No, school bus not involved",35,"Yes, device functioning", V1:(Collision with motor vehicle in traffic) V2:(Collision with motor vehicle in traffic),No,,,,,,,,234313.3281,908946.7502,42.43028686,-71.08300769,, FELLSWAY EAST Rte    / SAVIN ST Rte,,,,,,,,,,,9198,2020,0.477,451,0.068,55,Both sides,Department of Conservation and Recreation,,5,5,0,No Shoulder,36,Bituminous concrete road,0,No Shoulder,2,0,0,None,Large Urbanized Area,Urban minor arterial or rural major collector,Boston (MA-NH-RI),,Mainline roadway,Two-way traffic,No Access Control,,30,FELLSWAY EAST,MELROSE CITY LINE,FELLSWAY WEST,MALDEN,Good,Level Terrain,,Grown from Prior Year HPMS Network,,30,0,0,,,Minor Arterial
5566020,MALDEN,8/14/25,Non-fatal injury,Open,6:10 AM,2025,Possible Injury (C),2,State police,A,21-24,65-74,,,06:00AM to 06:59AM,D1: (Failed to yield right of way)  / D2: (No improper driving) ,D2: Not Distracted,Collision with motor vehicle in traffic,Yes,Daylight,Front to Rear,4,,,, PW20254610520,Dry,On-ramp,MAPC,0,1,Yield signs,"One-way, not divided",V1: Entering traffic lane / V2: Not reported,"V1:(Passenger car) / V2:(Light truck(van, mini-van, pickup, sport utility))",V1:(No) / V2:(No),"V1:(Yes, vehicle or trailer disabled) / V2:(No)",V1: N  / V2: N,Clear/Clear,MIDDLESEX, 2025-ATrp-7896,"V1:(No, not federally reportable) / V2:(No, not federally reportable)","No, not federally reportable",Roadway,Operator Designated,No hit and run,,V1:(Collision with motor vehicle in traffic) / V2:(Collision with motor vehicle in traffic),Traffic congestion related,"No, school bus not involved",25,"Yes, device functioning", V1:(Collision with motor vehicle in traffic) V2:(Collision with motor vehicle in traffic),No,,,,,,,,239255.4179,909741.296,42.43720658,-71.02289617,, RAMP-SALEM ST TO RT 1 NB, BENNETT HIGHWAY Rte US1,100 feet E  of,,,,,,,,,,,,,,,Both sides,City or Town accepted road,,5,5,0,No Shoulder,30,Bituminous concrete road,0,No Shoulder,1,0,0,None,Large Urbanized Area,Local,Boston (MA-NH-RI),,Simple Ramp/ Channelized Turning Lane,One-way traffic,No Access Control,,99,RAMP-SALEM ST TO RT 1 NB,SALEM STREET ,BENNETT HIGHWAY ,MALDEN,Good,Level Terrain,,,,99,0,0,,,Local
5566025,MALDEN,8/20/25,Non-fatal injury,Open,9:27 PM,2025,Suspected Minor Injury (B),1,State police,A,21-24,21-24,,,09:00PM to 09:59PM,D1: (Over-correcting/over-steering) ,D1: Not Distracted,Other non-collision,Yes,Dark - roadway not lighted,Single vehicle crash,4,,,, PW20254610524,Wet,On-ramp,MAPC,0,1,Yield signs,"Two-way, divided, positive median barrier",V1: Travelling straight ahead,V1:(Passenger car),V1:(No),"V1:(Yes, vehicle or trailer disabled)",V1: S,Rain,MIDDLESEX, 2025-ATrp-8102,"V1:(No, not federally reportable)","No, not federally reportable",Roadway,Operator Designated,No hit and run,,V1:(Collision with median barrier),"Road surface condition (wet, icy, snow, slush, etc.)","No, school bus not involved",55,"Yes, device functioning"," V1:(Other non-collision),(Collision with median barrier)",No,,,,,,,,239329.1611,909690.6515,42.43674693,-71.02200337,, BENNETT HIGHWAY Rte US1 S, SALEM STREET,200 feet W  of,,,,,,,,,77794,2014,0.269,3357,0.08,2748,Right side only,Massachusetts Department of Transportation,,0,0,0,No Shoulder,24,Bituminous concrete road,4,Hardened bituminous mix or penetration,2,2,4,Positive Barrier – rigid,Large Urbanized Area,Rural or urban principal arterial,Boston (MA-NH-RI),,Mainline roadway,Two-way traffic,Full Access Control,2,50,BENNETT HIGHWAY,,RAMP-RT 1 SB TO SALEM ST (LYNN ST),MALDEN,Deficient,Level Terrain,,Grown,8006,0,0,0,,,Principal Arterial - Other Freeways or Expressways
5571047,MALDEN,7/9/25,Property damage only (none injured),Open,10:09 AM,2025,No Apparent Injury (O),1,MBTA police,,45-54,45-54,,,10:00AM to 10:59AM,"D1: (Disregarded traffic signs, signals, road markings) ",D1: Not Distracted,Collision with bridge overhead structure,Yes,Daylight,Single vehicle crash,4,,,, PW20254616077,Wet,Not at junction,MAPC,0,0,Warning signs,"Two-way, not divided",V1: Travelling straight ahead,V1:(Tractor/semi-trailer),V1:(No),V1:(No),V1: E,Cloudy,MIDDLESEX, 2025-0002870(A),"V1:(No, not federally reportable)","No, not federally reportable",Roadway,At Address,No hit and run,,V1:(Collision with bridge overhead structure),None,"No, school bus not involved",25,"Yes, device functioning", V1:(Collision with bridge overhead structure),No,,,,,,,,234800.6222,907543.3127,42.41763076,-71.0771705,297, MEDFORD ST Rte E,,,,,,,,,,,18609,2020,0.477,912,0.068,111,Both sides,City or Town accepted road,,7,7,0,No Shoulder,46,Bituminous concrete road,0,No Shoulder,4,0,0,None,Large Urbanized Area,Urban minor arterial or rural major collector,Boston (MA-NH-RI),,Mainline roadway,Two-way traffic,No Access Control,,99,MEDFORD STREET,MEDFORD CITY LINE,MAIN STREET,MALDEN,Good,Level Terrain,,Grown from Prior Year HPMS Network,,99,0,0,,,Minor Arterial
5572004,MALDEN,9/10/25,Property damage only (none injured),Open,6:09 PM,2025,No Apparent Injury (O),1,State police,A,45-54,45-54,,,06:00PM to 06:59PM,"D1: (Driving too fast for conditions),(Operating vehicle in erratic, reckless, careless, negligent or aggressive manner) ",D1: Not Distracted,Collision with median barrier,No,Daylight,Single vehicle crash,4,,,, PW20254617111,Dry,Not at junction,MAPC,0,0,No controls,"Two-way, divided, positive median barrier",V1: Changing lanes,V1:(Passenger car),V1:(No),"V1:(Yes, vehicle or trailer disabled)",V1: N,Clear/Clear,MIDDLESEX, 2025-ATrp-8756,"V1:(No, not federally reportable)","No, not federally reportable",Median,,No hit and run,,V1:(Collision with curb),None,"No, school bus not involved",50,Not reported," V1:(Collision with median barrier),(Collision with curb)",No,,,,,,,,,,,,, BENNETT HIGHWAY Rte US1 N,,,,,,,,,KAPPY'S,50 feet S  of,,2020,,,,,Right side only,Massachusetts Department of Transportation,,0,5,,,24,Bituminous concrete road,,Hardened bituminous mix or penetration,2,2,4,Positive Barrier – rigid,Large Urbanized Area,Rural or urban principal arterial,Boston (MA-NH-RI),,Mainline roadway,Two-way traffic,Full Access Control,,50,,,,MALDEN,,,,Pulled back from HPMS network estimation routine,,0,0,0,,,Principal Arterial - Other Freeways or Expressways
5579970,MALDEN,9/18/25,Property damage only (none injured),Open,5:32 AM,2025,No Apparent Injury (O),1,State police,A,55-64,55-64,,,05:00AM to 05:59AM,D1: (Over-correcting/over-steering) ,D1: External distraction (outside the vehicle),Collision with median barrier,Yes,Dark - lighted roadway,Single vehicle crash,4,,,, PW20254625689,Dry,T-intersection,MAPC,0,0,Yield signs,"Two-way, divided, positive median barrier",V1: Entering traffic lane,"V1:(Light truck(van, mini-van, pickup, sport utility))",V1:(No),"V1:(Yes, vehicle or trailer disabled)",V1: S,Clear,MIDDLESEX, 2025-ATrp-8959,"V1:(No, not federally reportable)","No, not federally reportable",Roadway,Operator Designated,No hit and run,,V1:(Collision with median barrier),Traffic congestion related,"No, school bus not involved",50,"Yes, device functioning", V1:(Collision with median barrier),No,,,,,,,,239325.8897,909692.0433,42.43675963,-71.02204304,, BENNETT HIGHWAY Rte US1 S, CUTLER HIGHWAY Rte US1,200 feet W  of,,,,,,,,,77794,2014,0.269,3357,0.08,2748,Right side only,Massachusetts Department of Transportation,,0,0,0,No Shoulder,24,Bituminous concrete road,4,Hardened bituminous mix or penetration,2,2,4,Positive Barrier – rigid,Large Urbanized Area,Rural or urban principal arterial,Boston (MA-NH-RI),,Mainline roadway,Two-way traffic,Full Access Control,2,50,BENNETT HIGHWAY,,RAMP-RT 1 SB TO SALEM ST (LYNN ST),MALDEN,Deficient,Level Terrain,,Grown,8006,0,0,0,,,Principal Arterial - Other Freeways or Expressways
5580415,MALDEN,9/28/25,Property damage only (none injured),Open,5:48 PM,2025,No Apparent Injury (O),2,State police,A,35-44,35-44,,,05:00PM to 05:59PM,D1: (Followed too closely)  / D2: (No improper driving) ,D1: Not Distracted / D2: Not Distracted,Collision with motor vehicle in traffic,Yes,Daylight,Rear-end,4,,,, PW20254626208,Dry,On-ramp,MAPC,0,0,Stop signs,"Two-way, divided, positive median barrier",V1: Travelling straight ahead / V2: Slowing or stopped in traffic,"V1:(Light truck(van, mini-van, pickup, sport utility)) / V2:(Passenger car)",V1:(No) / V2:(No),V1:(No) / V2:(No),V1: E  / V2: E,Clear/Clear,MIDDLESEX, 2025-ATrp-9319,"V1:(No, not federally reportable) / V2:(No, not federally reportable)","No, not federally reportable",Roadway,Operator Designated,No hit and run,,V1:(Collision with motor vehicle in traffic) / V2:(Collision with motor vehicle in traffic),Traffic congestion related,"No, school bus not involved",55,"Yes, device functioning", V1:(Collision with motor vehicle in traffic) V2:(Collision with motor vehicle in traffic),No,,,,,,,,239301.3661,909694.303,42.43678121,-71.02234093,, RAMP-SALEM ST TO RT 1 SB, SALEM STREET,100 feet N  of,,,,,,,,,7498,2020,0.632,426,0.109,60,,City or Town accepted road,,0,5,0,No Shoulder,20,Bituminous concrete road,0,No Shoulder,1,0,0,None,Large Urbanized Area,Urban collector or rural minor collector,Boston (MA-NH-RI),,Simple Ramp/ Channelized Turning Lane,One-way traffic,No Access Control,,99,RAMP-SALEM ST TO RT 1 SB,SALEM STREET,BENNETT HIGHWAY ,MALDEN,Good,Rolling Terrain,,Grown,,99,0,0,,,Major Collector
5582212,MALDEN,9/26/25,Property damage only (none injured),Open,3:49 AM,2025,No Apparent Injury (O),2,State police,A,35-44,35-44,,,03:00AM to 03:59AM,D1: (Driving too fast for conditions)  / D2: (No improper driving) ,D1: Not Distracted / D2: Not Distracted,Collision with parked motor vehicle,Yes,Dark - lighted roadway,Angle,4,,,, PW20254628186,Dry,T-intersection,MAPC,0,0,Traffic control signal,"Two-way, divided, positive median barrier",V1: Turning left / V2: Parked,"V1:(Light truck(van, mini-van, pickup, sport utility)) / V2:(Light truck(van, mini-van, pickup, sport utility))",V1:(No) / V2:(No),"V1:(Yes, vehicle or trailer disabled) / V2:(Yes, vehicle or trailer disabled)",V1: S  / V2:,Clear/Clear,MIDDLESEX, 2025-ATrp-9249,"V1:(No, not federally reportable) / V2:(No, not federally reportable)","No, not federally reportable",Roadway,At Intersection,No hit and run,,V1:(Collision with parked motor vehicle) / V2:(Other),None,"No, school bus not involved",30,"Yes, device functioning", V1:(Collision with parked motor vehicle) V2:(Other),No,,,,,,,,234033.5781,908102.8123,42.42270154,-71.08645702,, CHARLES ST Rte    / ROUTE 28 Rte,,,,,,,,,,,4077,2021,,,,,Both sides,City or Town accepted road,,7,7,0,No Shoulder,30,Bituminous concrete road,0,No Shoulder,2,0,0,None,6,Urban collector or rural minor collector,Boston (MA-NH-RI),,Mainline roadway,Two-way traffic,No Access Control,,99,CHARLES STREET,MAIN STREET,FELLSWAY,MALDEN,Good,Level Terrain,,14,,99,0,0,,,Major Collector
5585880,MALDEN,10/8/25,Non-fatal injury,Open,10:12 AM,2025,Suspected Minor Injury (B),2,State police,A,55-64,65-74,,,10:00AM to 10:59AM,D1: (Unknown)  / D2: (Followed too closely) ,,Collision with motor vehicle in traffic,Yes,Daylight,Rear-end,4,,,, PW20254632195,Wet,On-ramp,MAPC,0,1,No controls,"Two-way, divided, positive median barrier",V1: Slowing or stopped in traffic / V2: Travelling straight ahead,V1:(Passenger car) / V2:(Truck/trailer),,"V1:(Yes, vehicle or trailer disabled) / V2:(No)",V1: W  / V2: W,Rain,MIDDLESEX, 2025-ATrp-9642,"V1:(No, not federally reportable) / V2:(No, not federally reportable)","No, not federally reportable",Roadway,Operator Designated,No hit and run,,V1:(Collision with motor vehicle in traffic) / V2:(Collision with motor vehicle in traffic),Traffic congestion related,"No, school bus not involved",25,Not reported, V1:(Collision with motor vehicle in traffic) V2:(Collision with motor vehicle in traffic),No,,,,,,,,239225.9422,909750.1371,42.43728765,-71.0232538,, BENNETT HIGHWAY Rte US1 N  / RAMP-SALEM ST TO RT 1 NB / CUTLER HIGHWAY Rte US1 N,,,,,,,,,,,71015,2020,0.203,1835,0.066,706,Right side only,Massachusetts Department of Transportation,,0,5,2,Hardened bituminous mix or penetration,24,Bituminous concrete road,4,Hardened bituminous mix or penetration,2,2,4,Positive Barrier – rigid,Large Urbanized Area,Rural or urban principal arterial,Boston (MA-NH-RI),,Mainline roadway,Two-way traffic,Full Access Control,,50,CUTLER HIGHWAY,,NORTHEAST EXPRESSWAY,MALDEN,Fair,Level Terrain,,Pulled back from HPMS network estimation routine,,0,0,0,,,Principal Arterial - Other Freeways or Expressways
5585892,MALDEN,10/15/25,Non-fatal injury,Open,7:14 AM,2025,Suspected Minor Injury (B),2,State police,A,25-34,55-64,,,07:00AM to 07:59AM,D1: (Failed to yield right of way)  / D2: (No improper driving) ,D1: Not Distracted / D2: Not Distracted,Collision with motor vehicle in traffic,Yes,Daylight,Angle,4,,,, PW20254632205,Dry,Four-way intersection,MAPC,0,1,Stop signs,"Two-way, divided, unprotected median",V1: Travelling straight ahead / V2: Travelling straight ahead,"V1:(Light truck(van, mini-van, pickup, sport utility)) / V2:(Light truck(van, mini-van, pickup, sport utility))",V1:(No) / V2:(No),"V1:(Yes, vehicle or trailer disabled) / V2:(Yes, vehicle or trailer disabled)",V1: W  / V2: S,Cloudy,MIDDLESEX, 2025-ATrp-9860,"V1:(No, not federally reportable) / V2:(No, not federally reportable)","No, not federally reportable",Roadway,At Intersection,No hit and run,,V1:(Collision with motor vehicle in traffic) / V2:(Collision with motor vehicle in traffic),None,"No, school bus not involved",25,Not reported, V1:(Collision with motor vehicle in traffic) V2:(Collision with motor vehicle in traffic),No,,,,,,,,234293.8798,909114.1143,42.43179442,-71.08323409,, FELLSWAY EAST Rte    / PINE ST Rte,,,,,,,,,,,9198,2020,0.477,451,0.068,55,Both sides,Department of Conservation and Recreation,,0,5,0,No Shoulder,35,Bituminous concrete road,0,No Shoulder,3,2,30,Raised Median,Large Urbanized Area,Urban minor arterial or rural major collector,Boston (MA-NH-RI),,Mainline roadway,Two-way traffic,No Access Control,,25,FELLSWAY EAST,MELROSE CITY LINE,FELLSWAY WEST,MALDEN,Good,Level Terrain,,Grown from Prior Year HPMS Network,,0,0,0,,,Minor Arterial
5588060,MALDEN,9/5/25,Property damage only (none injured),Open,12:01 PM,2025,No Apparent Injury (O),1,MBTA police,,35-44,35-44,,,12:00PM to 12:59PM,"D1: (Disregarded traffic signs, signals, road markings) ",D1: Not Distracted,Collision with bridge overhead structure,Yes,Daylight,Single vehicle crash,4,,,, PW20254634532,Dry,Not at junction,MAPC,0,0,Warning signs,"Two-way, divided, unprotected median",V1: Travelling straight ahead,V1:(Single-unit truck (3-or-more axles)),V1:(No),V1:(No),V1: W,Clear,MIDDLESEX, 2025-0003777(A),"V1:(No, not federally reportable)","No, not federally reportable",Roadway,At Address,No hit and run,,V1:(Collision with bridge overhead structure),None,"No, school bus not involved",25,"Yes, device functioning", V1:(Collision with bridge overhead structure),No,,,,,,,,234857.8537,907543.5281,42.41763015,-71.07647513,280, MEDFORD ST Rte,,,,,,,,,,,18609,2020,0.477,912,0.068,111,Both sides,City or Town accepted road,,7,7,0,No Shoulder,46,Bituminous concrete road,0,No Shoulder,4,0,0,None,Large Urbanized Area,Urban minor arterial or rural major collector,Boston (MA-NH-RI),,Mainline roadway,Two-way traffic,No Access Control,,99,MEDFORD STREET,MEDFORD CITY LINE,MAIN STREET,MALDEN,Good,Level Terrain,,Grown from Prior Year HPMS Network,,99,0,0,,,Minor Arterial
5589051,MALDEN,10/3/25,Property damage only (none injured),Open,5:49 AM,2025,No Apparent Injury (O),4,State police,A,25-34,65-74,,,05:00AM to 05:59AM,D1: (Failure to keep in proper lane or running off road)  / D2: (No improper driving)  / D3: (No improper driving)  / D4: (No improper driving) ,"D1: Other activity (searching, eating, personal hygiene, etc.) / D2: Not Distracted / D3: Not Distracted / D4: Not Distracted",Collision with parked motor vehicle,Yes,Dawn,"Sideswipe, same direction",4,,,, PW20254635629,Dry,Not at junction,MAPC,0,0,No controls,"Two-way, divided, positive median barrier",V1: Travelling straight ahead / V2: Parked / V3: Parked / V4: Parked,"V1:(Light truck(van, mini-van, pickup, sport utility)) / V2:(Passenger car) / V3:(Light truck(van, mini-van, pickup, sport utility)) / V4:(Passenger car)",V1:(No) / V2:(No) / V3:(No) / V4:(No),"V1:(Yes, vehicle or trailer disabled) / V2:(Yes, vehicle or trailer disabled) / V3:(No) / V4:(No)",V1: E  / V2: E  / V3: E  / V4: E,Clear/Clear,MIDDLESEX, 2025-ATrp-9470,"V1:(No, not federally reportable) / V2:(No, not federally reportable) / V3:(No, not federally reportable) / V4:(No, not federally reportable)","No, not federally reportable",Roadway,Off Intersection,No hit and run,,V1:(Collision with parked motor vehicle) / V2:(Other) / V3:(Other) / V4:(Other),None,"No, school bus not involved",35,"No, device not functioning", V1:(Collision with parked motor vehicle) V2:(Other) V3:(Other) V4:(Other),No,,,,,,,,234353.9593,909694.4126,42.43701592,-71.08246945,, FELLSWAY EAST, HAWTHORNE ST Rte,,,,,,,,North Boarder Road,200 feet E  of,9198,2020,0.477,451,0.068,55,Both sides,Department of Conservation and Recreation,,0,5,0,No Shoulder,35,Bituminous concrete road,0,No Shoulder,3,2,30,Raised Median,Large Urbanized Area,Urban minor arterial or rural major collector,Boston (MA-NH-RI),,Mainline roadway,Two-way traffic,No Access Control,,25,FELLSWAY EAST,MELROSE CITY LINE,FELLSWAY WEST,MALDEN,Good,Rolling Terrain,,Grown from Prior Year HPMS Network,,0,0,0,,,Minor Arterial
5589637,MALDEN,10/13/25,Non-fatal injury,Open,10:53 AM,2025,Suspected Minor Injury (B),1,State police,A,18-20,18-20,,,10:00AM to 10:59AM,D1: (Unknown) ,D1: Not Distracted,Collision with curb,Yes,Daylight,Single vehicle crash,4,,,, PW20254636261,Wet,Y-intersection,MAPC,0,1,Traffic control signal,"Two-way, divided, positive median barrier",V1: Turning left,V1:(Passenger car),V1:(No),"V1:(Yes, vehicle or trailer disabled)",V1: S,Rain/Cloudy,MIDDLESEX, 2025-ATrp-9787,"V1:(No, not federally reportable)","No, not federally reportable",Roadside,At Intersection,No hit and run,,V1:(Collision with curb),"Road surface condition (wet, icy, snow, slush, etc.)","No, school bus not involved",35,"Yes, device functioning", V1:(Collision with curb),No,,,,,,,,233981.0781,908136.3751,42.42300598,-71.08709296,, FELLSWAY Rte    / WICKLOW ST Rte,,,,,,,,,,,,,,,,,Both sides,Department of Conservation and Recreation,,0,5,2,Hardened bituminous mix or penetration,36,Bituminous concrete road,0,No Shoulder,3,2,8,Positive Barrier – semi-rigid,Large Urbanized Area,Rural minor arterial or urban principal arterial,Boston (MA-NH-RI),,Mainline roadway,Two-way traffic,Partial Access Control,,30,FELLSWAY,WICKLOW STREET,MEDFORD CITY LINE,MALDEN,Good,Level Terrain,,,,0,0,0,,,Principal Arterial - Other
5592490,MALDEN,10/4/25,Non-fatal injury,Open,12:55 PM,2025,Possible Injury (C),2,State police,A,35-44,35-44,,,12:00PM to 12:59PM,D1: (Inattention)  / D2: (No improper driving) ,D1: Not Distracted / D2: Not Distracted,Collision with pedestrian,Yes,Daylight,Front to Rear,4,,,, PW20254639323,Dry,Not at junction,MAPC,0,1,No controls,"Two-way, divided, positive median barrier",V1: Slowing or stopped in traffic / V2: Parked,V1:(Passenger car) / V2:(Passenger car),V1:(No) / V2:(No),V1:(No) / V2:(No),V1: N  / V2:,Clear/Clear,MIDDLESEX, 2025-ATrp-9518,"V1:(No, not federally reportable) / V2:(No, not federally reportable)","No, not federally reportable",Shoulder - paved,Off Intersection,No hit and run,,V1:(Collision with pedestrian) / V2:(Collision with pedestrian),None,"No, school bus not involved",35,Not reported, V1:(Collision with pedestrian) V2:(Collision with pedestrian),No,,,,,,,,234328.013,908920.041,42.43004577,-71.08283082,, FELLSWAY EAST, SAVIN ST Rte,,,,,,,,FELLSWAY EAST & SAVIN STREET,100 feet S  of,9198,2020,0.477,451,0.068,55,Both sides,Department of Conservation and Recreation,,5,5,0,No Shoulder,36,Bituminous concrete road,0,No Shoulder,2,0,0,None,Large Urbanized Area,Urban minor arterial or rural major collector,Boston (MA-NH-RI),,Mainline roadway,Two-way traffic,No Access Control,,30,FELLSWAY EAST,MELROSE CITY LINE,FELLSWAY WEST,MALDEN,Good,Level Terrain,,Grown from Prior Year HPMS Network,,30,0,0,,,Minor Arterial
5593510,MALDEN,5/1/25,Property damage only (none injured),Open,11:35 AM,2025,No Apparent Injury (O),1,Local police,,45-54,45-54,,,11:00AM to 11:59AM,D1: (No improper driving) ,D1: Not Distracted,Collision with other movable object,Yes,Daylight,"Sideswipe, same direction",4,,,, PW20254640438,Dry,Not at junction,MAPC,0,0,No controls,"Two-way, not divided",V1: Parked,V1:(Passenger car),V1:(No),V1:(No),V1: Not Reported,Clear,MIDDLESEX,25000336,"V1:(No, not federally reportable)","No, not federally reportable",Roadway,At Address,"Yes, hit and run",,V1:(Collision with other movable object),None,"No, school bus not involved",25,"Yes, device functioning", V1:(Collision with other movable object),No,,,,,,,,235682.978,908216.0837,42.42364754,-71.06640845,28, EASTERN AV Rte W,,,,,,,,,,,10575,2020,,,,,Both sides,City or Town accepted road,,6,6,0,No Shoulder,32,Bituminous concrete road,0,No Shoulder,2,0,0,None,Large Urbanized Area,Rural minor arterial or urban principal arterial,Boston (MA-NH-RI),,Mainline roadway,Two-way traffic,No Access Control,,30,EASTERN AVENUE,MAIN STREET,LYNN STREET,MALDEN,Good,Level Terrain,,Pulled back from HPMS network estimation routine,,30,0,0,,,Principal Arterial - Other