Crash Number,City Town Name,Crash Date,Crash Severity,Crash Status,Crash Time,Crash Year,Max Injury Severity Reported,Number of Vehicles,Police Agency Type,State Police Troop,Age of Driver - Youngest Known,Age of Driver - Oldest Known,Age of Vulnerable User - Youngest Known,Age of Vulnerable User - Oldest Known,Crash Hour,Driver Contributing Circumstances (All Drivers),Driver Distracted By (All Vehicles),First Harmful Event,Is Geocoded,Light Conditions,Manner of Collision,MassDOT District,Vulnerable User Action (All Persons),Vulnerable User Location (All Persons),Vulnerable User Type (All Persons),RMV Document Numbers,Road Surface Condition,Roadway Junction Type,RPA Abbreviation,Total Fatalities,Total Non-Fatal Injuries,Traffic Control Device Type,Trafficway Description,Vehicle Actions Prior to Crash (All Vehicles),Vehicle Configuration (All Vehicles),Vehicle Emergency Use (All Vehicles),Vehicle Towed From Scene (All Vehicles),Vehicle Travel Directions (All Vehicles),Weather Conditions,County Name,Crash Report IDs,FMCSA Reportable (All Vehicles),FMCSA Reportable (Crash),First Harmful Event Location,Geocoding Method,Hit and Run,Locality,Most Harmful Event (All Vehicles),Road Contributing Circumstance,School Bus Related,Speed Limit,Traffic Control Device Function,Vehicle Sequence of Events (All Vehicles),Work Zone Related,Vulnerable User Sequence of Events (All Persons),Vulnerable User Distracted By (All Persons),Vulnerable User Traffic Control Type (All persons),Vulnerable User Origin Destination (All Persons),Vulnerable User Contributing Circumstances (All Persons),Vulnerable User Alcohol Suspected Type (All Persons),Vulnerable User Drug Suspected Type (All Persons),X,Y,Latitude,Longitude,Street Number,Roadway,Near Intersection Roadway,Distance and Direction From Intersection,Milemarker,Milemarker Route,Distance and Direction From Milemarker,Exit Number,Exit Route,Distance and Direction From Exit,Landmark,Distance and Direction From Landmark,AADT-linked RD,AADT Year-linked RD,Peak % Single Unit Trucks-linked RD,Single-Unit Truck and Bus AADT-linked RD,Peak % Combo Trucks-linked RD,Combination Truck AADT-linked RD,Curb-linked RD-linked RD,Jurisdiction-linked RD,Truck Route-linked RD,Left Sidewalk Width-linked RD,Right Sidewalk Width-linked RD,Left Shoulder Width-linked RD,Left Shoulder Type-linked RD,Surface Width-linked RD,Surface Type-linked RD,Right Shoulder Width-linked RD,Right Shoulder Type-linked RD,Number of Travel Lanes-linked RD,Number of Opposing Travel Lanes-linked RD,Median Width-linked RD,Median Type-linked RD,Urban Type-linked RD,Functional Classification-linked RD,Urbanized Area-linked RD,Federal Aid Route Number-linked RD,Facility Type-linked RD,Street Operation-linked RD,Access Control-linked RD,Number of Peak Hour Lanes-linked RD,Speed Limit-linked RD,Street Name-linked RD,From Street Name-linked RD,To Street Name-linked RD,City-linked RD-linked RD,Structural Condition-linked RD,Terrain-linked RD,Urban Location Type-linked RD,AADT Derivation-linked RD,AADT Station Number-linked RD,Opposing Direction Speed Limit-linked RD,Undivided Left Shoulder Type-linked RD,Undivided Left Shoulder Width-linked RD,Truck Exclusion Type-linked RD,Truck Exclusion Time-linked RD,Federal Functional Classification-linked RD
5593522,MALDEN,5/5/25,Non-fatal injury,Open,7:53 AM,2025,Possible Injury (C),2,Local police,,18-20,45-54,,,07:00AM to 07:59AM,"D1: (No improper driving)  / D2: (Followed too closely),(Emotional) ",,Collision with motor vehicle in traffic,Yes,Daylight,Rear-end,4,,,, PW20254640446,Wet,Not at junction,MAPC,0,1,No controls,"Two-way, not divided",V1: Travelling straight ahead / V2: Travelling straight ahead,V1:(Passenger car) / V2:(Passenger car),V1:(No) / V2:(No),"V1:(No) / V2:(Yes, vehicle or trailer disabled)",V1: N  / V2: N,Rain,MIDDLESEX,25000348,"V1:(No, not federally reportable) / V2:(No, not federally reportable)","No, not federally reportable",Roadway,At Address,No hit and run,,V1:(Collision with motor vehicle in traffic) / V2:(Collision with motor vehicle in traffic),None,"No, school bus not involved",25,Not reported, V1:(Collision with motor vehicle in traffic) V2:(Collision with motor vehicle in traffic),No,,,,,,,,238677.0537,910406.1952,42.44322123,-71.02988083,665, BROADWAY Rte N,,,,,,,,,,,10575,2020,,,,,Both sides,Massachusetts Department of Transportation,,5,,0,No Shoulder,26,Bituminous concrete road,8,Hardened bituminous mix or penetration,2,0,0,None,Large Urbanized Area,Rural minor arterial or urban principal arterial,Boston (MA-NH-RI),,Mainline roadway,Two-way traffic,No Access Control,,35,BROADWAY,EVERETT CITY LINE,MELROSE CITY LINE,MALDEN,Good,Level Terrain,,Pulled back from HPMS network estimation routine,,35,Surfaced shoulder exists – Portland Cement Concrete surface (PCC,8,,,Principal Arterial - Other
5593529,MALDEN,5/5/25,Property damage only (none injured),Open,10:39 AM,2025,No Apparent Injury (O),2,Local police,,25-34,45-54,,,10:00AM to 10:59AM,D1: (No improper driving)  / D2: (No improper driving) ,D1: Not Distracted / D2: Not Distracted,Collision with parked motor vehicle,Yes,Daylight,Angle,4,,,, PW20254640449,Wet,Not at junction,MAPC,0,0,No controls,Unknown,V1: Parked / V2: Parked,V1:(Passenger car) / V2:(Passenger car),V1:(No) / V2:(No),V1:(No) / V2:(No),V1: Not Reported / V2: Not Reported,Rain,MIDDLESEX,25000349,"V1:(No, not federally reportable) / V2:(No, not federally reportable)","No, not federally reportable",Outside roadway,At Address,"Yes, hit and run",,V1:(Collision with motor vehicle in traffic) / V2:(Collision with motor vehicle in traffic),None,"No, school bus not involved",5,Not reported, V1:(Collision with motor vehicle in traffic) V2:(Collision with motor vehicle in traffic),No,,,,,,,,234923.6782,907684.6874,42.418898,-71.07566684,245, COMMERCIAL ST Rte 6,,,,,,,,,,,13022,2020,0.477,638,0.068,78,Both sides,City or Town accepted road,,7,7,0,No Shoulder,46,Bituminous concrete road,0,No Shoulder,4,0,0,None,Large Urbanized Area,Urban minor arterial or rural major collector,Boston (MA-NH-RI),,Mainline roadway,Two-way traffic,No Access Control,,30,COMMERCIAL STREET,PLEASANT STREET,MEDFORD CITY LINE,MALDEN,Good,Level Terrain,,Grown from Prior Year HPMS Network,,30,0,0,,,Minor Arterial
5593530,MALDEN,5/4/25,Unknown,Open,2:00 AM,2025,Not reported,1,Local police,,,,,,02:00AM to 02:59AM,,,Collision with parked motor vehicle,Yes,Dark - lighted roadway,"Sideswipe, opposite direction",4,,,, PW20254640462,Dry,Not at junction,MAPC,0,0,No controls,"Two-way, not divided",V1: Parked,"V1:(Light truck(van, mini-van, pickup, sport utility))",V1:(No),V1:(No),V1:,Clear,MIDDLESEX,25000343,"V1:(No, not federally reportable)","No, not federally reportable",Roadway,At Address,"Yes, hit and run",,V1:(Collision with parked motor vehicle),None,"No, school bus not involved",25,Not reported, V1:(Collision with parked motor vehicle),No,,,,,,,,236207.2839,909075.17,42.43135731,-71.05998376,32, PORTER ST Rte S,,,,,,,,,,,1154,,,,,,Both sides,City or Town accepted road,,7,7,0,No Shoulder,25,Bituminous concrete road,0,No Shoulder,2,0,0,None,Large Urbanized Area,Local,Boston (MA-NH-RI),,Mainline roadway,Two-way traffic,No Access Control,,,PORTER STREET,BAINBRIDGE STREET,SALEM STREET,MALDEN,Good,Mountainous Terrain,,,,,0,0,,,Local
5593531,MALDEN,5/2/25,Unknown,Open,9:34 AM,2025,Not reported,1,Local police,,,,,,09:00AM to 09:59AM,,,Collision with parked motor vehicle,Yes,Unknown,Unknown,4,,,, PW20254640460,Unknown,Not at junction,MAPC,0,0,No controls,"Two-way, not divided",V1: Parked,V1:(Passenger car),V1:(No),V1:(No),V1: U,Unknown,MIDDLESEX,25000337,"V1:(No, not federally reportable)","No, not federally reportable",Roadway,At Address,"Yes, hit and run",,V1:(Collision with parked motor vehicle),Unknown,"No, school bus not involved",25,Not reported, V1:(Collision with parked motor vehicle),No,,,,,,,,236735.1075,908792.0602,42.42878392,-71.0535874,20, DANIELS ST Rte 6,,,,,,,,,,,1154,,,,,,Left side only,City or Town accepted road,,7,0,0,No Shoulder,20,Surface-treated road,2,Stable - Unruttable compacted subgrade,2,0,0,None,Large Urbanized Area,Local,Boston (MA-NH-RI),,Mainline roadway,Two-way traffic,No Access Control,,,DANIELS STREET,EASTERN AVENUE,DEAD END,MALDEN,Deficient,Rolling Terrain,,,,,0,0,,,Local
5593532,MALDEN,5/5/25,Property damage only (none injured),Open,1:04 PM,2025,No Apparent Injury (O),2,Local police,,,,,,01:00PM to 01:59PM,D1: (Unknown) ,,Collision with parked motor vehicle,Yes,Unknown,Unknown,4,,,, PW20254640455,Unknown,Not at junction,MAPC,0,0,No controls,"Two-way, not divided",V1: Parked / V2: Unknown,V1:(Passenger car) / V2:(Passenger car),V1:(No) / V2:(No),V1:(No) / V2:(No),V1: E  / V2: U,Unknown,MIDDLESEX,25000350,"V1:(No, not federally reportable) / V2:(No, not federally reportable)","No, not federally reportable",Outside roadway,At Address,"Yes, hit and run",,V1:(Unknown) / V2:(Collision with parked motor vehicle),Unknown,"No, school bus not involved",25,Not reported, V2:(Collision with parked motor vehicle),No,,,,,,,,237416.4934,908783.1143,42.42867098,-71.0453078,178, MAPLEWOOD ST Rte E,,,,,,,,,,,1154,,,,,,Both sides,City or Town accepted road,,7,7,0,No Shoulder,40,Bituminous concrete road,0,No Shoulder,2,0,0,None,Large Urbanized Area,Local,Boston (MA-NH-RI),,Mainline roadway,Two-way traffic,No Access Control,,,MAPLEWOOD STREET,SALEM STREET,DEAD END,MALDEN,Good,Level Terrain,,,,,0,0,,,Local
5593534,MALDEN,5/5/25,Non-fatal injury,Open,3:02 PM,2025,Possible Injury (C),2,Local police,,35-44,45-54,,,03:00PM to 03:59PM,D1: (Unknown)  / D2: (Unknown) ,,Collision with motor vehicle in traffic,Yes,Daylight,Angle,4,,,, PW20254640461,Wet,T-intersection,MAPC,0,1,Stop signs,"Two-way, not divided",V1: Turning left / V2: Travelling straight ahead,"V1:(Light truck(van, mini-van, pickup, sport utility)) / V2:(Passenger car)",V1:(No) / V2:(No),"V1:(No) / V2:(Yes, vehicle or trailer disabled)",V1: W  / V2: N,Rain,MIDDLESEX,25000353,"V1:(No, not federally reportable) / V2:(No, not federally reportable)","No, not federally reportable",Roadway,At Intersection,No hit and run,,V1:(Collision with motor vehicle in traffic) / V2:(Collision with motor vehicle in traffic),None,"No, school bus not involved",25,"Yes, device functioning", V1:(Collision with motor vehicle in traffic) V2:(Collision with motor vehicle in traffic),No,,,,,,,,237906.8433,909229.875,42.43266926,-71.03931977,, BROADWAY Rte N  / PLAINFIELD AV Rte W,,,,,,,,,,,10575,2020,,,,,Both sides,City or Town accepted road,,10,10,0,No Shoulder,44,Bituminous concrete road,0,No Shoulder,2,0,0,None,Large Urbanized Area,Rural minor arterial or urban principal arterial,Boston (MA-NH-RI),,Mainline roadway,Two-way traffic,No Access Control,,30,BROADWAY,EVERETT CITY LINE,MELROSE CITY LINE,MALDEN,Good,Level Terrain,,Pulled back from HPMS network estimation routine,,30,0,0,,,Principal Arterial - Other
5593536,MALDEN,5/7/25,Unknown,Open,8:16 PM,2025,Not reported,1,Local police,,,,,,08:00PM to 08:59PM,,,Collision with parked motor vehicle,Yes,Dusk,"Sideswipe, same direction",4,,,, PW20254640464,Dry,Not at junction,MAPC,0,0,No controls,"Two-way, not divided",V1: Parked,V1:(Passenger car),V1:(No),V1:(No),V1: E,Clear,MIDDLESEX,25000358,"V1:(No, not federally reportable)","No, not federally reportable",Roadway,At Address,"Yes, hit and run",,V1:(Collision with parked motor vehicle),None,"No, school bus not involved",25,Not reported, V1:(Collision with parked motor vehicle),No,,,,,,,,238912.577,909824.1159,42.43796935,-71.02705733,62, KENNEDY DR Rte E,,,,,,,,,,,2831,2020,0.21,139,0,17,Both sides,City or Town accepted road,,10,10,0,No Shoulder,40,Bituminous concrete road,0,No Shoulder,2,0,0,None,Large Urbanized Area,Urban collector or rural minor collector,Boston (MA-NH-RI),,Mainline roadway,Two-way traffic,No Access Control,,99,KENNEDY DRIVE,SALEM STREET,KENNEDY DRIVE,MALDEN,Good,Rolling Terrain,,Grown from Prior Year HPMS Network,,99,0,0,,,Major Collector
5593540,MALDEN,5/1/25,Property damage only (none injured),Open,9:55 AM,2025,Not Applicable,1,Local police,,35-44,35-44,,,09:00AM to 09:59AM,D1: (No improper driving) ,,Unknown,Yes,Daylight,Angle,4,,,, PW20254640467,Dry,Not at junction,MAPC,0,0,No controls,Unknown,V1: Parked,V1:(Passenger car),V1:(No),V1:(No),V1: Not Reported,Clear,MIDDLESEX,25000335,"V1:(No, not federally reportable)","No, not federally reportable",Unknown,At Address,No hit and run,,V1:(Unknown),Unknown,"No, school bus not involved",25,"No, device not functioning",,No,,,,,,,,236356.8985,908299.09,42.42436367,-71.05821442,77, LINWOOD ST Rte 6,,,,,,,,,,,1154,,,,,,Both sides,City or Town accepted road,,7,7,0,No Shoulder,25,Bituminous concrete road,0,No Shoulder,2,0,0,None,Large Urbanized Area,Local,Boston (MA-NH-RI),,Mainline roadway,Two-way traffic,No Access Control,,,LINWOOD STREET,EASTERN AVENUE,UPHAM STREET,MALDEN,Good,Level Terrain,,,,,0,0,,,Local
5593541,MALDEN,5/5/25,Property damage only (none injured),Open,2:35 PM,2025,No Apparent Injury (O),2,Local police,,25-34,25-34,,,02:00PM to 02:59PM,D1: (No improper driving)  / D2: (No improper driving) ,D1: Not Distracted / D2: Not Distracted,Collision with motor vehicle in traffic,Yes,Daylight,Angle,4,,,, PW20254640459,Wet,Not at junction,MAPC,0,0,No controls,"Two-way, divided, unprotected median",V1: Turning right / V2: Turning left,V1:(Passenger car) / V2:(Passenger car),V1:(No) / V2:(No),V1:(No) / V2:(No),V1: E  / V2: W,Rain,MIDDLESEX,25000352,"V1:(No, not federally reportable) / V2:(No, not federally reportable)","No, not federally reportable",Roadway,At Address,No hit and run,,V1:(Collision with motor vehicle in traffic) / V2:(Collision with motor vehicle in traffic),None,"No, school bus not involved",25,Not reported, V1:(Collision with motor vehicle in traffic) V2:(Collision with motor vehicle in traffic),No,,,,,,,,235179.6288,908408.0627,42.42539871,-71.07251296,124, CENTRE ST Rte S,,,,,,,,,,,14311,2020,0.558,657,0.155,157,Both sides,City or Town accepted road,,0,8,0,No Shoulder,22,Bituminous concrete road,0,No Shoulder,2,2,5,Raised Median,Large Urbanized Area,Rural minor arterial or urban principal arterial,Boston (MA-NH-RI),,Mainline roadway,Two-way traffic,No Access Control,,30,CENTRE STREET,PLEASANT STREET,EASTERN AVENUE,MALDEN,Good,Level Terrain,,Pulled back from HPMS network estimation routine,,0,0,0,,,Principal Arterial - Other
5593542,MALDEN,5/7/25,Non-fatal injury,Open,8:49 AM,2025,Suspected Minor Injury (B),2,Local police,,35-44,45-54,,,08:00AM to 08:59AM,D1: (Unknown)  / D2: (Unknown) ,,Collision with motor vehicle in traffic,Yes,Daylight,Angle,4,,,, PW20254640466,Dry,Four-way intersection,MAPC,0,3,No controls,"Two-way, divided, unprotected median",V1: Turning left / V2: Travelling straight ahead,V1:(Passenger car) / V2:(Passenger car),V1:(No) / V2:(No),"V1:(Yes, vehicle or trailer disabled) / V2:(Yes, vehicle or trailer disabled)",V1: W  / V2: E,Clear,MIDDLESEX,25000356,"V1:(No, not federally reportable) / V2:(No, not federally reportable)","No, not federally reportable",Roadway,At Intersection,No hit and run,,V1:(Collision with motor vehicle in traffic) / V2:(Collision with motor vehicle in traffic),Unknown,"No, school bus not involved",25,Not reported, V1:(Collision with motor vehicle in traffic) V2:(Collision with motor vehicle in traffic),No,,,,,,,,237798.7031,909372.3748,42.43395736,-71.04062464,, MILTON ST Rte N  / SALEM ST Rte W,,,,,,,,,,,1154,,,,,,Both sides,City or Town accepted road,,7,7,0,No Shoulder,25,Surface-treated road,0,No Shoulder,2,0,0,None,Large Urbanized Area,Local,Boston (MA-NH-RI),,Mainline roadway,One-way traffic,No Access Control,,,MILTON STREET,SALEM STREET,WEBSTER STREET,MALDEN,Good,Level Terrain,,,,,0,0,,,Local
5593543,MALDEN,5/11/25,Property damage only (none injured),Open,2:29 AM,2025,No Apparent Injury (O),1,Local police,,35-44,35-44,,,02:00AM to 02:59AM,"D1: (Failure to keep in proper lane or running off road),(Exceeded authorized speed limit) ",,Collision with other movable object,Yes,Dark - lighted roadway,Single vehicle crash,4,,,, PW20254640470,Dry,T-intersection,MAPC,0,0,No controls,"One-way, not divided",V1: Turning right,"V1:(Light truck(van, mini-van, pickup, sport utility))",V1:(No),"V1:(Yes, vehicle or trailer disabled)",V1: W,Clear,MIDDLESEX,25000372,"V1:(No, not federally reportable)","No, not federally reportable",Outside roadway,At Address,No hit and run,,V1:(Collision with other movable object),None,"No, school bus not involved",25,Not reported, V1:(Collision with other movable object),No,,,,,,,,235050.6994,908678.3617,42.42783789,-71.07406323,10, SUMMER ST Rte,,,,,,,,,,,2709,2020,0.21,131,0,16,Both sides,City or Town accepted road,,10,8,0,No Shoulder,32,Bituminous concrete road,0,No Shoulder,2,0,0,None,Large Urbanized Area,Urban collector or rural minor collector,Boston (MA-NH-RI),,Mainline roadway,Two-way traffic,No Access Control,,99,SUMMER STREET,PLEASANT STREET,DEAD END,MALDEN,Fair,Level Terrain,,Grown from Prior Year HPMS Network,,99,0,0,,,Major Collector
5593544,MALDEN,5/10/25,Unknown,Open,5:01 PM,2025,Not reported,1,Local police,,,,,,05:00PM to 05:59PM,,,Collision with motor vehicle in traffic,Yes,Daylight,"Sideswipe, same direction",4,,,, PW20254640471,Wet,Not at junction,MAPC,0,0,No controls,"One-way, not divided",V1: Parked,V1:(Passenger car),V1:(No),V1:(No),V1: Not Reported,Clear/Cloudy,MIDDLESEX,25000371,"V1:(No, not federally reportable)","No, not federally reportable",Roadway,At Address,"Yes, hit and run",,V1:(Collision with parked motor vehicle),None,"No, school bus not involved",25,Not reported, V1:(Collision with parked motor vehicle),No,,,,,,,,235938.327,909174.6995,42.43226577,-71.06324606,11, MONTROSE ST Rte 6,,,,,,,,,,,1154,,,,,,Both sides,City or Town accepted road,,6,6,0,No Shoulder,22,Bituminous concrete road,0,No Shoulder,2,0,0,None,Large Urbanized Area,Local,Boston (MA-NH-RI),,Mainline roadway,One-way traffic,No Access Control,,,MONTROSE STREET,MOUNT VERNON STREET,TREMONT STREET,MALDEN,Good,Rolling Terrain,,,,,0,0,,,Local
5593545,MALDEN,5/8/25,Non-fatal injury,Open,6:06 PM,2025,Suspected Minor Injury (B),1,Local police,,55-64,55-64,25-34,25-34,06:00PM to 06:59PM,D1: (Unknown) ,,Collision with cyclist,Yes,Dusk,Single vehicle crash,4, VU2: Entering or crossing location, VU2: Marked crosswalk at intersection (includes use of paint raised or other roadway material), VU2: Bicyclist, PW20254640474,Dry,T-intersection,MAPC,0,1,Warning signs,"One-way, not divided",V1: Travelling straight ahead,V1:(Passenger car),V1:(No),V1:(No),V1: N,Clear/Clear,MIDDLESEX,25000362,"V1:(No, not federally reportable)","No, not federally reportable",Roadway,Operator Designated,No hit and run,,V1:(Collision with pedestrian),None,"No, school bus not involved",25,"Yes, device functioning", V1:(Collision with pedestrian),No, VU2:(Crossing Roadway),,,,,,,236537.5262,908889.5474,42.42967083,-71.05598224,, FAULKNER STREET, RAILROAD AVENUE,100 feet S  of,,,,,,,,,1154,,,,,,Both sides,City or Town accepted road,,7,7,0,No Shoulder,24,Bituminous concrete road,0,No Shoulder,2,0,0,None,Large Urbanized Area,Local,Boston (MA-NH-RI),,Mainline roadway,One-way traffic,No Access Control,,,FAULKNER STREET,CROSS STREET,SALEM STREET,MALDEN,Good,Level Terrain,,,,,0,0,,,Local
5593546,MALDEN,5/10/25,Property damage only (none injured),Open,11:26 AM,2025,No Apparent Injury (O),2,Local police,,25-34,35-44,,,11:00AM to 11:59AM,D1: (No improper driving)  / D2: (No improper driving) ,D1: Not Distracted / D2: Not Distracted,Collision with motor vehicle in traffic,Yes,Daylight,Head-on,4,,,, PW20254640473,Wet,T-intersection,MAPC,0,0,No controls,"Two-way, divided, unprotected median",V1: Travelling straight ahead / V2: Turning left,V1:(Passenger car) / V2:(Passenger car),V1:(No) / V2:(No),V1:(No) / V2:(No),V1: E  / V2: W,Rain,MIDDLESEX,25000369,"V1:(No, not federally reportable) / V2:(No, not federally reportable)","No, not federally reportable",Roadway,At Address,No hit and run,,V1:(Collision with motor vehicle in traffic) / V2:(Collision with motor vehicle in traffic),Other,"No, school bus not involved",25,Not reported, V1:(Collision with motor vehicle in traffic) V2:(Collision with motor vehicle in traffic),No,,,,,,,,235418.5543,908973.2498,42.430476,-71.06957504,109, MOUNTAIN AV Rte E,,,,,,,,,,,2766,2020,0.21,134,0,17,Both sides,City or Town accepted road,,9,9,0,No Shoulder,30,Bituminous concrete road,0,No Shoulder,2,0,0,None,Large Urbanized Area,Urban collector or rural minor collector,Boston (MA-NH-RI),,Mainline roadway,Two-way traffic,No Access Control,,99,MOUNTAIN AVENUE,EVERETT STREET ,MOUNT VERNON STREET,MALDEN,Good,Level Terrain,,Grown from Prior Year HPMS Network,,99,0,0,,,Major Collector
5593547,MALDEN,5/3/25,Property damage only (none injured),Open,11:09 PM,2025,No Apparent Injury (O),2,Local police,,25-34,25-34,,,11:00PM to 11:59PM,D1: (No improper driving) ,D1: Not Distracted,Collision with parked motor vehicle,Yes,Dark - lighted roadway,"Sideswipe, same direction",4,,,, PW20254640468,Dry,Not at junction,MAPC,0,0,Traffic control signal,"Two-way, divided, unprotected median",V1: Travelling straight ahead / V2: Parked,"V1:(Light truck(van, mini-van, pickup, sport utility)) / V2:(Light truck(van, mini-van, pickup, sport utility))",V1:(No) / V2:(No),V1:(No) / V2:(No),V1: E  / V2:,Clear,MIDDLESEX,25000344,"V1:(No, not federally reportable) / V2:(No, not federally reportable)","No, not federally reportable",Roadway,At Address,No hit and run,,V1:(Collision with parked motor vehicle) / V2:(Collision with parked motor vehicle),None,"No, school bus not involved",30,"Yes, device functioning"," V1:(Collision with parked motor vehicle) V2:(Collision with parked motor vehicle),(Collision with light  pole or other post/support)",No,,,,,,,,236374.7403,909028.7481,42.4309316,-71.05795167,271, SALEM ST Rte E, BRYANT STREET Rte,,,,,,,,,,13827,2020,0.477,676,0.068,83,Both sides,City or Town accepted road,,9,9,0,No Shoulder,40,Bituminous concrete road,0,No Shoulder,2,0,0,None,Large Urbanized Area,Urban minor arterial or rural major collector,Boston (MA-NH-RI),,Mainline roadway,Two-way traffic,No Access Control,,30,SALEM STREET,MAIN STREET ,,MALDEN,Good,Level Terrain,,Grown from Prior Year HPMS Network,,30,0,0,,,Minor Arterial
5593548,MALDEN,5/10/25,Property damage only (none injured),Open,1:18 PM,2025,No Apparent Injury (O),2,Local police,,25-34,35-44,,,01:00PM to 01:59PM,D1: (No improper driving)  / D2: (Unknown) ,D1: Not Distracted,Collision with motor vehicle in traffic,Yes,Daylight,Rear-end,4,,,, PW20254640469,Wet,Not at junction,MAPC,0,0,Traffic control signal,"Two-way, not divided",V1: Slowing or stopped in traffic / V2: Travelling straight ahead,V1:(Passenger car) / V2:(Passenger car),V1:(No) / V2:(No),"V1:(Yes, vehicle or trailer disabled) / V2:(Yes, vehicle or trailer disabled)",V1: S  / V2: S,Rain,MIDDLESEX,25000370,"V1:(No, not federally reportable) / V2:(No, not federally reportable)","No, not federally reportable",Roadway,At Address,No hit and run,,V1:(Collision with motor vehicle in traffic) / V2:(Collision with motor vehicle in traffic),None,"No, school bus not involved",25,"Yes, device functioning", V1:(Collision with motor vehicle in traffic) V2:(Collision with motor vehicle in traffic),No,,,,,,,,237972.708,909478.5463,42.43490471,-71.03850298,352, BROADWAY Rte S,,,,,,,,,,,10575,2020,,,,,Both sides,City or Town accepted road,,10,10,0,No Shoulder,44,Bituminous concrete road,0,No Shoulder,2,0,0,None,Large Urbanized Area,Rural minor arterial or urban principal arterial,Boston (MA-NH-RI),,Mainline roadway,Two-way traffic,No Access Control,,30,BROADWAY,EVERETT CITY LINE,MELROSE CITY LINE,MALDEN,Good,Rolling Terrain,,Pulled back from HPMS network estimation routine,,30,0,0,,,Principal Arterial - Other
5593549,MALDEN,5/2/25,Unknown,Open,12:51 PM,2025,Not reported,1,Local police,,,,,,12:00PM to 12:59PM,,,Collision with parked motor vehicle,Yes,Daylight,Unknown,4,,,, PW20254640475,Dry,Not at junction,MAPC,0,0,No controls,"One-way, not divided",V1: Parked,V1:(Passenger car),V1:(No),V1:(No),V1: E,Clear,MIDDLESEX,25000339,"V1:(No, not federally reportable)","No, not federally reportable",Roadway,At Address,"Yes, hit and run",,V1:(Collision with parked motor vehicle),None,"No, school bus not involved",20,Not reported, V1:(Collision with parked motor vehicle),No,,,,,,,,236434.8612,908007.0188,42.42173065,-71.05728551,20, BOYLSTON ST Rte E,,,,,,,,,,,1154,,,,,,Both sides,City or Town accepted road,,7,7,0,No Shoulder,25,Bituminous concrete road,0,No Shoulder,2,0,0,None,Large Urbanized Area,Local,Boston (MA-NH-RI),,Mainline roadway,One-way traffic,No Access Control,,,BOYLSTON STREET,FERRY STREET,SUFFOLK STREET,MALDEN,Good,Level Terrain,,,,,0,0,,,Local
5593550,MALDEN,5/7/25,Non-fatal injury,Open,4:36 PM,2025,Suspected Minor Injury (B),2,Local police,,18-20,18-20,,,04:00PM to 04:59PM,"D1: (No improper driving)  / D2: (Disregarded traffic signs, signals, road markings) ",,Collision with motor vehicle in traffic,Yes,Daylight,Angle,4,,,, PW20254640472,Dry,Not at junction,MAPC,0,1,No controls,"Two-way, not divided",V1: Travelling straight ahead / V2: Turning left,V1:(Passenger car) / V2:(Passenger car),V1:(No) / V2:(No),V1:(No) / V2:(No),V1: W  / V2: E,Cloudy,MIDDLESEX,25000357,"V1:(No, not federally reportable) / V2:(No, not federally reportable)","No, not federally reportable",Roadway,At Address,No hit and run,,V1:(Collision with motor vehicle in traffic) / V2:(Collision with motor vehicle in traffic),None,"No, school bus not involved",25,Not reported, V1:(Collision with motor vehicle in traffic) V2:(Collision with motor vehicle in traffic),No,,,,,,,,239015.1778,909198.3998,42.43233122,-71.02585262,155, BEACH Rte 6,,,,,,,,,,,9931,2020,0.477,487,0.068,60,Both sides,City or Town accepted road,,9,9,0,No Shoulder,40,Bituminous concrete road,0,No Shoulder,2,0,0,None,Large Urbanized Area,Urban minor arterial or rural major collector,Boston (MA-NH-RI),,Mainline roadway,Two-way traffic,No Access Control,,30,BEACH STREET,REVERE CITY LINE,SALEM STREET,MALDEN,Good,Level Terrain,,Grown from Prior Year HPMS Network,,30,0,0,,,Minor Arterial
5593551,MALDEN,5/8/25,Unknown,Open,10:02 PM,2025,Not reported,2,Local police,,65-74,65-74,,,10:00PM to 10:59PM,D2: (Made an improper turn) ,D2: Not Distracted,Collision with parked motor vehicle,Yes,Daylight,Angle,4,,,, PW20254640483,Unknown,Not at junction,MAPC,0,0,No controls,"Two-way, not divided",V1: Parked / V2: Making U-turn,V1:(Passenger car) / V2:(Passenger car),V1:(No) / V2:(No),V1:(No) / V2:(No),V1: U  / V2: U,Unknown/Unknown,MIDDLESEX,25000364,"V1:(No, not federally reportable) / V2:(No, not federally reportable)","No, not federally reportable",Roadway,At Address,"Yes, hit and run",,V1:(Collision with motor vehicle in traffic) / V2:(Collision with parked motor vehicle),None,"No, school bus not involved",25,"Yes, device functioning", V1:(Collision with motor vehicle in traffic) V2:(Collision with parked motor vehicle),No,,,,,,,,234138.4842,907712.6246,42.41918427,-71.08520538,13, JOHN ST Rte 6,,,,,,,,,,,1154,,,,,,Both sides,City or Town accepted road,,7,7,0,No Shoulder,23,Bituminous concrete road,0,No Shoulder,2,0,0,None,Large Urbanized Area,Local,Boston (MA-NH-RI),,Mainline roadway,Two-way traffic,No Access Control,,,JOHN STREET,MALDEN STREET,MEDFORD STREET,MALDEN,Good,Level Terrain,,,,,0,0,,,Local