Crash Number,City Town Name,Crash Date,Crash Severity,Crash Status,Crash Time,Crash Year,Max Injury Severity Reported,Number of Vehicles,Police Agency Type,State Police Troop,Age of Driver - Youngest Known,Age of Driver - Oldest Known,Age of Vulnerable User - Youngest Known,Age of Vulnerable User - Oldest Known,Crash Hour,Driver Contributing Circumstances (All Drivers),Driver Distracted By (All Vehicles),First Harmful Event,Is Geocoded,Light Conditions,Manner of Collision,MassDOT District,Vulnerable User Action (All Persons),Vulnerable User Location (All Persons),Vulnerable User Type (All Persons),RMV Document Numbers,Road Surface Condition,Roadway Junction Type,RPA Abbreviation,Total Fatalities,Total Non-Fatal Injuries,Traffic Control Device Type,Trafficway Description,Vehicle Actions Prior to Crash (All Vehicles),Vehicle Configuration (All Vehicles),Vehicle Emergency Use (All Vehicles),Vehicle Towed From Scene (All Vehicles),Vehicle Travel Directions (All Vehicles),Weather Conditions,County Name,Crash Report IDs,FMCSA Reportable (All Vehicles),FMCSA Reportable (Crash),First Harmful Event Location,Geocoding Method,Hit and Run,Locality,Most Harmful Event (All Vehicles),Road Contributing Circumstance,School Bus Related,Speed Limit,Traffic Control Device Function,Vehicle Sequence of Events (All Vehicles),Work Zone Related,Vulnerable User Sequence of Events (All Persons),Vulnerable User Distracted By (All Persons),Vulnerable User Traffic Control Type (All persons),Vulnerable User Origin Destination (All Persons),Vulnerable User Contributing Circumstances (All Persons),Vulnerable User Alcohol Suspected Type (All Persons),Vulnerable User Drug Suspected Type (All Persons),X,Y,Latitude,Longitude,Street Number,Roadway,Near Intersection Roadway,Distance and Direction From Intersection,Milemarker,Milemarker Route,Distance and Direction From Milemarker,Exit Number,Exit Route,Distance and Direction From Exit,Landmark,Distance and Direction From Landmark,AADT-linked RD,AADT Year-linked RD,Peak % Single Unit Trucks-linked RD,Single-Unit Truck and Bus AADT-linked RD,Peak % Combo Trucks-linked RD,Combination Truck AADT-linked RD,Curb-linked RD-linked RD,Jurisdiction-linked RD,Truck Route-linked RD,Left Sidewalk Width-linked RD,Right Sidewalk Width-linked RD,Left Shoulder Width-linked RD,Left Shoulder Type-linked RD,Surface Width-linked RD,Surface Type-linked RD,Right Shoulder Width-linked RD,Right Shoulder Type-linked RD,Number of Travel Lanes-linked RD,Number of Opposing Travel Lanes-linked RD,Median Width-linked RD,Median Type-linked RD,Urban Type-linked RD,Functional Classification-linked RD,Urbanized Area-linked RD,Federal Aid Route Number-linked RD,Facility Type-linked RD,Street Operation-linked RD,Access Control-linked RD,Number of Peak Hour Lanes-linked RD,Speed Limit-linked RD,Street Name-linked RD,From Street Name-linked RD,To Street Name-linked RD,City-linked RD-linked RD,Structural Condition-linked RD,Terrain-linked RD,Urban Location Type-linked RD,AADT Derivation-linked RD,AADT Station Number-linked RD,Opposing Direction Speed Limit-linked RD,Undivided Left Shoulder Type-linked RD,Undivided Left Shoulder Width-linked RD,Truck Exclusion Type-linked RD,Truck Exclusion Time-linked RD,Federal Functional Classification-linked RD
5593552,MALDEN,5/14/25,Unknown,Open,12:02 PM,2025,Not reported,2,Local police,,,,,,12:00PM to 12:59PM,,,Collision with parked motor vehicle,Yes,Daylight,Unknown,4,,,, PW20254640482,Dry,Not at junction,MAPC,0,0,No controls,Unknown,V1: Parked / V2: Unknown,"V1:(Light truck(van, mini-van, pickup, sport utility)) / V2:(Other)",V1:(No) / V2:(No),V1:(No) / V2:(No),V1: U  / V2: U,Clear,MIDDLESEX,25000380,"V1:(No, not federally reportable) / V2:(No, not federally reportable)","No, not federally reportable",Outside roadway,At Address,"Yes, hit and run",,V1:(Unknown) / V2:(Collision with parked motor vehicle),None,"No, school bus not involved",25,Not reported, V2:(Collision with parked motor vehicle),No,,,,,,,,235195.9631,908715.5814,42.42816641,-71.07229574,39, FLORENCE ST Rte 6,,,,,,,,,,,1154,,,,,,None,Unaccepted by city or town,,0,0,0,No Shoulder,10,Gravel or stone road,0,No Shoulder,1,0,0,None,Large Urbanized Area,Local,Boston (MA-NH-RI),,Mainline roadway,Two-way traffic,No Access Control,,,FLORENCE STREET PARK,FLORENCE STREET,DEAD END,MALDEN,Deficient,Level Terrain,,,,,0,0,,,Local
5593553,MALDEN,5/8/25,Unknown,Open,6:44 PM,2025,Not reported,1,Local police,,,,,,06:00PM to 06:59PM,,,Collision with parked motor vehicle,Yes,Other,Unknown,4,,,, PW20254640479,Dry,Not at junction,MAPC,0,0,No controls,"Two-way, not divided",V1: Parked,V1:(Passenger car),V1:(No),V1:(No),V1: E,Clear,MIDDLESEX,25000363,"V1:(No, not federally reportable)","No, not federally reportable",Roadside,At Address,"Yes, hit and run",,V1:(Collision with parked motor vehicle),None,"No, school bus not involved",30,Not reported, V1:(Collision with parked motor vehicle),No,,,,,,,,235836.2058,907689.9466,42.41890394,-71.06457922,17, CROSS ST Rte E,,,,,,,,,,,2818,2020,0.21,137,0,17,Both sides,City or Town accepted road,,9,9,0,No Shoulder,42,Bituminous concrete road,0,No Shoulder,2,0,0,None,Large Urbanized Area,Urban collector or rural minor collector,Boston (MA-NH-RI),,Mainline roadway,Two-way traffic,No Access Control,,99,CROSS STREET,MAIN STREET,BRYANT STREET,MALDEN,Good,Rolling Terrain,,Grown from Prior Year HPMS Network,,99,0,0,,,Major Collector
5593554,MALDEN,5/6/25,Unknown,Open,11:37 AM,2025,Not reported,1,Local police,,,,,,11:00AM to 11:59AM,,,Collision with parked motor vehicle,Yes,Daylight,Angle,4,,,, PW20254640485,Wet,T-intersection,MAPC,0,0,No controls,"Two-way, divided, unprotected median",V1: Parked,"V1:(Light truck(van, mini-van, pickup, sport utility))",V1:(No),V1:(No),V1: S,Rain,MIDDLESEX,25000354,"V1:(No, not federally reportable)","No, not federally reportable",Roadside,At Address,"Yes, hit and run",,V1:(Collision with motor vehicle in traffic),None,"No, school bus not involved",25,Not reported, V1:(Collision with motor vehicle in traffic),No,,,,,,,,235559.6146,909095.6111,42.43157114,-71.0678533,683, MAIN ST Rte S,,,,,,,,,,,10345,2020,0.164,213,0.01,28,Both sides,City or Town accepted road,,10,10,0,No Shoulder,26,Bituminous concrete road,0,No Shoulder,2,0,0,None,Large Urbanized Area,Rural minor arterial or urban principal arterial,Boston (MA-NH-RI),,Mainline roadway,Two-way traffic,No Access Control,,30,MAIN STREET,MELROSE CITY LINE,EVERETT CITY LINE,MALDEN,Good,Level Terrain,,Pulled back from HPMS network estimation routine,,30,0,0,,,Principal Arterial - Other
5593555,MALDEN,5/11/25,Non-fatal injury,Open,6:14 PM,2025,Suspected Minor Injury (B),2,Local police,,35-44,55-64,35-44,35-44,06:00PM to 06:59PM,D1: (Unknown)  / D2: (Unknown) ,,Collision with motor vehicle in traffic,Yes,Daylight,Angle,4, VU5: Entering or crossing location, VU5: Non-intersection crosswalk, VU5: Pedestrian, PW20254640477,Dry,Four-way intersection,MAPC,0,4,Stop signs,"Two-way, divided, unprotected median",V1: Overtaking/passing / V2: Travelling straight ahead,V1:(Passenger car) / V2:(Passenger car),V1:(No) / V2:(No),"V1:(Yes, vehicle or trailer disabled) / V2:(Yes, vehicle or trailer disabled)",V1: W  / V2: S,Clear,MIDDLESEX,25000374,"V1:(No, not federally reportable) / V2:(No, not federally reportable)","No, not federally reportable",Roadway,At Intersection,No hit and run,,V1:(Collision with pedestrian) / V2:(Other),Unknown,"No, school bus not involved",25,Not reported," V1:(Collision with motor vehicle in traffic),(Collision with pedestrian) V2:(Other)",No, VU5:(Crossing Roadway),,,,,,,236253.6251,908595.0622,42.42703297,-71.05945074,, EASTERN AV Rte W  / FRANKLIN ST Rte S,,,,,,,,,,,15154,2020,0.558,698,0.155,167,Both sides,City or Town accepted road,,6,6,0,No Shoulder,28,Bituminous concrete road,8,Hardened bituminous mix or penetration,2,0,0,None,Large Urbanized Area,Rural minor arterial or urban principal arterial,Boston (MA-NH-RI),,Mainline roadway,Two-way traffic,No Access Control,,30,EASTERN AVENUE,MAIN STREET,LYNN STREET,MALDEN,Good,Level Terrain,,Pulled back from HPMS network estimation routine,,30,Surfaced shoulder exists – Portland Cement Concrete surface (PCC,8,,,Principal Arterial - Other
5593556,MALDEN,5/5/25,Property damage only (none injured),Open,2:46 PM,2025,No Apparent Injury (O),2,Local police,,21-24,45-54,,,02:00PM to 02:59PM,D1: (Failure to keep in proper lane or running off road)  / D2: (No improper driving) ,,Collision with motor vehicle in traffic,Yes,Daylight,Angle,4,,,, PW20254640486,Wet,Traffic circle,MAPC,0,0,Yield signs,"Two-way, not divided",V1: Turning left / V2: Travelling straight ahead,V1:(Passenger car) / V2:(Passenger car),V1:(No) / V2:(No),"V1:(Yes, vehicle or trailer disabled) / V2:(No)",V1: E  / V2: E,Cloudy/Rain,MIDDLESEX,25000351,"V1:(No, not federally reportable) / V2:(No, not federally reportable)","No, not federally reportable",Roadway,Operator Designated,No hit and run,,V1:(Collision with motor vehicle in traffic) / V2:(Collision with motor vehicle in traffic),None,"No, school bus not involved",25,"Yes, device functioning", V1:(Collision with motor vehicle in traffic) V2:(Collision with motor vehicle in traffic),No,,,,,,,,237434.5315,908529.1643,42.42638392,-71.04510506,, MAPLEWOOD STREET, Rte M22256,250 feet S  of,,,,,,,,,,,,,,,,Unaccepted by city or town,,0,0,0,No Shoulder,0,0,0,No Shoulder,0,0,0,None,Large Urbanized Area,Local,Boston (MA-NH-RI),,,,No Access Control,,,,,,MALDEN,,Level Terrain,,,,,0,0,,,Local
5593557,MALDEN,5/12/25,Property damage only (none injured),Open,7:21 AM,2025,No Apparent Injury (O),1,Local police,,65-74,65-74,,,07:00AM to 07:59AM,D1: (Driving too fast for conditions) ,D1: Not Distracted,Collision with utility pole,Yes,Daylight,Rear-end,4,,,, PW20254640480,Dry,Not at junction,MAPC,0,0,No controls,"Two-way, not divided",V1: Backing,"V1:(Light truck(van, mini-van, pickup, sport utility))",V1:(No),V1:(No),V1: W,Clear,MIDDLESEX,25000375,"V1:(No, not federally reportable)","No, not federally reportable",Roadside,At Address,No hit and run,,V1:(Collision with utility pole),None,"No, school bus not involved",25,Not reported, V1:(Collision with utility pole),No,,,,,,,,234482.4685,909557.8281,42.43578064,-71.08091576,51, COREY RD Rte W,,,,,,,,,,,1154,,,,,,None,Unaccepted by city or town,,0,0,0,No Shoulder,16,Surface-treated road,2,Unstable shoulder,2,0,0,None,Large Urbanized Area,Local,Boston (MA-NH-RI),,Mainline roadway,Two-way traffic,No Access Control,,,COREY ROAD,HAWTHORNE STREET,WOODLAND ROAD,MALDEN,Fair,Rolling Terrain,,,,,0,0,,,Local
5593558,MALDEN,5/2/25,Property damage only (none injured),Open,4:01 PM,2025,No Apparent Injury (O),2,Local police,,55-64,65-74,,,04:00PM to 04:59PM,"D1: (No improper driving)  / D2: (Operating vehicle in erratic, reckless, careless, negligent or aggressive manner) ",D1: Manually operating an electronic device,Collision with motor vehicle in traffic,Yes,Daylight,"Sideswipe, same direction",4,,,, PW20254640476,Dry,T-intersection,MAPC,0,0,Stop signs,"Two-way, not divided",V1: Slowing or stopped in traffic / V2: Overtaking/passing,V1:(Passenger car) / V2:(Passenger car),V1:(No) / V2:(No),"V1:(No) / V2:(Yes, vehicle or trailer disabled)",V1: W  / V2: W,Clear/Clear,MIDDLESEX,25000338,"V1:(No, not federally reportable) / V2:(No, not federally reportable)","No, not federally reportable",Roadway,Operator Designated,No hit and run,,V1:(Collision with motor vehicle in traffic) / V2:(Collision with motor vehicle in traffic),None,"No, school bus not involved",20,Not reported, V1:(Collision with motor vehicle in traffic) V2:(Collision with motor vehicle in traffic),No,,,,,,,,234075.1206,908536.5312,42.4266043,-71.08592666,, FELLSWAY EAST / VISTA STREET / BOUNDARY ROAD,,,,,,,,,,,9198,2020,0.477,451,0.068,55,Both sides,Department of Conservation and Recreation,,0,5,0,No Shoulder,36,Bituminous concrete road,0,No Shoulder,2,0,0,None,Large Urbanized Area,Urban minor arterial or rural major collector,Boston (MA-NH-RI),,Mainline roadway,Two-way traffic,No Access Control,,30,FELLSWAY EAST,MELROSE CITY LINE,FELLSWAY WEST,MALDEN,Good,Level Terrain,,Grown from Prior Year HPMS Network,,30,0,0,,,Minor Arterial
5593559,MALDEN,5/12/25,Unknown,Open,6:52 AM,2025,Not reported,1,Local police,,,,,,06:00AM to 06:59AM,,,Collision with parked motor vehicle,Yes,Unknown,Angle,4,,,, PW20254640478,Dry,Not at junction,MAPC,0,0,No controls,"Two-way, not divided",V1: Parked,V1:(Passenger car),V1:(No),V1:(No),V1: U,Clear/Clear,MIDDLESEX,25000376,"V1:(No, not federally reportable)","No, not federally reportable",Outside roadway,At Address,"Yes, hit and run",,V1:(Collision with parked motor vehicle),None,"No, school bus not involved",10,"No, device not functioning", V1:(Collision with parked motor vehicle),No,,,,,,,,234548.8116,907351.2634,42.41591303,-71.08024144,66, DEVIR ST Rte 6,,,,,,,,,,,1154,,,,,,Both sides,City or Town accepted road,,8,7,0,No Shoulder,24,Bituminous concrete road,0,No Shoulder,2,0,0,None,Large Urbanized Area,Local,Boston (MA-NH-RI),,Mainline roadway,Two-way traffic,No Access Control,,,DEVIR STREET,HIGHLAND AVENUE,MEDFORD CITY LINE,MALDEN,Good,Level Terrain,,,,,0,0,,,Local
5593560,MALDEN,5/13/25,Unknown,Open,11:59 AM,2025,Not reported,2,Local police,,25-34,25-34,,,11:00AM to 11:59AM,"D2: (Operating vehicle in erratic, reckless, careless, negligent or aggressive manner) ",,Collision with parked motor vehicle,Yes,Daylight,"Sideswipe, same direction",4,,,, PW20254640481,Dry,Not at junction,MAPC,0,0,No controls,"Two-way, not divided",V1: Parked / V2: Backing,V1:(Passenger car) / V2:(Passenger car),V1:(No) / V2:(No),V1:(No) / V2:(No),V1: E  / V2: W,Clear,MIDDLESEX,25000377,"V1:(No, not federally reportable) / V2:(No, not federally reportable)","No, not federally reportable",Outside roadway,At Address,"Yes, hit and run",,V1:(Collision with parked motor vehicle) / V2:(Collision with parked motor vehicle),None,"No, school bus not involved",25,Not reported, V1:(Collision with parked motor vehicle) V2:(Collision with parked motor vehicle),No,,,,,,,,237893.0061,909177.8818,42.43220186,-71.03949134,267, BROADWAY Rte W,,,,,,,,,,,24974,2020,0.33,974,0.105,275,Both sides,City or Town accepted road,,10,10,0,No Shoulder,44,Bituminous concrete road,0,No Shoulder,2,0,0,None,Large Urbanized Area,Rural minor arterial or urban principal arterial,Boston (MA-NH-RI),,Mainline roadway,Two-way traffic,No Access Control,,30,BROADWAY,EVERETT CITY LINE,MELROSE CITY LINE,MALDEN,Good,Level Terrain,,Grown from Prior Year HPMS Network,,30,0,0,,,Principal Arterial - Other
5593561,MALDEN,5/14/25,Property damage only (none injured),Open,9:29 AM,2025,No Apparent Injury (O),1,Local police,,35-44,35-44,,,09:00AM to 09:59AM,D1: (No improper driving) ,D1: Not Distracted,Collision with motor vehicle in traffic,Yes,Daylight,Angle,4,,,, PW20254640489,Dry,T-intersection,MAPC,0,0,Traffic control signal,"Two-way, divided, unprotected median",V1: Slowing or stopped in traffic,V1:(Passenger car),V1:(No),V1:(No),V1: N,Clear,MIDDLESEX,25000378,"V1:(No, not federally reportable)","No, not federally reportable",Roadway,At Address,No hit and run,,V1:(Collision with other movable object),None,"No, school bus not involved",25,"Yes, device functioning", V1:(Collision with other movable object),No,,,,,,,,235591.7308,908229.5275,42.42377273,-71.06751637,269, MAIN Rte N,,,,,,,,,,,10345,2020,0.164,213,0.01,28,Both sides,City or Town accepted road,,10,10,0,No Shoulder,48,Bituminous concrete road,0,No Shoulder,2,0,0,None,Large Urbanized Area,Rural minor arterial or urban principal arterial,Boston (MA-NH-RI),,Mainline roadway,Two-way traffic,No Access Control,,30,MAIN STREET,MELROSE CITY LINE,EVERETT CITY LINE,MALDEN,Good,Level Terrain,,Pulled back from HPMS network estimation routine,,30,0,0,,,Principal Arterial - Other
5593562,MALDEN,5/9/25,Non-fatal injury,Open,7:01 AM,2025,Suspected Minor Injury (B),2,Local police,,35-44,35-44,,,07:00AM to 07:59AM,D1: (Unknown) ,,Collision with parked motor vehicle,Yes,Daylight,Rear-end,4,,,, PW20254640494 / PW20254640487 / PW20254640494 / PW20254640487,Dry,Not at junction,MAPC,0,1,No controls,"Two-way, not divided",V1: Travelling straight ahead / V2: Parked,V1:(Passenger car) / V2:(Passenger car),V1:(No) / V2:(No),"V1:(Yes, vehicle or trailer disabled) / V2:(No)",V1: S  / V2: Not Reported,Clear,MIDDLESEX, 25000365 / 25000366,"V1:(No, not federally reportable) / V2:(No, not federally reportable)","No, not federally reportable",Roadway,At Address,"Yes, hit and run",,V1:(Collision with parked motor vehicle) / V2:(Collision with parked motor vehicle),None,"No, school bus not involved",25,Not reported, V1:(Collision with parked motor vehicle) V2:(Collision with parked motor vehicle),No,,,,,,,,235838.3604,907887.0795,42.42067854,-71.06454081,83, HIGH ST Rte E,,,,,,,,,,,2824,2020,0.21,137,0,17,Both sides,City or Town accepted road,,9,9,0,No Shoulder,30,Bituminous concrete road,0,No Shoulder,2,0,0,None,Large Urbanized Area,Urban collector or rural minor collector,Boston (MA-NH-RI),,Mainline roadway,Two-way traffic,No Access Control,,99,HIGH STREET,CROSS STREET,FERRY STREET,MALDEN,Fair,Level Terrain,,Grown from Prior Year HPMS Network,,99,0,0,,,Major Collector
5593563,MALDEN,5/14/25,Property damage only (none injured),Open,10:26 AM,2025,No Apparent Injury (O),2,Local police,,16-17,16-17,,,10:00AM to 10:59AM,"D1: (Operating vehicle in erratic, reckless, careless, negligent or aggressive manner),(Other improper action) ",,Collision with unknown fixed object,Yes,Daylight,Angle,4,,,, PW20254640484,Wet,Not at junction,MAPC,0,0,No controls,"Two-way, divided, unprotected median",V1: Unknown / V2: Parked,V1:(Passenger car) / V2:(Motorcycle),V1:(No) / V2:(No),V1:(No) / V2:(No),V1: E  / V2: W,Clear,MIDDLESEX,25000379,"V1:(No, not federally reportable) / V2:(No, not federally reportable)","No, not federally reportable",Outside roadway,At Address,"Yes, hit and run",,"V1:(Collision with other fixed object (wall, building, tunnel, etc.)) / V2:(Collision with motor vehicle in traffic)",None,"No, school bus not involved",25,Not reported," V1:(Collision with other fixed object(wall, building, tunnel, etc.)),(Collision with other movable object),(Collision with parked motor vehicle) V2:(Collision with motor vehicle in traffic)",No,,,,,,,,235619.6802,909017.8158,42.43086804,-71.06712815,166, MOUNTAIN AV Rte E,,,,,,,,,,,2766,2020,0.21,134,0,17,Both sides,City or Town accepted road,,9,9,0,No Shoulder,30,Bituminous concrete road,0,No Shoulder,2,0,0,None,Large Urbanized Area,Urban collector or rural minor collector,Boston (MA-NH-RI),,Mainline roadway,Two-way traffic,No Access Control,,99,MOUNTAIN AVENUE,EVERETT STREET ,MOUNT VERNON STREET,MALDEN,Good,Level Terrain,,Grown from Prior Year HPMS Network,,99,0,0,,,Major Collector
5593564,MALDEN,5/7/25,Property damage only (none injured),Open,7:58 AM,2025,No Apparent Injury (O),2,Local police,,35-44,45-54,,,07:00AM to 07:59AM,D1: (No improper driving)  / D2: (Unknown) ,D1: Not Distracted,Collision with motor vehicle in traffic,Yes,Daylight,Rear-end,4,,,, PW20254640488,Dry,Four-way intersection,MAPC,0,0,Stop signs,"Two-way, not divided",V1: Travelling straight ahead / V2: Travelling straight ahead,"V1:(Light truck(van, mini-van, pickup, sport utility)) / V2:(Passenger car)",V1:(No) / V2:(No),"V1:(No) / V2:(Yes, vehicle or trailer disabled)",V1: E  / V2: E,Clear,MIDDLESEX,25000355,"V1:(No, not federally reportable) / V2:(No, not federally reportable)","No, not federally reportable",Roadway,At Intersection,No hit and run,,V1:(Collision with motor vehicle in traffic) / V2:(Collision with motor vehicle in traffic),None,"No, school bus not involved",25,"Yes, device functioning", V1:(Collision with motor vehicle in traffic) V2:(Collision with motor vehicle in traffic),No,,,,,,,,237384.281,909045.75,42.4310369,-71.04568224,, MAPLEWOOD ST Rte N  / WAITE ST EXT Rte E,,,,,,,,,,,12610,2020,0.477,617,0.068,75,Both sides,City or Town accepted road,,9,9,0,No Shoulder,30,Bituminous concrete road,0,No Shoulder,2,0,0,None,Large Urbanized Area,Urban minor arterial or rural major collector,Boston (MA-NH-RI),,Mainline roadway,Two-way traffic,No Access Control,,30,MAPLEWOOD STREET,SALEM STREET,DEAD END,MALDEN,Good,Level Terrain,,Grown from Prior Year HPMS Network,,30,0,0,,,Minor Arterial
5593565,MALDEN,5/16/25,Property damage only (none injured),Open,7:12 AM,2025,No Apparent Injury (O),2,Local police,,35-44,35-44,,,07:00AM to 07:59AM,D1: (No improper driving)  / D2: (No improper driving) ,D1: Not Distracted / D2: Not Distracted,Collision with motor vehicle in traffic,Yes,Daylight,"Sideswipe, same direction",4,,,, PW20254640493,Dry,T-intersection,MAPC,0,0,No controls,"Two-way, not divided",V1: Travelling straight ahead / V2: Turning left,V1:(Passenger car) / V2:(Passenger car),V1:(No) / V2:(No),V1:(No) / V2:(No),V1: S  / V2: W,Clear,MIDDLESEX,25000384,"V1:(No, not federally reportable) / V2:(No, not federally reportable)","No, not federally reportable",Roadway,At Intersection,No hit and run,,V1:(Collision with motor vehicle in traffic) / V2:(Collision with motor vehicle in traffic),None,"No, school bus not involved",25,"No, device not functioning", V1:(Collision with motor vehicle in traffic) V2:(Collision with motor vehicle in traffic),No,,,,,,,,236045.2659,909387.6877,42.43417826,-71.06193318,, BAINBRIDGE ST Rte W  / MT VERNON ST Rte S,,,,,,,,,,,1154,,,,,,Both sides,City or Town accepted road,,7,7,0,No Shoulder,23,Surface-treated road,0,No Shoulder,2,0,0,None,Large Urbanized Area,Local,Boston (MA-NH-RI),,Mainline roadway,One-way traffic,No Access Control,,,BAINBRIDGE STREET,ROCKWELL STREET,MOUNT VERNON STREET,MALDEN,Good,Level Terrain,,,,,0,0,,,Local
5593566,MALDEN,5/17/25,Property damage only (none injured),Open,9:32 AM,2025,No Apparent Injury (O),1,Local police,,25-34,25-34,,,09:00AM to 09:59AM,"D1: (No improper driving),(No improper driving) ",D1: Not Distracted,Other,Yes,Daylight,Single vehicle crash,4,,,, PW20254640496,Dry,Not at junction,MAPC,0,0,No controls,Unknown,V1: Backing,"V1:(Light truck(van, mini-van, pickup, sport utility))",V1:(No),V1:(No),V1: N,Clear/Clear,MIDDLESEX,25000390,"V1:(No, not federally reportable)","No, not federally reportable",Outside roadway,At Address,No hit and run,,V1:(Other),None,"No, school bus not involved",20,Not reported, V1:(Other),No,,,,,,,,237668.3387,908948.5216,42.43014793,-71.0422366,980, EASTERN AV Rte N,,,,,,,,,,,16226,2020,0.558,747,0.155,179,Both sides,City or Town accepted road,,6,6,0,No Shoulder,28,Bituminous concrete road,0,No Shoulder,2,0,0,None,Large Urbanized Area,Rural minor arterial or urban principal arterial,Boston (MA-NH-RI),,Mainline roadway,Two-way traffic,No Access Control,,30,EASTERN AVENUE,MAIN STREET,LYNN STREET,MALDEN,Good,Level Terrain,,Pulled back from HPMS network estimation routine,,30,Surfaced shoulder exists – Portland Cement Concrete surface (PCC,8,,,Principal Arterial - Other
5593567,MALDEN,5/16/25,Non-fatal injury,Open,5:11 PM,2025,Suspected Minor Injury (B),2,Local police,,55-64,55-64,,,05:00PM to 05:59PM,D1: (Failure to keep in proper lane or running off road)  / D2: (No improper driving) ,,Collision with motor vehicle in traffic,Yes,Dawn,Angle,4,,,, PW20254640490,Dry,Not at junction,MAPC,0,1,Traffic control signal,"Two-way, not divided",V1: Entering traffic lane / V2: Travelling straight ahead,V1:(Passenger car) / V2:(Motorcycle),V1:(No) / V2:(No),"V1:(No) / V2:(Yes, vehicle or trailer disabled)",V1: N  / V2: W,Clear,MIDDLESEX,25000386,"V1:(No, not federally reportable) / V2:(No, not federally reportable)","No, not federally reportable",Roadway,At Address,No hit and run,,V1:(Collision with motor vehicle in traffic) / V2:(Collision with motor vehicle in traffic),None,"No, school bus not involved",25,"Yes, device functioning", V1:(Collision with motor vehicle in traffic) V2:(Collision with motor vehicle in traffic),No,,,,,,,,237367.4389,908917.0439,42.42987903,-71.04589524,854, EASTERN AVE Rte W,,,,,,,,,,,16037,2020,0.558,738,0.155,176,Both sides,City or Town accepted road,,6,6,0,No Shoulder,28,Bituminous concrete road,8,Hardened bituminous mix or penetration,2,0,0,None,Large Urbanized Area,Rural minor arterial or urban principal arterial,Boston (MA-NH-RI),,Mainline roadway,Two-way traffic,No Access Control,,30,EASTERN AVENUE,MAIN STREET,LYNN STREET,MALDEN,Good,Level Terrain,,Pulled back from HPMS network estimation routine,,30,Surfaced shoulder exists – Portland Cement Concrete surface (PCC,8,,,Principal Arterial - Other
5593568,MALDEN,5/17/25,Unknown,Open,4:28 PM,2025,Not reported,1,Local police,,,,,,04:00PM to 04:59PM,,,Collision with motor vehicle in traffic,Yes,Unknown,Unknown,4,,,, PW20254640491,Unknown,Unknown,MAPC,0,0,Unknown,"Two-way, not divided",V1: Parked,V1:(Passenger car),V1:(No),V1:(No),V1:,Unknown,MIDDLESEX,25000392,"V1:(No, not federally reportable)","No, not federally reportable",Outside roadway,At Address,"Yes, hit and run",,V1:(Collision with motor vehicle in traffic),Unknown,"No, school bus not involved",5,"No, device not functioning", V1:(Collision with motor vehicle in traffic),No,,,,,,,,236176.9866,908766.404,42.42857904,-71.06037129,30, FRANKLIN ST Rte 6,,,,,,,,,,,1154,,,,,,Both sides,City or Town accepted road,,7,7,0,No Shoulder,25,Surface-treated road,0,No Shoulder,2,0,0,None,Large Urbanized Area,Local,Boston (MA-NH-RI),,Mainline roadway,One-way traffic,No Access Control,,,FRANKLIN STREET,UPHAM STREET,SALEM STREET,MALDEN,Good,Level Terrain,,,,,0,0,,,Local
5593569,MALDEN,5/17/25,Property damage only (none injured),Open,9:24 AM,2025,Not Applicable,2,Local police,,25-34,45-54,,,09:00AM to 09:59AM,D1: (No improper driving)  / D2: (Unknown) ,D1: Not Distracted,Collision with parked motor vehicle,Yes,Daylight,Rear-end,4,,,, PW20254640497,Dry,Not at junction,MAPC,0,0,No controls,"Two-way, not divided",V1: Parked / V2: Travelling straight ahead,V1:(Passenger car) / V2:(Passenger car),V1:(No) / V2:(No),V1:(No) / V2:(No),V1: E  / V2: E,Clear,MIDDLESEX,25000393,"V1:(No, not federally reportable) / V2:(No, not federally reportable)","No, not federally reportable",Roadway,At Address,"Yes, hit and run",,V1:(Collision with motor vehicle in traffic) / V2:(Collision with parked motor vehicle),None,"No, school bus not involved",25,"Yes, device functioning", V1:(Collision with other movable object) V2:(Collision with parked motor vehicle),No,,,,,,,,236080.8804,907818.5719,42.42005061,-71.06159837,89, CROSS ST Rte E,,,,,,,,,,,2818,2020,0.21,137,0,17,Both sides,City or Town accepted road,,9,9,0,No Shoulder,30,Bituminous concrete road,0,No Shoulder,2,0,0,None,Large Urbanized Area,Urban collector or rural minor collector,Boston (MA-NH-RI),,Mainline roadway,Two-way traffic,No Access Control,,99,CROSS STREET,MAIN STREET,BRYANT STREET,MALDEN,Good,Level Terrain,,Grown from Prior Year HPMS Network,,99,0,0,,,Major Collector
5593570,MALDEN,5/16/25,Property damage only (none injured),Open,6:46 PM,2025,No Apparent Injury (O),1,Local police,,25-34,25-34,,,06:00PM to 06:59PM,D1: (Unknown) ,,Collision with other light pole or other post/support,Yes,Daylight,Angle,4,,,, PW20254640492,Dry,Not at junction,MAPC,0,0,No controls,"Two-way, not divided",V1: Entering traffic lane,V1:(Passenger car),V1:(No),"V1:(Yes, vehicle or trailer disabled)",V1: W,Clear,MIDDLESEX,25000389,"V1:(No, not federally reportable)","No, not federally reportable",Outside roadway,At Address,No hit and run,,V1:(Collision with light pole or other post/support),None,"No, school bus not involved",25,"Yes, device functioning", V1:(Collision with light  pole or other post/support),No,,,,,,,,234676.5917,907543.4242,42.41763729,-71.07867744,335, MEDFORD ST Rte W,,,,,,,,,,,18609,2020,0.477,912,0.068,111,Both sides,City or Town accepted road,,7,7,0,No Shoulder,46,Bituminous concrete road,0,No Shoulder,2,0,0,None,Large Urbanized Area,Urban minor arterial or rural major collector,Boston (MA-NH-RI),,Mainline roadway,Two-way traffic,No Access Control,,99,MEDFORD STREET,MEDFORD CITY LINE,MAIN STREET,MALDEN,Good,Level Terrain,,Grown from Prior Year HPMS Network,,99,0,0,,,Minor Arterial