Crash Number,City Town Name,Crash Date,Crash Severity,Crash Status,Crash Time,Crash Year,Max Injury Severity Reported,Number of Vehicles,Police Agency Type,State Police Troop,Age of Driver - Youngest Known,Age of Driver - Oldest Known,Age of Vulnerable User - Youngest Known,Age of Vulnerable User - Oldest Known,Crash Hour,Driver Contributing Circumstances (All Drivers),Driver Distracted By (All Vehicles),First Harmful Event,Is Geocoded,Light Conditions,Manner of Collision,MassDOT District,Vulnerable User Action (All Persons),Vulnerable User Location (All Persons),Vulnerable User Type (All Persons),RMV Document Numbers,Road Surface Condition,Roadway Junction Type,RPA Abbreviation,Total Fatalities,Total Non-Fatal Injuries,Traffic Control Device Type,Trafficway Description,Vehicle Actions Prior to Crash (All Vehicles),Vehicle Configuration (All Vehicles),Vehicle Emergency Use (All Vehicles),Vehicle Towed From Scene (All Vehicles),Vehicle Travel Directions (All Vehicles),Weather Conditions,County Name,Crash Report IDs,FMCSA Reportable (All Vehicles),FMCSA Reportable (Crash),First Harmful Event Location,Geocoding Method,Hit and Run,Locality,Most Harmful Event (All Vehicles),Road Contributing Circumstance,School Bus Related,Speed Limit,Traffic Control Device Function,Vehicle Sequence of Events (All Vehicles),Work Zone Related,Vulnerable User Sequence of Events (All Persons),Vulnerable User Distracted By (All Persons),Vulnerable User Traffic Control Type (All persons),Vulnerable User Origin Destination (All Persons),Vulnerable User Contributing Circumstances (All Persons),Vulnerable User Alcohol Suspected Type (All Persons),Vulnerable User Drug Suspected Type (All Persons),X,Y,Latitude,Longitude,Street Number,Roadway,Near Intersection Roadway,Distance and Direction From Intersection,Milemarker,Milemarker Route,Distance and Direction From Milemarker,Exit Number,Exit Route,Distance and Direction From Exit,Landmark,Distance and Direction From Landmark,AADT-linked RD,AADT Year-linked RD,Peak % Single Unit Trucks-linked RD,Single-Unit Truck and Bus AADT-linked RD,Peak % Combo Trucks-linked RD,Combination Truck AADT-linked RD,Curb-linked RD-linked RD,Jurisdiction-linked RD,Truck Route-linked RD,Left Sidewalk Width-linked RD,Right Sidewalk Width-linked RD,Left Shoulder Width-linked RD,Left Shoulder Type-linked RD,Surface Width-linked RD,Surface Type-linked RD,Right Shoulder Width-linked RD,Right Shoulder Type-linked RD,Number of Travel Lanes-linked RD,Number of Opposing Travel Lanes-linked RD,Median Width-linked RD,Median Type-linked RD,Urban Type-linked RD,Functional Classification-linked RD,Urbanized Area-linked RD,Federal Aid Route Number-linked RD,Facility Type-linked RD,Street Operation-linked RD,Access Control-linked RD,Number of Peak Hour Lanes-linked RD,Speed Limit-linked RD,Street Name-linked RD,From Street Name-linked RD,To Street Name-linked RD,City-linked RD-linked RD,Structural Condition-linked RD,Terrain-linked RD,Urban Location Type-linked RD,AADT Derivation-linked RD,AADT Station Number-linked RD,Opposing Direction Speed Limit-linked RD,Undivided Left Shoulder Type-linked RD,Undivided Left Shoulder Width-linked RD,Truck Exclusion Type-linked RD,Truck Exclusion Time-linked RD,Federal Functional Classification-linked RD
5593590,MALDEN,5/23/25,Unknown,Open,11:55 PM,2025,Not reported,1,Local police,,,,,,11:00PM to 11:59PM,,,Collision with parked motor vehicle,Yes,Dusk,Unknown,4,,,, PW20254640521,Dry,Not at junction,MAPC,0,0,No controls,Unknown,V1: Parked,V1:(Passenger car),V1:(No),V1:(No),V1: Not Reported,Clear,MIDDLESEX,25000405,"V1:(No, not federally reportable)","No, not federally reportable",Outside roadway,At Address,"Yes, hit and run",,V1:(Collision with parked motor vehicle),None,"No, school bus not involved",,Not reported, V1:(Collision with parked motor vehicle),No,,,,,,,,238677.0537,910406.1952,42.44322123,-71.02988083,665, BROADWAY Rte 6,,,,,,,,,,,10575,2020,,,,,Both sides,Massachusetts Department of Transportation,,5,,0,No Shoulder,26,Bituminous concrete road,8,Hardened bituminous mix or penetration,2,0,0,None,Large Urbanized Area,Rural minor arterial or urban principal arterial,Boston (MA-NH-RI),,Mainline roadway,Two-way traffic,No Access Control,,35,BROADWAY,EVERETT CITY LINE,MELROSE CITY LINE,MALDEN,Good,Level Terrain,,Pulled back from HPMS network estimation routine,,35,Surfaced shoulder exists – Portland Cement Concrete surface (PCC,8,,,Principal Arterial - Other
5593591,MALDEN,5/29/25,Non-fatal injury,Open,6:19 PM,2025,Suspected Minor Injury (B),1,Local police,,45-54,45-54,15-Jun,15-Jun,06:00PM to 06:59PM,D1: (Unknown) ,,Collision with cyclist,Yes,Daylight,Single vehicle crash,4, VU2: Entering or crossing location, VU2: Marked crosswalk at intersection (includes use of paint raised or other roadway material), VU2: Bicyclist, PW20254640515,Dry,T-intersection,MAPC,0,1,No controls,"Two-way, not divided",V1: Travelling straight ahead,"V1:(Light truck(van, mini-van, pickup, sport utility))",V1:(No),V1:(No),V1: W,Clear,MIDDLESEX,25000416,"V1:(No, not federally reportable)","No, not federally reportable",Roadway,At Address,No hit and run,,"V1:(Collision with cyclist (bicycle, tricycle, unicycle, pedal car))",None,"No, school bus not involved",25,Not reported, V1:(Collision with cyclist),No, VU2:(Crossing Roadway),, VU2: None, VU2: Other, VU2:(None), VU2: No, VU2: No,235736.1453,908627.4912,42.42734881,-71.06573697,25, SALEM ST Rte W,,,,,,,,,,,14287,2020,0.477,700,0.068,87,Both sides,City or Town accepted road,,10,10,0,No Shoulder,45,Bituminous concrete road,0,No Shoulder,2,0,0,None,Large Urbanized Area,Urban minor arterial or rural major collector,Boston (MA-NH-RI),,Mainline roadway,Two-way traffic,No Access Control,,30,SALEM STREET,MAIN STREET ,,MALDEN,Good,Level Terrain,,Grown from Prior Year HPMS Network,,30,0,0,,,Minor Arterial
5593592,MALDEN,5/30/25,Non-fatal injury,Open,4:16 PM,2025,Suspected Minor Injury (B),1,Local police,,16-17,16-17,25-34,25-34,04:00PM to 04:59PM,D1: (Inattention) ,D1: External distraction (outside the vehicle),Collision with cyclist,Yes,Daylight,Single vehicle crash,4, VU2: Entering or crossing location, VU2: Marked crosswalk at intersection (includes use of paint raised or other roadway material), VU2: Bicyclist, PW20254640519,Dry,T-intersection,MAPC,0,1,Stop signs,"Two-way, not divided",V1: Turning right,V1:(Passenger car),V1:(No),V1:(No),V1: E,Clear,MIDDLESEX,25000419,"V1:(No, not federally reportable)","No, not federally reportable",Roadway,At Intersection,No hit and run,,"V1:(Collision with cyclist (bicycle, tricycle, unicycle, pedal car))",None,"No, school bus not involved",25,"Yes, device functioning", V1:(Collision with cyclist),No, VU2:(Crossing Roadway),, VU2: VU Crossing Sign,, VU2:(Crossing of Roadway or Intersection),,,239155.4063,909270.2502,42.43297102,-71.02414361,, LYNN ST Rte E  / WESLEY ST Rte N,,,,,,,,,,,21023,2020,0.477,1029,0.068,126,Both sides,City or Town accepted road,,5,5,0,No Shoulder,32,Bituminous concrete road,0,No Shoulder,2,0,0,None,Large Urbanized Area,Urban collector or rural minor collector,Boston (MA-NH-RI),,Mainline roadway,Two-way traffic,No Access Control,,99,LYNN STREET,EVERETT CITY LINE,REVERE CITY LINE,MALDEN,Good,Level Terrain,,Grown from Prior Year HPMS Network,,99,0,0,,,Major Collector
5593593,MALDEN,5/24/25,Property damage only (none injured),Open,8:40 AM,2025,Not reported,1,Local police,,,,,,08:00AM to 08:59AM,,,Collision with parked motor vehicle,Yes,Dark - roadway not lighted,"Sideswipe, same direction",4,,,, PW20254640525,Wet,Not at junction,MAPC,0,0,No controls,"One-way, not divided",V1: Parked,V1:(Passenger car),V1:(No),V1:(No),V1: W,Rain,MIDDLESEX,25000407,"V1:(No, not federally reportable)","No, not federally reportable",Roadside,At Address,No hit and run,,V1:(Collision with other movable object),None,"No, school bus not involved",25,"Yes, device functioning", V1:(Collision with other movable object),No,,,,,,,,236105.9675,908172.1762,42.42323278,-71.06127145,11, CLAYTON ST Rte W,,,,,,,,,,,1154,,,,,,Both sides,City or Town accepted road,,7,7,0,No Shoulder,25,Bituminous concrete road,0,No Shoulder,2,0,0,None,Large Urbanized Area,Local,Boston (MA-NH-RI),,Mainline roadway,One-way traffic,No Access Control,,,CLAYTON STREET,WARREN AVENUE,FERRY STREET,MALDEN,Fair,Level Terrain,,,,,0,0,,,Local
5593594,MALDEN,5/18/25,Property damage only (none injured),Open,1:05 PM,2025,No Apparent Injury (O),2,Local police,,25-34,35-44,,,01:00PM to 01:59PM,"D1: (Inattention),(Wrong side or wrong way)  / D2: (No improper driving) ","D1: Other activity (searching, eating, personal hygiene, etc.) / D2: Not Distracted",Collision with motor vehicle in traffic,Yes,Daylight,"Sideswipe, opposite direction",4,,,, PW20254640520,Dry,Not at junction,MAPC,0,0,No controls,"Two-way, divided, unprotected median",V1: Travelling straight ahead / V2: Travelling straight ahead,V1:(Passenger car) / V2:(Passenger car),V1:(No) / V2:(No),V1:(No) / V2:(No),V1: E  / V2: W,Cloudy,MIDDLESEX,25000396,"V1:(No, not federally reportable) / V2:(No, not federally reportable)","No, not federally reportable",Roadway,At Address,No hit and run,,V1:(Collision with motor vehicle in traffic) / V2:(Collision with motor vehicle in traffic),None,"No, school bus not involved",25,"Yes, device functioning", V1:(Collision with motor vehicle in traffic) V2:(Collision with motor vehicle in traffic),No,,,,,,,,233873.6492,908348.1996,42.42491762,-71.0883859,610, PLEASANT ST Rte W,,,,,,,,,,,13322,2020,0.558,614,0.155,147,Both sides,City or Town accepted road,,8,8,0,No Shoulder,32,Bituminous concrete road,0,No Shoulder,2,0,0,None,Large Urbanized Area,Rural minor arterial or urban principal arterial,Boston (MA-NH-RI),,Mainline roadway,Two-way traffic,No Access Control,,20,PLEASANT STREET,COMMERCIAL STREET,MEDFORD CITY LINE,MALDEN,Good,Level Terrain,,Pulled back from HPMS network estimation routine,,20,0,0,,,Principal Arterial - Other
5593595,MALDEN,5/29/25,Property damage only (none injured),Open,8:31 AM,2025,No Apparent Injury (O),2,Local police,,25-34,25-34,,,08:00AM to 08:59AM,D1: (No improper driving) ,D1: Not Distracted,Collision with motor vehicle in traffic,Yes,Daylight,"Sideswipe, same direction",4,,,, PW20254640518,Dry,Not at junction,MAPC,0,0,No controls,"Two-way, not divided",V1: Parked / V2: Travelling straight ahead,"V1:(Bus (seats for 9-15 people, including driver)) / V2:(Light truck(van, mini-van, pickup, sport utility))",V1:(No) / V2:(No),V1:(No) / V2:(No),V1: S  / V2: S,Clear,MIDDLESEX,25000417,"V1:(No, not federally reportable) / V2:(No, not federally reportable)","No, not federally reportable",Roadway,At Address,"Yes, hit and run",,V1:(Collision with motor vehicle in traffic) / V2:(Collision with motor vehicle in traffic),None,"Yes, school bus involved",25,"Yes, device functioning", V1:(Collision with motor vehicle in traffic) V2:(Collision with motor vehicle in traffic),No,,,,,,,,235689.4058,907524.9738,42.4174255,-71.06637304,22, HOWARD ST Rte S,,,,,,,,,,,1154,,,,,,Both sides,City or Town accepted road,,7,7,0,No Shoulder,25,Bituminous concrete road,0,No Shoulder,2,0,0,None,Large Urbanized Area,Local,Boston (MA-NH-RI),,Mainline roadway,Two-way traffic,No Access Control,,,HOWARD STREET,MEDFORD STREET,CONVERSE AVENUE,MALDEN,Good,Rolling Terrain,,,,,0,0,,,Local
5593596,MALDEN,5/31/25,Property damage only (none injured),Open,2:58 PM,2025,No Apparent Injury (O),5,Local police,,35-44,75-84,,,02:00PM to 02:59PM,D1: (No improper driving)  / D3: (Unknown)  / D5: (No improper driving) ,D1: Not Distracted,Collision with parked motor vehicle,Yes,Daylight,"Sideswipe, same direction",4,,,, PW20254640531 / PW20254640537 / PW20254640531 / PW20254640537,Wet,Not at junction,MAPC,0,0,No controls,"One-way, not divided",V1: Travelling straight ahead / V2: Parked / V3: Parked / V4: Parked / V5: Parked,"V1:(Unknown heavy truck, cannot classify) / V2:(Passenger car) / V3:(Passenger car) / V4:(Passenger car) / V5:(Passenger car)",V1:(No) / V2:(No) / V3:(No) / V4:(No) / V5:(No),"V1:(No) / V2:(Yes, vehicle or trailer disabled) / V3:(No) / V4:(No) / V5:(No)",V1: W  / V2: W  / V3: W  / V4: U  / V5: U,Cloudy,MIDDLESEX, 25000423 / 25000424,"V1:(No, not federally reportable) / V2:(No, not federally reportable) / V3:(No, not federally reportable) / V4:(No, not federally reportable) / V5:(No, not federally reportable)","No, not federally reportable",Roadside,At Address,No hit and run,,V1:(Other) / V2:(Collision with parked motor vehicle) / V3:(Other) / V4:(Collision with motor vehicle in traffic) / V5:(Collision with motor vehicle in traffic),None,"No, school bus not involved",25,Not reported, V1:(Collision with parked motor vehicle) V2:(Collision with parked motor vehicle) V3:(Other) V4:(Collision with motor vehicle in traffic) V5:(Collision with motor vehicle in traffic),No,,,,,,,,236693.4147,908965.2749,42.43034525,-71.05408305,8, PLAYSTEAD RD Rte W,,,,,,,,,,,1154,,,,,,Both sides,City or Town accepted road,,3,4,0,No Shoulder,22,Surface-treated road,0,No Shoulder,2,0,0,None,Large Urbanized Area,Local,Boston (MA-NH-RI),,Mainline roadway,Two-way traffic,No Access Control,,,PLAYSTEAD ROAD,CROSS STREET,DELL STREET,MALDEN,Fair,Level Terrain,,,,,0,0,,,Local
5593598,MALDEN,5/29/25,Property damage only (none injured),Open,6:29 AM,2025,No Apparent Injury (O),1,Local police,,65-74,65-74,,,06:00AM to 06:59AM,D1: (Inattention) ,"D1: Other activity (searching, eating, personal hygiene, etc.)",Collision with utility pole,Yes,Daylight,Single vehicle crash,4,,,, PW20254640532,Dry,Not at junction,MAPC,0,0,No controls,"Two-way, not divided",V1: Travelling straight ahead,V1:(Passenger car),V1:(No),"V1:(Yes, vehicle or trailer disabled)",V1: E,Clear,MIDDLESEX,25000414,"V1:(No, not federally reportable)","No, not federally reportable",Roadside,At Address,No hit and run,,V1:(Collision with utility pole),None,"No, school bus not involved",30,Not reported, V1:(Collision with utility pole),No,,,,,,,,238391.3644,910192.3164,42.44130991,-71.03336753,56, ELWELL ST Rte E,,,,,,,,,,,2836,2020,0.21,139,0,17,None,City or Town accepted road,,0,0,0,No Shoulder,25,Bituminous concrete road,3,Stable - Unruttable compacted subgrade,2,0,0,None,Large Urbanized Area,Urban collector or rural minor collector,Boston (MA-NH-RI),,Mainline roadway,Two-way traffic,No Access Control,,99,ELWELL STREET,BROADWAY,BEACHVIEW AVENUE,MALDEN,Good,Rolling Terrain,,Grown from Prior Year HPMS Network,,99,0,0,,,Major Collector
5593599,MALDEN,5/30/25,Property damage only (none injured),Open,7:15 PM,2025,No Apparent Injury (O),2,Local police,,18-20,25-34,,,07:00PM to 07:59PM,"D1: (No improper driving)  / D2: (Unknown),(Failed to yield right of way) ",,Collision with motor vehicle in traffic,Yes,Daylight,Angle,4,,,, PW20254640529,Dry,Four-way intersection,MAPC,0,0,Stop signs,"Two-way, not divided",V1: Travelling straight ahead / V2: Slowing or stopped in traffic,V1:(Passenger car) / V2:(Passenger car),V1:(No) / V2:(No),V1:(No) / V2:(No),V1: W  / V2: S,Clear/Clear,MIDDLESEX,25000421,"V1:(No, not federally reportable) / V2:(No, not federally reportable)","No, not federally reportable",Roadway,At Intersection,No hit and run,,V1:(Collision with motor vehicle in traffic) / V2:(Collision with motor vehicle in traffic),None,"No, school bus not involved",25,Not reported, V1:(Collision with motor vehicle in traffic) V2:(Collision with motor vehicle in traffic),No,,,,,,,,235912.3753,907716.1249,42.41913611,-71.06365213,, CROSS ST Rte W  / HIGH ST Rte S,,,,,,,,,,,2818,2020,0.21,137,0,17,Both sides,City or Town accepted road,,9,9,0,No Shoulder,30,Bituminous concrete road,0,No Shoulder,2,0,0,None,Large Urbanized Area,Urban collector or rural minor collector,Boston (MA-NH-RI),,Mainline roadway,Two-way traffic,No Access Control,,99,CROSS STREET,MAIN STREET,BRYANT STREET,MALDEN,Good,Level Terrain,,Grown from Prior Year HPMS Network,,99,0,0,,,Major Collector
5593600,MALDEN,5/30/25,Unknown,Open,1:31 PM,2025,Not reported,1,Local police,,,,,,01:00PM to 01:59PM,,,Collision with parked motor vehicle,Yes,Unknown,Unknown,4,,,, PW20254640523,Unknown,Not at junction,MAPC,0,0,No controls,"Two-way, not divided",V1: Parked,V1:(Passenger car),V1:(No),V1:(No),V1: U,Unknown,MIDDLESEX,25000418,"V1:(No, not federally reportable)","No, not federally reportable",Shoulder - paved,At Address,"Yes, hit and run",,V1:(Collision with motor vehicle in traffic),None,"No, school bus not involved",25,"No, device not functioning", V1:(Collision with motor vehicle in traffic),No,,,,,,,,238819.1434,909570.4164,42.43569008,-71.02820995,1244, SALEM ST Rte W, CENTRAL AVE Rte,,,,,,,,,,2835,2020,0.21,139,0,17,Both sides,City or Town accepted road,,8,8,0,No Shoulder,32,Bituminous concrete road,0,No Shoulder,2,0,0,None,Large Urbanized Area,Urban collector or rural minor collector,Boston (MA-NH-RI),,Mainline roadway,Two-way traffic,No Access Control,,99,SALEM STREET,MAIN STREET ,,MALDEN,Good,Level Terrain,,Grown from Prior Year HPMS Network,,99,0,0,,,Major Collector
5593603,MALDEN,5/31/25,Unknown,Open,3:57 PM,2025,Not reported,1,Local police,,,,,,03:00PM to 03:59PM,,,Collision with parked motor vehicle,Yes,Daylight,Unknown,4,,,, PW20254640528,Dry,Not at junction,MAPC,0,0,No controls,"Two-way, not divided",V1: Parked,V1:(Passenger car),V1:(No),V1:(No),V1: W,Clear,MIDDLESEX,25000429,"V1:(No, not federally reportable)","No, not federally reportable",Roadway,At Address,"Yes, hit and run",,V1:(Collision with parked motor vehicle),Unknown,"No, school bus not involved",25,Not reported, V1:(Collision with parked motor vehicle),No,,,,,,,,234639.1068,907921.6063,42.42104356,-71.07911021,63, EMERALD ST Rte W,,,,,,,,,,,1154,,,,,,Both sides,City or Town accepted road,,8,9,0,No Shoulder,28,Bituminous concrete road,0,No Shoulder,2,0,0,None,Large Urbanized Area,Local,Boston (MA-NH-RI),,Mainline roadway,Two-way traffic,No Access Control,,,EMERALD STREET,FELLSWAY,DEAD END,MALDEN,Good,Level Terrain,,,,,0,0,,,Local
5593604,MALDEN,6/1/25,Non-fatal injury,Open,9:33 PM,2025,Possible Injury (C),1,Local police,,55-64,55-64,,,09:00PM to 09:59PM,"D1: (Swerving or avoiding due to wind, slippery surface, vehicle, object, vulnerable user in roadway) ",D1: Not Distracted,Collision with other light pole or other post/support,Yes,Dark - lighted roadway,Single vehicle crash,4,,,, PW20254640530,Dry,Four-way intersection,MAPC,0,1,Traffic control signal,"Two-way, divided, unprotected median",V1: Travelling straight ahead,V1:(Passenger car),V1:(No),V1:(No),V1: E,Clear/Clear,MIDDLESEX,25000428,"V1:(No, not federally reportable)","No, not federally reportable",Median,At Intersection,No hit and run,,V1:(Collision with light pole or other post/support),None,"No, school bus not involved",25,"Yes, device functioning", V1:(Collision with light  pole or other post/support),No,,,,,,,,235774.8904,908400.4373,42.42530297,-71.06528021,, CENTRE ST Rte E  / FERRY ST Rte S,,,,,,,,,,,14739,2020,0.558,679,0.155,162,Both sides,City or Town accepted road,,0,8,0,No Shoulder,22,Bituminous concrete road,0,No Shoulder,2,2,5,Raised Median,Large Urbanized Area,Rural minor arterial or urban principal arterial,Boston (MA-NH-RI),,Mainline roadway,Two-way traffic,No Access Control,,30,CENTRE STREET,PLEASANT STREET,EASTERN AVENUE,MALDEN,Good,Level Terrain,,Pulled back from HPMS network estimation routine,,0,0,0,,,Principal Arterial - Other
5593605,MALDEN,5/27/25,Property damage only (none injured),Open,11:55 AM,2025,No Apparent Injury (O),2,Local police,,21-24,21-24,,,11:00AM to 11:59AM,D1: (No improper driving)  / D2: (Inattention) ,D1: Not Distracted / D2: Not Distracted,Collision with motor vehicle in traffic,Yes,Daylight,Angle,4,,,, PW20254640534,Dry,Four-way intersection,MAPC,0,0,Traffic control signal,"Two-way, not divided",V1: Travelling straight ahead / V2: Turning left,"V1:(Light truck(van, mini-van, pickup, sport utility)) / V2:(Light truck(van, mini-van, pickup, sport utility))",V1:(No) / V2:(No),"V1:(Yes, vehicle or trailer disabled) / V2:(Yes, vehicle or trailer disabled)",V1: E  / V2: S,Clear,MIDDLESEX,25000409,"V1:(No, not federally reportable) / V2:(No, not federally reportable)","No, not federally reportable",Roadway,At Intersection,No hit and run,,V1:(Collision with motor vehicle in traffic) / V2:(Collision with motor vehicle in traffic),None,"No, school bus not involved",25,"Yes, device functioning", V1:(Collision with motor vehicle in traffic) V2:(Collision with motor vehicle in traffic),No,,,,,,,,237835.2343,908965.1871,42.43028988,-71.04020735,, BROADWAY Rte S  / EASTERN AV Rte E,,,,,,,,,,,24974,2020,0.33,974,0.105,275,Both sides,City or Town accepted road,,10,10,0,No Shoulder,44,Bituminous concrete road,0,No Shoulder,2,0,0,None,Large Urbanized Area,Rural minor arterial or urban principal arterial,Boston (MA-NH-RI),,Mainline roadway,Two-way traffic,No Access Control,,30,BROADWAY,EVERETT CITY LINE,MELROSE CITY LINE,MALDEN,Good,Level Terrain,,Grown from Prior Year HPMS Network,,30,0,0,,,Principal Arterial - Other
5593607,MALDEN,6/1/25,Unknown,Open,12:47 PM,2025,Not reported,1,Local police,,,,,,12:00PM to 12:59PM,,,Unknown,Yes,Unknown,Unknown,4,,,, PW20254640543,Unknown,Unknown,MAPC,0,0,Unknown,Unknown,V1: Parked,"V1:(Light truck(van, mini-van, pickup, sport utility))",V1:(No),V1:(No),V1: Not Reported,Unknown/Unknown,MIDDLESEX,25000427,"V1:(No, not federally reportable)","No, not federally reportable",Unknown,At Address,"Yes, hit and run",,V1:(Unknown),Unknown,"No, school bus not involved",25,"No, device not functioning",,No,,,,,,,,237813.2808,909373.3596,42.43396552,-71.04044741,852, SALEM ST Rte E,,,,,,,,,,,12071,2020,0.477,592,0.068,72,Both sides,City or Town accepted road,,10,9,0,No Shoulder,41,Bituminous concrete road,0,No Shoulder,2,0,0,None,Large Urbanized Area,Urban minor arterial or rural major collector,Boston (MA-NH-RI),,Mainline roadway,Two-way traffic,No Access Control,,30,SALEM STREET,MAIN STREET ,,MALDEN,Good,Level Terrain,,Grown from Prior Year HPMS Network,,30,0,0,,,Minor Arterial
5593610,MALDEN,6/1/25,Unknown,Open,8:30 AM,2025,Not reported,1,Local police,,,,,,08:00AM to 08:59AM,,,Collision with parked motor vehicle,Yes,Daylight,"Sideswipe, same direction",4,,,, PW20254640539,Dry,Not at junction,MAPC,0,0,No controls,"Two-way, divided, unprotected median",V1: Parked,V1:(Passenger car),V1:(No),V1:(No),V1: S,Cloudy/Clear,MIDDLESEX,25000425,"V1:(No, not federally reportable)","No, not federally reportable",Unknown,At Address,"Yes, hit and run",,V1:(Collision with parked motor vehicle),None,"No, school bus not involved",25,"No, device not functioning",,No,,,,,,,,235042.506,908857.7088,42.42945283,-71.07415191,80, SUMMER ST Rte S,,,,,,,,,,,2709,2020,0.21,131,0,16,Both sides,City or Town accepted road,,10,8,0,No Shoulder,32,Bituminous concrete road,0,No Shoulder,2,0,0,None,Large Urbanized Area,Urban collector or rural minor collector,Boston (MA-NH-RI),,Mainline roadway,Two-way traffic,No Access Control,,99,SUMMER STREET,PLEASANT STREET,DEAD END,MALDEN,Fair,Level Terrain,,Grown from Prior Year HPMS Network,,99,0,0,,,Major Collector
5593616,MALDEN,5/30/25,Property damage only (none injured),Open,6:20 PM,2025,Unknown,1,Local police,,45-54,45-54,,,06:00PM to 06:59PM,D1: (Unknown) ,,Collision with unknown fixed object,Yes,Daylight,Single vehicle crash,4,,,, PW20254640526,Dry,Not at junction,MAPC,0,0,No controls,"Two-way, not divided",V1: Backing,V1:(Passenger car),V1:(No),V1:(No),V1: S,Cloudy,MIDDLESEX,25000420,"V1:(No, not federally reportable)","No, not federally reportable",Outside roadway,At Address,"Yes, hit and run",,V1:(Collision with fence),Unknown,"No, school bus not involved",5,Not reported, V1:(Collision with fence),No,,,,,,,,237737.4768,908597.237,42.42698215,-71.04141937,114, BROADWAY Rte S,,,,,,,,,,,20559,2020,0.33,801,0.105,224,Both sides,City or Town accepted road,,6,6,0,No Shoulder,46,Bituminous concrete road,0,No Shoulder,4,0,0,None,Large Urbanized Area,Rural minor arterial or urban principal arterial,Boston (MA-NH-RI),,Mainline roadway,Two-way traffic,No Access Control,,35,BROADWAY,EVERETT CITY LINE,MELROSE CITY LINE,MALDEN,Good,Level Terrain,,Grown from Prior Year HPMS Network,,35,0,0,,,Principal Arterial - Other
5593618,MALDEN,5/18/25,Property damage only (none injured),Open,3:38 AM,2025,No Apparent Injury (O),1,Local police,,21-24,21-24,,,03:00AM to 03:59AM,D1: (Unknown) ,,Collision with curb,Yes,Dark - lighted roadway,Single vehicle crash,4,,,, PW20254640499,Dry,Not at junction,MAPC,0,0,No controls,"Two-way, not divided",V1: Travelling straight ahead,"V1:(Light truck(van, mini-van, pickup, sport utility))",V1:(No),"V1:(Yes, vehicle or trailer disabled)",V1: N,Clear,MIDDLESEX,25000394,"V1:(No, not federally reportable)","No, not federally reportable",Roadside,At Address,No hit and run,,V1:(Collision with curb),None,"No, school bus not involved",25,Not reported, V1:(Collision with curb),No,,,,,,,,238378.4341,909864.8247,42.43836231,-71.03354646,503, BROADWAY Rte N,,,,,,,,,,,25097,2020,0.33,977,0.105,276,Right side only,City or Town accepted road,,0,10,0,No Shoulder,16,Bituminous concrete road,0,No Shoulder,1,1,10,Unprotected,Large Urbanized Area,Rural minor arterial or urban principal arterial,Boston (MA-NH-RI),,Mainline roadway,Two-way traffic,No Access Control,,30,BROADWAY,EVERETT CITY LINE,MELROSE CITY LINE,MALDEN,Good,Level Terrain,,Grown from Prior Year HPMS Network,,0,0,0,,,Principal Arterial - Other
5595510,MALDEN,11/11/25,Property damage only (none injured),Open,4:12 PM,2025,No Apparent Injury (O),2,State police,A,25-34,35-44,,,04:00PM to 04:59PM,D1: (Exceeded authorized speed limit)  / D2: (No improper driving) ,D1: Not Distracted / D2: Not Distracted,Collision with motor vehicle in traffic,Yes,Daylight,Head-on,4,,,, PW20254642635,Dry,Four-way intersection,MAPC,0,0,Traffic control signal,"Two-way, not divided",V1: Travelling straight ahead / V2: Turning left,V1:(Passenger car) / V2:(Passenger car),V1:(No) / V2:(No),"V1:(Yes, vehicle or trailer disabled) / V2:(Yes, vehicle or trailer disabled)",V1: E  / V2: W,Clear/Clear,MIDDLESEX, 2025-ATrp-10823,"V1:(No, not federally reportable) / V2:(No, not federally reportable)","No, not federally reportable",Roadway,At Intersection,No hit and run,,V1:(Collision with motor vehicle in traffic) / V2:(Collision with motor vehicle in traffic),None,"No, school bus not involved",30,"Yes, device functioning", V1:(Collision with motor vehicle in traffic) V2:(Collision with motor vehicle in traffic),No,,,,,,,,233981.0781,908136.3751,42.42300598,-71.08709296,, FELLSWAY Rte    / WICKLOW ST Rte,,,,,,,,,,,,,,,,,Both sides,Department of Conservation and Recreation,,0,5,2,Hardened bituminous mix or penetration,36,Bituminous concrete road,0,No Shoulder,3,2,8,Positive Barrier – semi-rigid,Large Urbanized Area,Rural minor arterial or urban principal arterial,Boston (MA-NH-RI),,Mainline roadway,Two-way traffic,Partial Access Control,,30,FELLSWAY,WICKLOW STREET,MEDFORD CITY LINE,MALDEN,Good,Level Terrain,,,,0,0,0,,,Principal Arterial - Other
5597498,MALDEN,6/2/25,Non-fatal injury,Open,6:31 PM,2025,Suspected Minor Injury (B),2,Local police,,16-17,25-34,,,06:00PM to 06:59PM,"D1: (Operating vehicle in erratic, reckless, careless, negligent or aggressive manner)  / D2: (No improper driving) ","D1: Other activity (searching, eating, personal hygiene, etc.) / D2: Not Distracted",Collision with motor vehicle in traffic,Yes,Daylight,Head-on,4,,,, PW20254644764,Dry,T-intersection,MAPC,0,1,No controls,"Two-way, not divided",V1: Travelling straight ahead / V2: Travelling straight ahead,V1:(Motorcycle) / V2:(Passenger car),V1:(No) / V2:(No),"V1:(Yes, vehicle or trailer disabled) / V2:(No)",V1: S  / V2: N,Clear,MIDDLESEX,25000434,"V1:(No, not federally reportable) / V2:(No, not federally reportable)","No, not federally reportable",Roadway,At Intersection,No hit and run,,V1:(Collision with motor vehicle in traffic) / V2:(Collision with motor vehicle in traffic),None,"No, school bus not involved",30,"Yes, device functioning", V1:(Collision with motor vehicle in traffic) V2:(Collision with motor vehicle in traffic),No,,,,,,,,235977.2344,908410.8127,42.42538707,-71.06282082,, EASTERN AV Rte W  / WYETH ST Rte S,,,,,,,,,,,23152,2009,2,2,1,1,Both sides,City or Town accepted road,,7,6,0,No Shoulder,0,Bituminous concrete road,0,No Shoulder,1,1,0,None,Large Urbanized Area,Rural minor arterial or urban principal arterial,Boston (MA-NH-RI),,Mainline roadway,One-way traffic,No Access Control,,99,EASTERN AVENUE,MAIN STREET,LYNN STREET,MALDEN,Good,Level Terrain,,Calculated from Partial Counts,8359,99,0,0,,,Principal Arterial - Other