Crash Number,City Town Name,Crash Date,Crash Severity,Crash Status,Crash Time,Crash Year,Max Injury Severity Reported,Number of Vehicles,Police Agency Type,State Police Troop,Age of Driver - Youngest Known,Age of Driver - Oldest Known,Age of Vulnerable User - Youngest Known,Age of Vulnerable User - Oldest Known,Crash Hour,Driver Contributing Circumstances (All Drivers),Driver Distracted By (All Vehicles),First Harmful Event,Is Geocoded,Light Conditions,Manner of Collision,MassDOT District,Vulnerable User Action (All Persons),Vulnerable User Location (All Persons),Vulnerable User Type (All Persons),RMV Document Numbers,Road Surface Condition,Roadway Junction Type,RPA Abbreviation,Total Fatalities,Total Non-Fatal Injuries,Traffic Control Device Type,Trafficway Description,Vehicle Actions Prior to Crash (All Vehicles),Vehicle Configuration (All Vehicles),Vehicle Emergency Use (All Vehicles),Vehicle Towed From Scene (All Vehicles),Vehicle Travel Directions (All Vehicles),Weather Conditions,County Name,Crash Report IDs,FMCSA Reportable (All Vehicles),FMCSA Reportable (Crash),First Harmful Event Location,Geocoding Method,Hit and Run,Locality,Most Harmful Event (All Vehicles),Road Contributing Circumstance,School Bus Related,Speed Limit,Traffic Control Device Function,Vehicle Sequence of Events (All Vehicles),Work Zone Related,Vulnerable User Sequence of Events (All Persons),Vulnerable User Distracted By (All Persons),Vulnerable User Traffic Control Type (All persons),Vulnerable User Origin Destination (All Persons),Vulnerable User Contributing Circumstances (All Persons),Vulnerable User Alcohol Suspected Type (All Persons),Vulnerable User Drug Suspected Type (All Persons),X,Y,Latitude,Longitude,Street Number,Roadway,Near Intersection Roadway,Distance and Direction From Intersection,Milemarker,Milemarker Route,Distance and Direction From Milemarker,Exit Number,Exit Route,Distance and Direction From Exit,Landmark,Distance and Direction From Landmark,AADT-linked RD,AADT Year-linked RD,Peak % Single Unit Trucks-linked RD,Single-Unit Truck and Bus AADT-linked RD,Peak % Combo Trucks-linked RD,Combination Truck AADT-linked RD,Curb-linked RD-linked RD,Jurisdiction-linked RD,Truck Route-linked RD,Left Sidewalk Width-linked RD,Right Sidewalk Width-linked RD,Left Shoulder Width-linked RD,Left Shoulder Type-linked RD,Surface Width-linked RD,Surface Type-linked RD,Right Shoulder Width-linked RD,Right Shoulder Type-linked RD,Number of Travel Lanes-linked RD,Number of Opposing Travel Lanes-linked RD,Median Width-linked RD,Median Type-linked RD,Urban Type-linked RD,Functional Classification-linked RD,Urbanized Area-linked RD,Federal Aid Route Number-linked RD,Facility Type-linked RD,Street Operation-linked RD,Access Control-linked RD,Number of Peak Hour Lanes-linked RD,Speed Limit-linked RD,Street Name-linked RD,From Street Name-linked RD,To Street Name-linked RD,City-linked RD-linked RD,Structural Condition-linked RD,Terrain-linked RD,Urban Location Type-linked RD,AADT Derivation-linked RD,AADT Station Number-linked RD,Opposing Direction Speed Limit-linked RD,Undivided Left Shoulder Type-linked RD,Undivided Left Shoulder Width-linked RD,Truck Exclusion Type-linked RD,Truck Exclusion Time-linked RD,Federal Functional Classification-linked RD
5597499,MALDEN,6/3/25,Property damage only (none injured),Open,1:47 PM,2025,No Apparent Injury (O),2,Local police,,25-34,25-34,,,01:00PM to 01:59PM,D1: (No improper driving)  / D2: (Inattention) ,D1: Not Distracted / D2: Not Distracted,Collision with motor vehicle in traffic,Yes,Daylight,"Sideswipe, opposite direction",4,,,, PW20254644765,Dry,T-intersection,MAPC,0,0,No controls,"Two-way, not divided",V1: Travelling straight ahead / V2: Making U-turn,V1:(Passenger car) / V2:(Passenger car),V1:(No) / V2:(No),V1:(No) / V2:(No),V1: E  / V2: W,Clear,MIDDLESEX,25000437,"V1:(No, not federally reportable) / V2:(No, not federally reportable)","No, not federally reportable",Roadway,At Intersection,No hit and run,,V1:(Collision with motor vehicle in traffic) / V2:(Collision with motor vehicle in traffic),None,"No, school bus not involved",30,"Yes, device functioning", V1:(Collision with motor vehicle in traffic) V2:(Collision with motor vehicle in traffic),No,,,,,,,,238646.828,909885.8749,42.43853855,-71.03028304,, CENTRAL AV Rte E  / WINCHESTER Rte S,,,,,,,,,,,2836,2020,0.21,139,0,17,Both sides,City or Town accepted road,,6,6,0,No Shoulder,36,Bituminous concrete road,0,No Shoulder,2,0,0,None,Large Urbanized Area,Urban collector or rural minor collector,Boston (MA-NH-RI),,Mainline roadway,Two-way traffic,No Access Control,,99,CENTRAL AVENUE,SALEM STREET,BROADWAY,MALDEN,Good,Level Terrain,,Grown from Prior Year HPMS Network,,99,0,0,,,Major Collector
5597502,MALDEN,6/2/25,Property damage only (none injured),Open,11:50 AM,2025,No Apparent Injury (O),2,Local police,,65-74,65-74,,,11:00AM to 11:59AM,D1: (Unknown) ,,Collision with other movable object,Yes,Daylight,Rear-end,4,,,, PW20254644768,Dry,Not at junction,MAPC,0,0,No controls,"Two-way, not divided",V1: Travelling straight ahead / V2: Parked,V1:(Passenger car) / V2:(Passenger car),V1:(No) / V2:(No),"V1:(Yes, vehicle or trailer disabled) / V2:(No)",V1: E  / V2: Not Reported,Clear,MIDDLESEX,25000430,"V1:(No, not federally reportable) / V2:(No, not federally reportable)","No, not federally reportable",Outside roadway,Operator Designated,No hit and run,,V1:(Collision with other movable object) / V2:(Collision with motor vehicle in traffic),None,"No, school bus not involved",25,"Yes, device functioning"," V1:(Collision with other movable object),(Collision with parked motor vehicle) V2:(Collision with motor vehicle in traffic)",No,,,,,,,,237680.6912,908392.3346,42.42514026,-71.04212277,, BROADWAY Rte SR99 S, HADLEY STREET,350 feet N  of,,,,,,,,,20559,2020,0.33,801,0.105,224,Both sides,City or Town accepted road,,6,6,0,No Shoulder,46,Bituminous concrete road,0,No Shoulder,4,0,0,None,Large Urbanized Area,Rural minor arterial or urban principal arterial,Boston (MA-NH-RI),,Mainline roadway,Two-way traffic,No Access Control,,35,BROADWAY,EVERETT CITY LINE,MELROSE CITY LINE,MALDEN,Good,Level Terrain,,Grown from Prior Year HPMS Network,,35,0,0,,,Principal Arterial - Other
5597505,MALDEN,6/7/25,Property damage only (none injured),Open,10:41 AM,2025,No Apparent Injury (O),1,Local police,,35-44,35-44,65-74,65-74,10:00AM to 10:59AM,D1: (Unknown) ,,Collision with cyclist,Yes,Daylight,Single vehicle crash,4," VU2: Walking, running or cycling", VU2: Sidewalk, VU2: Bicyclist, PW20254644775,Dry,T-intersection,MAPC,0,0,No controls,"Two-way, not divided",V1: Turning right,V1:(Passenger car),V1:(No),V1:(No),V1: N,Cloudy,MIDDLESEX,25000447,"V1:(No, not federally reportable)","No, not federally reportable",Roadway,At Intersection,No hit and run,,"V1:(Collision with cyclist (bicycle, tricycle, unicycle, pedal car))",None,"No, school bus not involved",25,"Yes, device functioning", V1:(Collision with cyclist),No, VU2:(Traveling straight ahead),,,,,,,236225.2032,908939.4998,42.4301351,-71.05977451,, SALEM PL Rte N  / SALEM ST Rte E,,,,,,,,,,,1154,,,,,,Both sides,City or Town accepted road,,0,0,0,No Shoulder,14,Surface-treated road,0,No Shoulder,1,0,0,None,Large Urbanized Area,Local,Boston (MA-NH-RI),,Mainline roadway,Two-way traffic,No Access Control,,,SALEM PLACE,SALEM STREET,DEAD END,MALDEN,Fair,Rolling Terrain,,,,,0,0,,,Local
5597507,MALDEN,6/6/25,Property damage only (none injured),Open,2:06 PM,2025,No Apparent Injury (O),2,Local police,,35-44,55-64,,,02:00PM to 02:59PM,"D1: (Unknown),(Unknown)  / D2: (Unknown),(Unknown) ",D1: Not Distracted,Collision with motor vehicle in traffic,Yes,Daylight,Head-on,4,,,, PW20254644774,Dry,T-intersection,MAPC,0,0,No controls,"Two-way, not divided",V1: Turning left / V2: Travelling straight ahead,"V1:(Light truck(van, mini-van, pickup, sport utility)) / V2:(Light truck(van, mini-van, pickup, sport utility))",V1:(No) / V2:(No),"V1:(No) / V2:(Yes, vehicle or trailer disabled)",V1: W  / V2: N,Clear/Clear,MIDDLESEX,25000445,"V1:(No, not federally reportable) / V2:(No, not federally reportable)","No, not federally reportable",Roadway,At Intersection,No hit and run,,V1:(Collision with motor vehicle in traffic) / V2:(Collision with motor vehicle in traffic),None,"No, school bus not involved",25,"Yes, device functioning", V1:(Collision with motor vehicle in traffic) V2:(Collision with motor vehicle in traffic),No,,,,,,,,235270.0313,908937.4374,42.43016033,-71.07138213,, MOUNTAIN AV Rte N  / WASHINGTON ST Rte W  / MOUNT AND WASHINGTON Rte E,,,,,,,,,,,2766,2020,0.21,134,0,17,Both sides,City or Town accepted road,,9,9,0,No Shoulder,30,Bituminous concrete road,0,No Shoulder,2,0,0,None,Large Urbanized Area,Urban collector or rural minor collector,Boston (MA-NH-RI),,Mainline roadway,Two-way traffic,No Access Control,,99,MOUNTAIN AVENUE,EVERETT STREET ,MOUNT VERNON STREET,MALDEN,Good,Level Terrain,,Grown from Prior Year HPMS Network,,99,0,0,,,Major Collector
5597509,MALDEN,6/3/25,Non-fatal injury,Open,5:58 AM,2025,Suspected Minor Injury (B),2,Local police,,21-24,45-54,,,05:00AM to 05:59AM,"D1: (No improper driving)  / D2: (Inattention),(Followed too closely) ",,Collision with motor vehicle in traffic,Yes,Daylight,Rear-end,4,,,, PW20254644777,Dry,Not at junction,MAPC,0,1,No controls,"Two-way, divided, unprotected median",V1: Slowing or stopped in traffic / V2: Travelling straight ahead,V1:(Passenger car) / V2:(Passenger car),V1:(No) / V2:(No),"V1:(Yes, vehicle or trailer disabled) / V2:(Yes, vehicle or trailer disabled)",V1: N  / V2: N,Clear,MIDDLESEX,25000435,"V1:(No, not federally reportable) / V2:(No, not federally reportable)","No, not federally reportable",Roadway,At Address,No hit and run,,V1:(Collision with motor vehicle in traffic) / V2:(Collision with motor vehicle in traffic),Traffic congestion related,"No, school bus not involved",30,Not reported, V1:(Collision with motor vehicle in traffic) V2:(Collision with motor vehicle in traffic),No,,,,,,,,237862.733,909065.0255,42.43118734,-71.03986663,231, BROADWAY Rte N,,,,,,,,,,,24974,2020,0.33,974,0.105,275,Both sides,City or Town accepted road,,10,10,0,No Shoulder,44,Bituminous concrete road,0,No Shoulder,2,0,0,None,Large Urbanized Area,Rural minor arterial or urban principal arterial,Boston (MA-NH-RI),,Mainline roadway,Two-way traffic,No Access Control,,30,BROADWAY,EVERETT CITY LINE,MELROSE CITY LINE,MALDEN,Good,Level Terrain,,Grown from Prior Year HPMS Network,,30,0,0,,,Principal Arterial - Other
5597510,MALDEN,6/9/25,Unknown,Open,12:16 PM,2025,Not reported,2,Local police,,,,,,12:00PM to 12:59PM,,,Collision with parked motor vehicle,Yes,Daylight,Unknown,4,,,, PW20254644776,Dry,Not at junction,MAPC,0,0,No controls,"Two-way, not divided",V1: Parked / V2: Unknown,V1:(Motorcycle) / V2:(Passenger car),V1:(No) / V2:(No),V1:(No) / V2:(No),V1: N  / V2: N,Cloudy,MIDDLESEX,25000449,"V1:(No, not federally reportable) / V2:(No, not federally reportable)","No, not federally reportable",Outside roadway,At Address,"Yes, hit and run",,V1:(Collision with motor vehicle in traffic) / V2:(Collision with parked motor vehicle),None,"No, school bus not involved",25,"Yes, device functioning", V1:(Collision with motor vehicle in traffic) V2:(Collision with parked motor vehicle),No,,,,,,,,235858.4833,908262.7729,42.4240598,-71.06427299,140, FERRY ST Rte N,,,,,,,,,,,7281,2020,0.477,356,0.068,44,Both sides,City or Town accepted road,,8,8,0,No Shoulder,44,Bituminous concrete road,0,No Shoulder,2,0,0,None,Large Urbanized Area,Urban minor arterial or rural major collector,Boston (MA-NH-RI),,Mainline roadway,Two-way traffic,No Access Control,,30,FERRY STREET,EVERETT CITY LINE,MAIN STREET,MALDEN,Good,Level Terrain,,Grown from Prior Year HPMS Network,,30,0,0,,,Minor Arterial
5597511,MALDEN,6/6/25,Non-fatal injury,Open,7:39 AM,2025,Suspected Minor Injury (B),1,Local police,,45-54,45-54,15-Jun,15-Jun,07:00AM to 07:59AM,D1: (Unknown) ,,Collision with pedestrian,Yes,Daylight,Single vehicle crash,4, VU2: Entering or crossing location, VU2: Non-intersection crosswalk, VU2: Non-Motorized Scooter Rider, PW20254644778,Dry,Not at junction,MAPC,0,1,No controls,"One-way, not divided",V1: Travelling straight ahead,V1:(Passenger car),V1:(No),V1:(No),V1: N,Cloudy,MIDDLESEX,25000443,"V1:(No, not federally reportable)","No, not federally reportable",Roadway,Operator Designated,No hit and run,,V1:(Collision with pedestrian),Unknown,"No, school bus not involved",25,Not reported, V1:(Collision with pedestrian),No, VU2:(Crossing Roadway),,,,,,,236535.4499,908894.2889,42.42971361,-71.05600717,, FAULKNER STREET, RAILROAD AVENUE,100 feet S  of,,,,,,,,,1154,,,,,,Both sides,City or Town accepted road,,7,7,0,No Shoulder,24,Bituminous concrete road,0,No Shoulder,2,0,0,None,Large Urbanized Area,Local,Boston (MA-NH-RI),,Mainline roadway,One-way traffic,No Access Control,,,FAULKNER STREET,CROSS STREET,SALEM STREET,MALDEN,Good,Level Terrain,,,,,0,0,,,Local
5597512,MALDEN,6/4/25,Property damage only (none injured),Open,3:01 PM,2025,No Apparent Injury (O),1,Local police,,35-44,35-44,,,03:00PM to 03:59PM,,,Collision with parked motor vehicle,Yes,Daylight,Unknown,4,,,, PW20254644773,Dry,Not at junction,MAPC,0,0,No controls,"Two-way, not divided",V1: Parked,"V1:(Light truck(van, mini-van, pickup, sport utility))",V1:(No),V1:(No),V1:,Clear,MIDDLESEX,25000439,"V1:(No, not federally reportable)","No, not federally reportable",Outside roadway,At Address,"Yes, hit and run",,V1:(Collision with motor vehicle in traffic),None,"No, school bus not involved",5,Not reported, V1:(Collision with motor vehicle in traffic),No,,,,,,,,236701.3406,910032.6257,42.4399537,-71.0539189,74, SYLVAN ST Rte 6,,,,,,,,,,,7284,2020,0.21,358,0,43,Both sides,City or Town accepted road,,7,7,0,No Shoulder,25,Bituminous concrete road,0,No Shoulder,2,0,0,None,Large Urbanized Area,Urban collector or rural minor collector,Boston (MA-NH-RI),,Mainline roadway,Two-way traffic,No Access Control,,99,SYLVAN STREET,LEBANON STREET,FOREST STREET,MALDEN,Good,Level Terrain,,Grown from Prior Year HPMS Network,,99,0,0,,,Major Collector
5597513,MALDEN,6/10/25,Non-fatal injury,Open,9:06 AM,2025,Suspected Minor Injury (B),1,Local police,,45-54,45-54,15-Jun,25-34,09:00AM to 09:59AM,"D1: (Unknown),(Unknown) ",,Collision with pedestrian,Yes,Daylight,Head-on,4,,, VU2: Non-Motorized Scooter Rider / VU3: Non-Motorized Scooter Rider, PW20254644779,Dry,Not at junction,MAPC,0,1,Traffic control signal,"Two-way, divided, positive median barrier",V1: Travelling straight ahead,"V1:(Light truck(van, mini-van, pickup, sport utility))",V1:(No),V1:(No),V1: E,Clear/Clear,MIDDLESEX,25000452,"V1:(No, not federally reportable)","No, not federally reportable",Roadway,Off Intersection,No hit and run,,V1:(Collision with pedestrian),Unknown,"No, school bus not involved",25,"Yes, device functioning", V1:(Collision with pedestrian),No, VU2:(Crossing Roadway) VU3:(Crossing Roadway),,, VU2: Other / VU3: Other,,,,235572.8125,908388.375,42.42520363,-71.06773647,120, CENTRE ST Rte E, MAIN ST Rte,,,,,,,,STOP AND SHOP,,14589,2020,0.558,671,0.155,161,Both sides,City or Town accepted road,,0,8,0,No Shoulder,22,Bituminous concrete road,0,No Shoulder,2,2,5,Raised Median,Large Urbanized Area,Rural minor arterial or urban principal arterial,Boston (MA-NH-RI),,Mainline roadway,Two-way traffic,No Access Control,,30,CENTRE STREET,PLEASANT STREET,EASTERN AVENUE,MALDEN,Good,Level Terrain,,Pulled back from HPMS network estimation routine,,0,0,0,,,Principal Arterial - Other
5597514,MALDEN,6/3/25,Unknown,Open,4:59 PM,2025,Not reported,1,Local police,,,,,,04:00PM to 04:59PM,,,Collision with parked motor vehicle,Yes,Unknown,Unknown,4,,,, PW20254644780,Dry,Not at junction,MAPC,0,0,No controls,"Two-way, not divided",V1: Parked,V1:(Passenger car),V1:(No),V1:(No),V1: U,Clear,MIDDLESEX,25000438,"V1:(No, not federally reportable)","No, not federally reportable",Roadway,At Address,"Yes, hit and run",,V1:(Collision with parked motor vehicle),None,"No, school bus not involved",25,Not reported, V1:(Collision with parked motor vehicle),No,,,,,,,,235923.2314,908972.6215,42.43044725,-71.06344208,11, PAGE ST Rte 6,,,,,,,,,,,,,,,,,,,,,,,,,,,,,,,,,,,,,,,,,,,,,,,,,,,,,,,
5597515,MALDEN,6/2/25,Property damage only (none injured),Open,12:33 PM,2025,No Apparent Injury (O),1,Local police,,65-74,65-74,,,12:00PM to 12:59PM,D1: (No improper driving) ,D1: Not Distracted,Collision with cyclist,Yes,Daylight,Single vehicle crash,4,,,, PW20254644784,Dry,Not at junction,MAPC,0,0,No controls,"Two-way, not divided",V1: Slowing or stopped in traffic,V1:(Passenger car),V1:(No),V1:(No),V1: W,Clear,MIDDLESEX,25000431,"V1:(No, not federally reportable)","No, not federally reportable",Roadway,At Address,No hit and run,,"V1:(Collision with cyclist (bicycle, tricycle, unicycle, pedal car))",None,"No, school bus not involved",30,"Yes, device functioning", V1:(Collision with cyclist),No,,,,,,,,235932.2477,909069.2793,42.431317,-71.0633265,240, MOUNTAIN AV Rte W,,,,,,,,,,,2766,2020,0.21,134,0,17,Both sides,City or Town accepted road,,9,9,0,No Shoulder,30,Bituminous concrete road,0,No Shoulder,2,0,0,None,Large Urbanized Area,Urban collector or rural minor collector,Boston (MA-NH-RI),,Mainline roadway,Two-way traffic,No Access Control,,99,MOUNTAIN AVENUE,EVERETT STREET ,MOUNT VERNON STREET,MALDEN,Good,Level Terrain,,Grown from Prior Year HPMS Network,,99,0,0,,,Major Collector
5597517,MALDEN,6/10/25,Unknown,Open,12:36 PM,2025,Not reported,1,Local police,,,,,,12:00PM to 12:59PM,,,Collision with motor vehicle in traffic,Yes,Daylight,Rear-end,4,,,, PW20254644783,Wet,Not at junction,MAPC,0,0,No controls,Unknown,V1: Parked,V1:(Passenger car),V1:(No),V1:(No),V1: Not Reported,Rain/Cloudy,MIDDLESEX,25000450,"V1:(No, not federally reportable)","No, not federally reportable",Outside roadway,At Address,"Yes, hit and run",,V1:(Collision with motor vehicle in traffic),Unknown,"No, school bus not involved",25,Not reported, V1:(Collision with motor vehicle in traffic),No,,,,,,,,235276.1614,908202.1732,42.42354082,-71.07135254,99, CHARLES ST Rte 6,,,,,,,,,,,14942,2020,0.477,732,0.068,89,Both sides,City or Town accepted road,,7,7,0,No Shoulder,45,Bituminous concrete road,0,No Shoulder,2,0,0,None,Large Urbanized Area,Urban minor arterial or rural major collector,Boston (MA-NH-RI),,Mainline roadway,Two-way traffic,No Access Control,,99,CHARLES STREET,MAIN STREET,FELLSWAY,MALDEN,Good,Level Terrain,,Grown from Prior Year HPMS Network,,99,0,0,,,Minor Arterial
5597518,MALDEN,6/12/25,Non-fatal injury,Open,8:18 AM,2025,Possible Injury (C),2,Local police,,25-34,25-34,,,08:00AM to 08:59AM,D1: (Unknown)  / D2: (Unknown) ,,Collision with motor vehicle in traffic,Yes,Daylight,Rear-end,4,,,, PW20254644781,Dry,Not at junction,MAPC,0,1,No controls,"Two-way, divided, positive median barrier",V1: Turning right / V2: Travelling straight ahead,V1:(Passenger car) / V2:(Passenger car),V1:(No) / V2:(No),V1:(No) / V2:(No),V1: E  / V2: E,Clear/Clear,MIDDLESEX,25000456,"V1:(No, not federally reportable) / V2:(No, not federally reportable)","No, not federally reportable",Unknown,Operator Designated,No hit and run,,V1:(Collision with motor vehicle in traffic) / V2:(Collision with motor vehicle in traffic),Unknown,"No, school bus not involved",25,"No, device not functioning", V1:(Collision with motor vehicle in traffic) V2:(Collision with motor vehicle in traffic),No,,,,,,,,235700.6663,908383.4587,42.42515352,-71.06618318,, CENTRE STREET Rte SR60 E, RUING COURT,150 feet E  of,,,,,,,,,14739,2020,0.558,679,0.155,162,Both sides,City or Town accepted road,,0,8,0,No Shoulder,22,Bituminous concrete road,0,No Shoulder,2,2,5,Raised Median,Large Urbanized Area,Rural minor arterial or urban principal arterial,Boston (MA-NH-RI),,Mainline roadway,Two-way traffic,No Access Control,,30,CENTRE STREET,PLEASANT STREET,EASTERN AVENUE,MALDEN,Good,Level Terrain,,Pulled back from HPMS network estimation routine,,0,0,0,,,Principal Arterial - Other
5597519,MALDEN,6/10/25,Unknown,Open,11:41 PM,2025,Not reported,1,Local police,,,,,,11:00PM to 11:59PM,,,Collision with parked motor vehicle,Yes,Dark - lighted roadway,Angle,4,,,, PW20254644785,Dry,Not at junction,MAPC,0,0,No controls,"Two-way, not divided",V1: Parked,V1:(Passenger car),V1:(No),V1:(No),V1:,Clear,MIDDLESEX,25000455,"V1:(No, not federally reportable)","No, not federally reportable",Roadway,At Address,"Yes, hit and run",,V1:(Collision with parked motor vehicle),None,"No, school bus not involved",15,"Yes, device functioning", V1:(Collision with parked motor vehicle),No,,,,,,,,235615.9774,908525.3565,42.42643484,-71.06720351,399, MAIN ST Rte N,,,,,,,,,,,10345,2020,0.164,213,0.01,28,Both sides,City or Town accepted road,,0,10,0,No Shoulder,20,Bituminous concrete road,0,No Shoulder,1,1,3,Raised Median,Large Urbanized Area,Rural minor arterial or urban principal arterial,Boston (MA-NH-RI),,Mainline roadway,Two-way traffic,No Access Control,,30,MAIN STREET,MELROSE CITY LINE,EVERETT CITY LINE,MALDEN,Good,Level Terrain,,Pulled back from HPMS network estimation routine,,30,0,0,,,Principal Arterial - Other
5597520,MALDEN,6/4/25,Property damage only (none injured),Open,4:51 PM,2025,No Apparent Injury (O),2,Local police,,18-20,35-44,,,04:00PM to 04:59PM,D1: (Unknown)  / D2: (Unknown) ,,Collision with motor vehicle in traffic,Yes,Daylight,Angle,4,,,, PW20254644787,Dry,Four-way intersection,MAPC,0,0,Stop signs,"Two-way, divided, unprotected median",V1: Travelling straight ahead / V2: Travelling straight ahead,V1:(Passenger car) / V2:(Passenger car),V1:(No) / V2:(No),V1:(No) / V2:(No),V1: S  / V2: W,Clear,MIDDLESEX,25000440,"V1:(No, not federally reportable) / V2:(No, not federally reportable)","No, not federally reportable",Unknown,At Intersection,No hit and run,,V1:(Collision with motor vehicle in traffic) / V2:(Collision with motor vehicle in traffic),Unknown,"No, school bus not involved",25,"No, device not functioning", V1:(Collision with motor vehicle in traffic) V2:(Collision with motor vehicle in traffic),No,,,,,,,,237384.281,909045.75,42.4310369,-71.04568224,, MAPLEWOOD ST Rte S  / WAITE ST Rte W,,,,,,,,,,,12610,2020,0.477,617,0.068,75,Both sides,City or Town accepted road,,9,9,0,No Shoulder,30,Bituminous concrete road,0,No Shoulder,2,0,0,None,Large Urbanized Area,Urban minor arterial or rural major collector,Boston (MA-NH-RI),,Mainline roadway,Two-way traffic,No Access Control,,30,MAPLEWOOD STREET,SALEM STREET,DEAD END,MALDEN,Good,Level Terrain,,Grown from Prior Year HPMS Network,,30,0,0,,,Minor Arterial
5597521,MALDEN,6/3/25,Non-fatal injury,Open,8:43 AM,2025,Suspected Minor Injury (B),2,Local police,,35-44,35-44,,,08:00AM to 08:59AM,D1: (Inattention) ,,Collision with parked motor vehicle,Yes,Daylight,Angle,4,,,, PW20254644793,Dry,Not at junction,MAPC,0,1,No controls,"Two-way, divided, unprotected median",V1: Travelling straight ahead / V2: Parked,V1:(Passenger car) / V2:(Passenger car),V1:(No) / V2:(No),"V1:(Yes, vehicle or trailer disabled) / V2:(Yes, vehicle or trailer disabled)",V1: N  / V2: Not Reported,Clear,MIDDLESEX,25000436,"V1:(No, not federally reportable) / V2:(No, not federally reportable)","No, not federally reportable",Roadside,At Address,No hit and run,,V1:(Collision with parked motor vehicle) / V2:(Collision with motor vehicle in traffic),None,"No, school bus not involved",25,"Yes, device functioning", V1:(Collision with parked motor vehicle) V2:(Collision with motor vehicle in traffic),No,,,,,,,,238667.5476,909861.8038,42.43832083,-71.03003283,80, CENTRAL AV Rte N,,,,,,,,,,,2836,2020,0.21,139,0,17,Both sides,City or Town accepted road,,6,6,0,No Shoulder,36,Bituminous concrete road,0,No Shoulder,2,0,0,None,Large Urbanized Area,Urban collector or rural minor collector,Boston (MA-NH-RI),,Mainline roadway,Two-way traffic,No Access Control,,99,CENTRAL AVENUE,SALEM STREET,BROADWAY,MALDEN,Good,Level Terrain,,Grown from Prior Year HPMS Network,,99,0,0,,,Major Collector
5597523,MALDEN,6/17/25,Property damage only (none injured),Open,8:41 PM,2025,No Apparent Injury (O),1,Local police,,35-44,35-44,,,08:00PM to 08:59PM,D1: (Unknown) ,,Other,Yes,Dark - roadway not lighted,Single vehicle crash,4,,,, PW20254644788,Wet,Not at junction,MAPC,0,0,No controls,"Two-way, not divided",V1: Travelling straight ahead,V1:(Passenger car),V1:(No),"V1:(Yes, vehicle or trailer disabled)",V1: E,Rain,MIDDLESEX,25000469,"V1:(No, not federally reportable)","No, not federally reportable",Shoulder - unpaved,At Address,No hit and run,,V1:(Other),None,"No, school bus not involved",25,"No, device not functioning", V1:(Other),No,,,,,,,,237830.4195,910185.2857,42.44127404,-71.04018593,34, BEACHVIEW AV Rte E,,,,,,,,,,,2836,2020,0.21,139,0,17,None,City or Town accepted road,,0,0,0,No Shoulder,24,Bituminous concrete road,2,Stable - Unruttable compacted subgrade,2,0,0,None,Large Urbanized Area,Urban collector or rural minor collector,Boston (MA-NH-RI),,Mainline roadway,Two-way traffic,No Access Control,,99,BEACHVIEW AVENUE,ELWELL STREET,OLIVE AVENUE,MALDEN,Good,Rolling Terrain,,Grown from Prior Year HPMS Network,,99,0,0,,,Major Collector
5597524,MALDEN,6/14/25,Unknown,Open,9:49 PM,2025,Not reported,1,Local police,,,,,,09:00PM to 09:59PM,,,Collision with utility pole,Yes,Dark - lighted roadway,Single vehicle crash,4,,,, PW20254644795,Dry,Not at junction,MAPC,0,0,No controls,"Two-way, not divided",V1: Unknown,"V1:(Light truck(van, mini-van, pickup, sport utility))",V1:(No),V1:(No),V1: N,Clear,MIDDLESEX,25000463,"V1:(No, not federally reportable)","No, not federally reportable",Roadway,At Address,"Yes, hit and run",,V1:(Collision with utility pole),None,"No, school bus not involved",25,Not reported, V1:(Collision with utility pole),No,,,,,,,,237095.8281,910137.1436,42.44087595,-71.04911753,413, LEBANON ST Rte N,,,,,,,,,,,13978,2020,0.477,684,0.068,84,Both sides,City or Town accepted road,,7,7,0,No Shoulder,34,Bituminous concrete road,0,No Shoulder,2,0,0,None,Large Urbanized Area,Urban minor arterial or rural major collector,Boston (MA-NH-RI),,Mainline roadway,Two-way traffic,No Access Control,,30,LEBANON STREET,MELROSE CITY LINE,SALEM STREET,MALDEN,Good,Level Terrain,,Grown from Prior Year HPMS Network,,30,0,0,,,Minor Arterial
5597525,MALDEN,6/12/25,Non-fatal injury,Open,10:15 PM,2025,Suspected Minor Injury (B),1,Local police,,45-54,45-54,21-24,21-24,10:00PM to 10:59PM,D1: (Unknown) ,,Collision with pedestrian,Yes,Dark - lighted roadway,Single vehicle crash,4, VU2: Standing, VU2: Marked crosswalk at intersection (includes use of paint raised or other roadway material), VU2: Motorized Scooter Rider, PW20254644791,Dry,Four-way intersection,MAPC,0,1,Stop signs,"Two-way, not divided",V1: Travelling straight ahead,V1:(Passenger car),V1:(No),V1:(No),V1: S,Clear,MIDDLESEX,25000459,"V1:(No, not federally reportable)","No, not federally reportable",Roadway,At Intersection,No hit and run,,V1:(Collision with pedestrian),None,"No, school bus not involved",25,"Yes, device functioning", V1:(Collision with pedestrian),No, VU2:(Crossing Roadway),, VU2: None, VU2: Other,, VU2: No, VU2: No,236699.0782,908848.8752,42.42929709,-71.05402162,, DANIELS ST Rte S  / EASTERN AV Rte E,,,,,,,,,,,1154,,,,,,Left side only,City or Town accepted road,,7,0,0,No Shoulder,20,Surface-treated road,2,Stable - Unruttable compacted subgrade,2,0,0,None,Large Urbanized Area,Local,Boston (MA-NH-RI),,Mainline roadway,Two-way traffic,No Access Control,,,DANIELS STREET,EASTERN AVENUE,DEAD END,MALDEN,Deficient,Rolling Terrain,,,,,0,0,,,Local