Crash Number,City Town Name,Crash Date,Crash Severity,Crash Status,Crash Time,Crash Year,Max Injury Severity Reported,Number of Vehicles,Police Agency Type,State Police Troop,Age of Driver - Youngest Known,Age of Driver - Oldest Known,Age of Vulnerable User - Youngest Known,Age of Vulnerable User - Oldest Known,Crash Hour,Driver Contributing Circumstances (All Drivers),Driver Distracted By (All Vehicles),First Harmful Event,Is Geocoded,Light Conditions,Manner of Collision,MassDOT District,Vulnerable User Action (All Persons),Vulnerable User Location (All Persons),Vulnerable User Type (All Persons),RMV Document Numbers,Road Surface Condition,Roadway Junction Type,RPA Abbreviation,Total Fatalities,Total Non-Fatal Injuries,Traffic Control Device Type,Trafficway Description,Vehicle Actions Prior to Crash (All Vehicles),Vehicle Configuration (All Vehicles),Vehicle Emergency Use (All Vehicles),Vehicle Towed From Scene (All Vehicles),Vehicle Travel Directions (All Vehicles),Weather Conditions,County Name,Crash Report IDs,FMCSA Reportable (All Vehicles),FMCSA Reportable (Crash),First Harmful Event Location,Geocoding Method,Hit and Run,Locality,Most Harmful Event (All Vehicles),Road Contributing Circumstance,School Bus Related,Speed Limit,Traffic Control Device Function,Vehicle Sequence of Events (All Vehicles),Work Zone Related,Vulnerable User Sequence of Events (All Persons),Vulnerable User Distracted By (All Persons),Vulnerable User Traffic Control Type (All persons),Vulnerable User Origin Destination (All Persons),Vulnerable User Contributing Circumstances (All Persons),Vulnerable User Alcohol Suspected Type (All Persons),Vulnerable User Drug Suspected Type (All Persons),X,Y,Latitude,Longitude,Street Number,Roadway,Near Intersection Roadway,Distance and Direction From Intersection,Milemarker,Milemarker Route,Distance and Direction From Milemarker,Exit Number,Exit Route,Distance and Direction From Exit,Landmark,Distance and Direction From Landmark,AADT-linked RD,AADT Year-linked RD,Peak % Single Unit Trucks-linked RD,Single-Unit Truck and Bus AADT-linked RD,Peak % Combo Trucks-linked RD,Combination Truck AADT-linked RD,Curb-linked RD-linked RD,Jurisdiction-linked RD,Truck Route-linked RD,Left Sidewalk Width-linked RD,Right Sidewalk Width-linked RD,Left Shoulder Width-linked RD,Left Shoulder Type-linked RD,Surface Width-linked RD,Surface Type-linked RD,Right Shoulder Width-linked RD,Right Shoulder Type-linked RD,Number of Travel Lanes-linked RD,Number of Opposing Travel Lanes-linked RD,Median Width-linked RD,Median Type-linked RD,Urban Type-linked RD,Functional Classification-linked RD,Urbanized Area-linked RD,Federal Aid Route Number-linked RD,Facility Type-linked RD,Street Operation-linked RD,Access Control-linked RD,Number of Peak Hour Lanes-linked RD,Speed Limit-linked RD,Street Name-linked RD,From Street Name-linked RD,To Street Name-linked RD,City-linked RD-linked RD,Structural Condition-linked RD,Terrain-linked RD,Urban Location Type-linked RD,AADT Derivation-linked RD,AADT Station Number-linked RD,Opposing Direction Speed Limit-linked RD,Undivided Left Shoulder Type-linked RD,Undivided Left Shoulder Width-linked RD,Truck Exclusion Type-linked RD,Truck Exclusion Time-linked RD,Federal Functional Classification-linked RD
5597526,MALDEN,6/20/25,Property damage only (none injured),Open,9:01 AM,2025,Not Applicable,1,Local police,,25-34,25-34,,,09:00AM to 09:59AM,D1: (No improper driving) ,D1: Not Distracted,Collision with tree,Yes,Daylight,Single vehicle crash,4,,,, PW20254644796,Dry,T-intersection,MAPC,0,0,No controls,"Two-way, not divided",V1: Travelling straight ahead,V1:(Passenger car),V1:(No),V1:(No),V1: S,Severe crosswinds,MIDDLESEX,25000474,"V1:(No, not federally reportable)","No, not federally reportable",Roadway,At Intersection,No hit and run,,V1:(Collision with tree),None,"No, school bus not involved",35,Not reported, V1:(Collision with tree),No,,,,,,,,235423.406,907806.1248,42.4199687,-71.06958765,, MADISON ST Rte S  / WADSWORTH ST Rte,,,,,,,,,,,2785,2020,0.21,136,0,17,Both sides,City or Town accepted road,,7,7,0,No Shoulder,30,Bituminous concrete road,0,No Shoulder,2,0,0,None,Large Urbanized Area,Urban collector or rural minor collector,Boston (MA-NH-RI),,Mainline roadway,Two-way traffic,No Access Control,,99,MADISON STREET,BELL ROCK STREET,MAIN STREET,MALDEN,Good,Level Terrain,,Grown from Prior Year HPMS Network,,99,0,0,,,Major Collector
5597527,MALDEN,6/9/25,Unknown,Open,7:23 AM,2025,Not reported,2,Local police,,,,,,07:00AM to 07:59AM,,,Collision with parked motor vehicle,Yes,Daylight,"Sideswipe, opposite direction",4,,,, PW20254644797,Dry,Not at junction,MAPC,0,0,No controls,"Two-way, divided, unprotected median",V1: Parked / V2: Travelling straight ahead,V1:(Passenger car) / V2:(Passenger car),V1:(No) / V2:(No),V1:(No) / V2:(No),V1: Not Reported / V2: S,Cloudy,MIDDLESEX,25000448,"V1:(No, not federally reportable) / V2:(No, not federally reportable)","No, not federally reportable",Roadside,At Address,"Yes, hit and run",,V1:(Collision with motor vehicle in traffic) / V2:(Collision with parked motor vehicle),None,"No, school bus not involved",25,"Yes, device functioning", V1:(Collision with motor vehicle in traffic) V2:(Collision with parked motor vehicle),No,,,,,,,,236917.2808,908184.0371,42.42330157,-71.05141249,444, BRYANT ST Rte N,,,,,,,,,,,7076,2020,0.232,346,0,42,Both sides,City or Town accepted road,,9,9,0,No Shoulder,40,Bituminous concrete road,0,No Shoulder,2,0,0,None,Large Urbanized Area,Urban minor arterial or rural major collector,Boston (MA-NH-RI),,Mainline roadway,Two-way traffic,No Access Control,,20,BRYANT STREET,SALEM STREET,EVERETT CITY LINE,MALDEN,Good,Level Terrain,,Grown from Prior Year HPMS Network,,20,0,0,,,Minor Arterial
5597528,MALDEN,6/6/25,Non-fatal injury,Open,8:30 PM,2025,Suspected Minor Injury (B),2,Local police,,18-20,21-24,,,08:00PM to 08:59PM,D1: (Unknown)  / D2: (Unknown) ,,Collision with motor vehicle in traffic,Yes,Dark - lighted roadway,Head-on,4,,,, PW20254644790,Dry,Not at junction,MAPC,0,1,No controls,"Two-way, divided, unprotected median",V1: Travelling straight ahead / V2: Travelling straight ahead,V1:(Passenger car) / V2:(Passenger car),V1:(No) / V2:(No),V1:(No) / V2:(No),V1: E  / V2: W,Cloudy,MIDDLESEX,25000446,"V1:(No, not federally reportable) / V2:(No, not federally reportable)","No, not federally reportable",Roadway,Operator Designated,No hit and run,,V1:(Collision with motor vehicle in traffic) / V2:(Unknown),Unknown,"No, school bus not involved",25,Not reported, V1:(Collision with motor vehicle in traffic),No,,,,,,,,236037.9343,907318.1818,42.41554781,-71.06215139,, BELMONT STREET, BUCKNAM STREET,50 feet E  of,,,,,,,,,2822,2020,0.21,137,0,17,Both sides,City or Town accepted road,,8,8,0,No Shoulder,30,Bituminous concrete road,0,No Shoulder,2,0,0,None,Large Urbanized Area,Urban collector or rural minor collector,Boston (MA-NH-RI),,Mainline roadway,Two-way traffic,No Access Control,,99,BELMONT STREET,FERRY STREET,MAIN STREET,MALDEN,Good,Level Terrain,,Grown from Prior Year HPMS Network,,99,0,0,,,Major Collector
5597529,MALDEN,6/4/25,Unknown,Open,8:53 PM,2025,Not reported,1,Local police,,,,,,08:00PM to 08:59PM,,,Collision with motor vehicle in traffic,Yes,Daylight,"Sideswipe, same direction",4,,,, PW20254644798,Dry,Not at junction,MAPC,0,0,Traffic control signal,"Two-way, not divided",V1: Parked,V1:(Passenger car),V1:(No),V1:(No),V1:,Clear/Clear,MIDDLESEX,25000442,"V1:(No, not federally reportable)","No, not federally reportable",Roadway,At Address,No hit and run,,V1:(Collision with motor vehicle in traffic),Unknown,"No, school bus not involved",25,"Yes, device functioning", V1:(Collision with motor vehicle in traffic),No,,,,,,,,235763.9644,909501.9021,42.43521943,-71.06534477,74, LEONARD ST Rte E,,,,,,,,,,,1154,,,,,,Both sides,City or Town accepted road,,7,7,0,No Shoulder,26,Bituminous concrete road,0,No Shoulder,2,0,0,None,Large Urbanized Area,Local,Boston (MA-NH-RI),,Mainline roadway,Two-way traffic,No Access Control,,,LEONARD STREET,MAIN STREET,TREMONT STREET,MALDEN,Good,Mountainous Terrain,,,,,0,0,,,Local
5597530,MALDEN,6/12/25,Unknown,Open,2:39 PM,2025,Not reported,1,Local police,,,,,,02:00PM to 02:59PM,,,Unknown,Yes,Daylight,Unknown,4,,,, PW20254644789,Dry,Not at junction,MAPC,0,0,No controls,Unknown,V1: Parked,V1:(Passenger car),V1:(No),V1:(No),V1:,Clear/Clear,MIDDLESEX,25000458,"V1:(No, not federally reportable)","No, not federally reportable",Unknown,At Address,No hit and run,,V1:(Unknown),Unknown,"No, school bus not involved",5,"No, device not functioning",,No,,,,,,,,235263.8823,908472.1657,42.42597199,-71.07148526,7, JACKSON ST Rte W,,,,,,,,,,,1154,,,,,,Right side only,City or Town accepted road,,6,6,0,No Shoulder,25,Surface-treated road,0,No Shoulder,2,0,0,None,Large Urbanized Area,Local,Boston (MA-NH-RI),,Mainline roadway,Two-way traffic,No Access Control,,,JACKSON STREET,EXCHANGE STREET,DEAD END,MALDEN,Good,Level Terrain,,,,,0,0,,,Local
5597531,MALDEN,6/4/25,Unknown,Open,5:12 PM,2025,Not reported,2,Local police,,,,,,05:00PM to 05:59PM,,,Collision with parked motor vehicle,Yes,Unknown,Unknown,4,,,, PW20254644792,Unknown,Not at junction,MAPC,0,0,No controls,"Two-way, divided, unprotected median",V1: Parked / V2: Unknown,V1:(Passenger car) / V2:(Passenger car),V1:(No) / V2:(No),V1:(No) / V2:(No),V1: N  / V2: U,Unknown,MIDDLESEX,25000441,"V1:(No, not federally reportable) / V2:(No, not federally reportable)","No, not federally reportable",Outside roadway,At Address,"Yes, hit and run",,V1:(Unknown) / V2:(Unknown),Unknown,"No, school bus not involved",25,Not reported,,No,,,,,,,,235248.3272,910009.879,42.43981598,-71.07158042,376, WASHINGTON ST Rte N,,,,,,,,,,,11985,2020,0.477,587,0.068,72,Left side only,City or Town accepted road,,5,5,0,No Shoulder,30,Bituminous concrete road,4,Unstable shoulder,2,0,0,None,Large Urbanized Area,Urban minor arterial or rural major collector,Boston (MA-NH-RI),,Mainline roadway,Two-way traffic,No Access Control,,30,WASHINGTON STREET,MALDEN CITY LINE,FELLSWAY EAST,MALDEN,Good,Level Terrain,,Grown from Prior Year HPMS Network,,30,0,0,,,Minor Arterial
5597532,MALDEN,6/18/25,Unknown,Open,4:21 PM,2025,Not reported,1,Local police,,,,,,04:00PM to 04:59PM,,,Collision with parked motor vehicle,Yes,Daylight,Rear-end,4,,,, PW20254644794,Dry,Not at junction,MAPC,0,0,No controls,"Two-way, not divided",V1: Parked,V1:(Passenger car),V1:(No),V1:(No),V1: N,Cloudy,MIDDLESEX,25000472,"V1:(No, not federally reportable)","No, not federally reportable",Roadway,At Address,"Yes, hit and run",,V1:(Collision with parked motor vehicle),None,"No, school bus not involved",25,Not reported, V1:(Collision with parked motor vehicle),No,,,,,,,,239132.8892,909537.2614,42.43537592,-71.02439916,62, REVERE ST Rte N,,,,,,,,,,,2846,2020,0.21,139,0,18,Both sides,City or Town accepted road,,7,7,0,No Shoulder,25,Bituminous concrete road,0,No Shoulder,2,0,0,None,Large Urbanized Area,Urban collector or rural minor collector,Boston (MA-NH-RI),,Mainline roadway,Two-way traffic,No Access Control,,99,REVERE STREET,LYNN STREET,SALEM STREET,MALDEN,Good,Level Terrain,,Grown from Prior Year HPMS Network,,99,0,0,,,Major Collector
5597533,MALDEN,6/10/25,Property damage only (none injured),Open,3:53 PM,2025,No Apparent Injury (O),2,Local police,,35-44,55-64,,,03:00PM to 03:59PM,D1: (Unknown)  / D2: (Unknown) ,,Collision with motor vehicle in traffic,Yes,Daylight,Angle,4,,,, PW20254644799,Wet,Not at junction,MAPC,0,0,No controls,"Two-way, not divided",V1: Turning left / V2: Turning right,"V1:(Passenger car) / V2:(Light truck(van, mini-van, pickup, sport utility))",V1:(No) / V2:(No),V1:(No) / V2:(No),V1: E  / V2: N,Rain,MIDDLESEX,25000451,"V1:(No, not federally reportable) / V2:(No, not federally reportable)","No, not federally reportable",Roadway,At Address,No hit and run,,V1:(Collision with motor vehicle in traffic) / V2:(Collision with motor vehicle in traffic),None,"No, school bus not involved",25,Not reported, V1:(Collision with motor vehicle in traffic) V2:(Collision with motor vehicle in traffic),No,,,,,,,,234923.6293,907740.5564,42.41940096,-71.07566406,239, COMMERCIAL ST Rte N,,,,,,,,,,,13022,2020,0.477,638,0.068,78,Both sides,City or Town accepted road,,7,7,0,No Shoulder,46,Bituminous concrete road,0,No Shoulder,4,0,0,None,Large Urbanized Area,Urban minor arterial or rural major collector,Boston (MA-NH-RI),,Mainline roadway,Two-way traffic,No Access Control,,30,COMMERCIAL STREET,PLEASANT STREET,MEDFORD CITY LINE,MALDEN,Good,Level Terrain,,Grown from Prior Year HPMS Network,,30,0,0,,,Minor Arterial
5597534,MALDEN,6/16/25,Property damage only (none injured),Open,9:11 AM,2025,No Apparent Injury (O),1,Local police,,35-44,35-44,,,09:00AM to 09:59AM,D1: (Unknown) ,,Collision with other movable object,Yes,Daylight,Single vehicle crash,4,,,, PW20254644802,Dry,Four-way intersection,MAPC,0,0,Traffic control signal,"Two-way, not divided",V1: Travelling straight ahead,"V1:(Light truck(van, mini-van, pickup, sport utility))",V1:(No),V1:(No),V1: E,Clear,MIDDLESEX,25000466,"V1:(No, not federally reportable)","No, not federally reportable",Outside roadway,At Intersection,No hit and run,,V1:(Collision with other movable object),None,"No, school bus not involved",25,"Yes, device functioning", V1:(Collision with other movable object),No,,,,,,,,235572.8125,908388.375,42.42520363,-71.06773647,, CENTRE ST Rte    / MAIN ST Rte,,,,,,,,,,,14589,2020,0.558,671,0.155,161,Both sides,City or Town accepted road,,0,8,0,No Shoulder,22,Bituminous concrete road,0,No Shoulder,2,2,5,Raised Median,Large Urbanized Area,Rural minor arterial or urban principal arterial,Boston (MA-NH-RI),,Mainline roadway,Two-way traffic,No Access Control,,30,CENTRE STREET,PLEASANT STREET,EASTERN AVENUE,MALDEN,Good,Level Terrain,,Pulled back from HPMS network estimation routine,,0,0,0,,,Principal Arterial - Other
5597535,MALDEN,6/23/25,Property damage only (none injured),Open,9:54 AM,2025,No Apparent Injury (O),1,Local police,,65-74,65-74,,,09:00AM to 09:59AM,D1: (Unknown) ,,Collision with unknown fixed object,Yes,Daylight,Single vehicle crash,4,,,, PW20254644804,Dry,Not at junction,MAPC,0,0,No controls,Unknown,V1: Backing,V1:(Passenger car),V1:(No),"V1:(Yes, vehicle or trailer disabled)",V1: W,Clear,MIDDLESEX,25000486,"V1:(No, not federally reportable)","No, not federally reportable",Outside roadway,At Address,No hit and run,,V1:(Collision with fence),None,"No, school bus not involved",25,"Yes, device functioning", V1:(Collision with fence),No,,,,,,,,236145.3142,908852.283,42.42935364,-71.0607508,4, FRANKLIN ST Rte 6,,,,,,,,,,,1154,,,,,,Both sides,City or Town accepted road,,7,7,0,No Shoulder,25,Surface-treated road,0,No Shoulder,2,0,0,None,Large Urbanized Area,Local,Boston (MA-NH-RI),,Mainline roadway,One-way traffic,No Access Control,,,FRANKLIN STREET,UPHAM STREET,SALEM STREET,MALDEN,Good,Level Terrain,,,,,0,0,,,Local
5597536,MALDEN,6/20/25,Non-fatal injury,Open,2:04 PM,2025,Suspected Minor Injury (B),2,Local police,,18-20,25-34,,,02:00PM to 02:59PM,D1: (Unknown)  / D2: (Unknown) ,,Collision with motor vehicle in traffic,Yes,Daylight,Angle,4,,,, PW20254644800,Dry,Four-way intersection,MAPC,0,1,No controls,"Two-way, not divided",V1: Travelling straight ahead / V2: Turning left,V1:(Passenger car) / V2:(Other),V1:(No) / V2:(No),V1:(No) / V2:(No),V1: N  / V2: E,Clear,MIDDLESEX,25000475,"V1:(No, not federally reportable) / V2:(No, not federally reportable)","No, not federally reportable",Roadway,At Intersection,No hit and run,,V1:(Collision with motor vehicle in traffic) / V2:(Collision with motor vehicle in traffic),Unknown,"No, school bus not involved",25,"No, device not functioning", V1:(Collision with motor vehicle in traffic) V2:(Collision with motor vehicle in traffic),No,,,,,,,,236208.6563,909069.75,42.43130845,-71.05996742,, PORTER ST Rte N  / LYNDE ST Rte W,,,,,,,,,,,1154,,,,,,Both sides,City or Town accepted road,,7,7,0,No Shoulder,25,Bituminous concrete road,0,No Shoulder,2,0,0,None,Large Urbanized Area,Local,Boston (MA-NH-RI),,Mainline roadway,Two-way traffic,No Access Control,,,PORTER STREET,BAINBRIDGE STREET,SALEM STREET,MALDEN,Good,Rolling Terrain,,,,,0,0,,,Local
5597537,MALDEN,6/10/25,Property damage only (none injured),Open,12:38 PM,2025,No Apparent Injury (O),1,Local police,,35-44,35-44,,,12:00PM to 12:59PM,D1: (Unknown) ,,Collision with motor vehicle in traffic,Yes,Daylight,Rear-end,4,,,, PW20254644803,Wet,Not at junction,MAPC,0,0,No controls,"Two-way, divided, unprotected median",V1: Travelling straight ahead,V1:(Passenger car),V1:(No),V1:(No),V1: N,Rain/Rain,MIDDLESEX,25000453,"V1:(No, not federally reportable)","No, not federally reportable",Roadway,At Address,"Yes, hit and run",,V1:(Collision with motor vehicle in traffic),Unknown,"No, school bus not involved",25,Not reported, V1:(Collision with motor vehicle in traffic),No,,,,,,,,238588.2313,910425.148,42.44339625,-71.03095917,38, BLUE HILL AV Rte N,,,,,,,,,,,1154,,,,,,None,City or Town accepted road,,0,0,0,No Shoulder,25,Bituminous concrete road,2,Stable - Unruttable compacted subgrade,2,0,0,None,Large Urbanized Area,Local,Boston (MA-NH-RI),,Mainline roadway,Two-way traffic,No Access Control,,,BLUE HILL AVENUE,BAYRD TERRACE,BROADWAY,MALDEN,Good,Mountainous Terrain,,,,,0,0,,,Local
5597538,MALDEN,6/6/25,Property damage only (none injured),Open,2:50 PM,2025,No Apparent Injury (O),1,Local police,,25-34,25-34,,,02:00PM to 02:59PM,D1: (Unknown) ,,Collision with utility pole,Yes,Daylight,Single vehicle crash,4,,,, PW20254644805,Dry,T-intersection,MAPC,0,0,No controls,"Two-way, not divided",V1: Backing,V1:(Passenger car),V1:(No),V1:(No),V1: S,Clear,MIDDLESEX,25000444,"V1:(No, not federally reportable)","No, not federally reportable",Roadside,At Intersection,No hit and run,,V1:(Collision with utility pole),None,"No, school bus not involved",25,Not reported, V1:(Collision with utility pole),No,,,,,,,,234369.0471,908514.375,42.42639194,-71.0823563,, PLEASANT ST Rte    / PROSPECT ST Rte,,,,,,,,,,,13708,2020,0.558,631,0.155,151,Both sides,City or Town accepted road,,8,8,0,No Shoulder,24,Bituminous concrete road,0,No Shoulder,2,0,0,None,Large Urbanized Area,Rural minor arterial or urban principal arterial,Boston (MA-NH-RI),,Mainline roadway,Two-way traffic,No Access Control,,20,PLEASANT STREET,COMMERCIAL STREET,MEDFORD CITY LINE,MALDEN,Good,Level Terrain,,Pulled back from HPMS network estimation routine,,20,0,0,,,Principal Arterial - Other
5597540,MALDEN,6/14/25,Non-fatal injury,Open,11:34 AM,2025,Possible Injury (C),2,Local police,,18-20,35-44,,,11:00AM to 11:59AM,D1: (No improper driving)  / D2: (Unknown) ,,Collision with motor vehicle in traffic,Yes,Daylight,Rear-end,4,,,, PW20254644808,Wet,Four-way intersection,MAPC,0,1,Traffic control signal,"Two-way, divided, unprotected median",V1: Slowing or stopped in traffic / V2: Overtaking/passing,V1:(Passenger car) / V2:(Passenger car),V1:(No) / V2:(No),"V1:(No) / V2:(Yes, vehicle or trailer disabled)",V1: S  / V2: S,Rain/Cloudy,MIDDLESEX,25000462,"V1:(No, not federally reportable) / V2:(No, not federally reportable)","No, not federally reportable",Roadway,At Address,No hit and run,,V1:(Collision with motor vehicle in traffic) / V2:(Collision with motor vehicle in traffic),None,"No, school bus not involved",30,"Yes, device functioning", V1:(Collision with motor vehicle in traffic) V2:(Collision with motor vehicle in traffic),No,,,,,,,,235092.0408,908520.4594,42.42641451,-71.07357045,25, COMMERCIAL ST Rte S,,,,,,,,,,,14655,2020,0.477,718,0.068,88,Both sides,City or Town accepted road,,7,7,0,No Shoulder,46,Bituminous concrete road,0,No Shoulder,4,0,0,None,Large Urbanized Area,Urban minor arterial or rural major collector,Boston (MA-NH-RI),,Mainline roadway,Two-way traffic,No Access Control,,30,COMMERCIAL STREET,PLEASANT STREET,MEDFORD CITY LINE,MALDEN,Good,Level Terrain,,Grown from Prior Year HPMS Network,,30,0,0,,,Minor Arterial
5597541,MALDEN,6/24/25,Unknown,Open,10:53 AM,2025,Not reported,1,Local police,,,,,,10:00AM to 10:59AM,,,Collision with parked motor vehicle,Yes,Unknown,Angle,4,,,, PW20254644801,Unknown,Not at junction,MAPC,0,0,No controls,"Two-way, not divided",V1: Parked,V1:(Passenger car),V1:(No),V1:(No),V1: Not Reported,Unknown,MIDDLESEX,25000492,"V1:(No, not federally reportable)","No, not federally reportable",Outside roadway,At Address,"Yes, hit and run",,V1:(Collision with motor vehicle in traffic),Unknown,"No, school bus not involved",25,Not reported, V1:(Collision with motor vehicle in traffic),No,,,,,,,,239218.0321,910096.6881,42.44040787,-71.0233264,1, STONE LN Rte 6,,,,,,,,,,,,,,,,,None,Unaccepted by city or town,,5,5,0,No Shoulder,0,0,0,No Shoulder,0,0,0,None,Large Urbanized Area,Local,Boston (MA-NH-RI),,,,No Access Control,,0,OVERLOOK RIDGE DRIVE,DEAD END,,MALDEN,,Rolling Terrain,,,,,0,0,,,Local
5597542,MALDEN,6/29/25,Unknown,Open,7:19 AM,2025,Not reported,1,Local police,,,,,,07:00AM to 07:59AM,,,Collision with motor vehicle in traffic,Yes,Dark - lighted roadway,"Sideswipe, same direction",4,,,, PW20254644813,Unknown,Not at junction,MAPC,0,0,No controls,"Two-way, not divided",V1: Parked,"V1:(Light truck(van, mini-van, pickup, sport utility))",V1:(No),V1:(No),V1:,Cloudy/Cloudy,MIDDLESEX,25000501,"V1:(No, not federally reportable)","No, not federally reportable",Roadway,At Address,"Yes, hit and run",,V1:(Collision with motor vehicle in traffic),None,"No, school bus not involved",20,Not reported, V1:(Collision with parked motor vehicle),No,,,,,,,,234694.0619,909325.2909,42.43367783,-71.07835816,44, GRACE ST Rte S,,,,,,,,,,,1154,,,,,,Both sides,City or Town accepted road,,7,7,0,No Shoulder,25,Surface-treated road,0,No Shoulder,2,0,0,None,Large Urbanized Area,Local,Boston (MA-NH-RI),,Mainline roadway,Two-way traffic,No Access Control,,,GRACE STREET,GLENWOOD STREET,KERNWOOD STREET,MALDEN,Good,Rolling Terrain,,,,,0,0,,,Local
5597543,MALDEN,6/12/25,Non-fatal injury,Open,9:56 AM,2025,Suspected Minor Injury (B),2,Local police,,35-44,>84,,,09:00AM to 09:59AM,D1: (Unknown)  / D2: (Unknown) ,,Collision with motor vehicle in traffic,Yes,Daylight,"Sideswipe, opposite direction",4,,,, PW20254644812,Dry,Not at junction,MAPC,0,2,No controls,"Two-way, not divided",V1: Travelling straight ahead / V2: Turning left,V1:(Passenger car) / V2:(Passenger car),V1:(No) / V2:(No),"V1:(Yes, vehicle or trailer disabled) / V2:(No)",V1: W  / V2: E,Clear,MIDDLESEX,25000457,"V1:(No, not federally reportable) / V2:(No, not federally reportable)","No, not federally reportable",Roadway,At Address,No hit and run,,V1:(Collision with motor vehicle in traffic) / V2:(Collision with motor vehicle in traffic),None,"No, school bus not involved",25,Not reported, V1:(Collision with motor vehicle in traffic) V2:(Collision with motor vehicle in traffic),No,,,,,,,,235276.1614,908202.1732,42.42354082,-71.07135254,99, CHARLES ST Rte S,,,,,,,,,,,14942,2020,0.477,732,0.068,89,Both sides,City or Town accepted road,,7,7,0,No Shoulder,45,Bituminous concrete road,0,No Shoulder,2,0,0,None,Large Urbanized Area,Urban minor arterial or rural major collector,Boston (MA-NH-RI),,Mainline roadway,Two-way traffic,No Access Control,,99,CHARLES STREET,MAIN STREET,FELLSWAY,MALDEN,Good,Level Terrain,,Grown from Prior Year HPMS Network,,99,0,0,,,Minor Arterial
5597544,MALDEN,6/20/25,Property damage only (none injured),Open,4:54 PM,2025,No Apparent Injury (O),2,Local police,,21-24,45-54,,,04:00PM to 04:59PM,D1: (Inattention)  / D2: (No improper driving) ,D2: Not Distracted,Collision with motor vehicle in traffic,Yes,Daylight,Angle,4,,,, PW20254644806,Dry,T-intersection,MAPC,0,0,Stop signs,"Two-way, divided, unprotected median",V1: Turning right / V2: Travelling straight ahead,V1:(Passenger car) / V2:(Passenger car),V1:(No) / V2:(No),V1:(No) / V2:(No),V1: N  / V2: E,Clear,MIDDLESEX,25000476,"V1:(No, not federally reportable) / V2:(No, not federally reportable)","No, not federally reportable",Roadway,At Intersection,No hit and run,,V1:(Collision with motor vehicle in traffic) / V2:(Collision with motor vehicle in traffic),None,"No, school bus not involved",25,"Yes, device functioning", V1:(Collision with motor vehicle in traffic) V2:(Collision with motor vehicle in traffic),No,,,,,,,,237651.8745,908947.0622,42.43013559,-71.04243677,, EASTERN AV Rte E  / SHEAFE ST Rte N,,,,,,,,,,,16226,2020,0.558,747,0.155,179,Both sides,City or Town accepted road,,6,6,0,No Shoulder,28,Bituminous concrete road,0,No Shoulder,2,0,0,None,Large Urbanized Area,Rural minor arterial or urban principal arterial,Boston (MA-NH-RI),,Mainline roadway,Two-way traffic,No Access Control,,30,EASTERN AVENUE,MAIN STREET,LYNN STREET,MALDEN,Good,Level Terrain,,Pulled back from HPMS network estimation routine,,30,Surfaced shoulder exists – Portland Cement Concrete surface (PCC,8,,,Principal Arterial - Other
5597545,MALDEN,6/21/25,Non-fatal injury,Open,10:15 PM,2025,Possible Injury (C),2,Local police,,25-34,25-34,,,10:00PM to 10:59PM,D1: (No improper driving)  / D2: (No improper driving) ,D1: Not Distracted / D2: Not Distracted,Collision with motor vehicle in traffic,Yes,Dark - lighted roadway,Angle,4,,,, PW20254644807,Dry,Not at junction,MAPC,0,1,No controls,"Two-way, not divided",V1: Travelling straight ahead / V2: Turning left,"V1:(Light truck(van, mini-van, pickup, sport utility)) / V2:(Passenger car)",V1:(No) / V2:(No),V1:(No) / V2:(No),V1: N  / V2: S,Clear,MIDDLESEX,25000480,"V1:(No, not federally reportable) / V2:(No, not federally reportable)","No, not federally reportable",Roadway,At Address,No hit and run,,V1:(Collision with motor vehicle in traffic) / V2:(Collision with motor vehicle in traffic),None,"No, school bus not involved",25,Not reported, V1:(Collision with motor vehicle in traffic) V2:(Collision with motor vehicle in traffic),No,,,,,,,,238677.0537,910406.1952,42.44322123,-71.02988083,665, BROADWAY Rte N,,,,,,,,,,,10575,2020,,,,,Both sides,Massachusetts Department of Transportation,,5,,0,No Shoulder,26,Bituminous concrete road,8,Hardened bituminous mix or penetration,2,0,0,None,Large Urbanized Area,Rural minor arterial or urban principal arterial,Boston (MA-NH-RI),,Mainline roadway,Two-way traffic,No Access Control,,35,BROADWAY,EVERETT CITY LINE,MELROSE CITY LINE,MALDEN,Good,Level Terrain,,Pulled back from HPMS network estimation routine,,35,Surfaced shoulder exists – Portland Cement Concrete surface (PCC,8,,,Principal Arterial - Other
5597546,MALDEN,6/13/25,Non-fatal injury,Open,3:07 PM,2025,Possible Injury (C),2,Local police,,25-34,35-44,,,03:00PM to 03:59PM,D1: (Unknown)  / D2: (Unknown) ,,Collision with motor vehicle in traffic,Yes,Daylight,"Sideswipe, same direction",4,,,, PW20254644818,Dry,Not at junction,MAPC,0,2,No controls,"Two-way, divided, unprotected median",V1: Travelling straight ahead / V2: Turning left,"V1:(Light truck(van, mini-van, pickup, sport utility)) / V2:(Passenger car)",V1:(No) / V2:(No),V1:(No) / V2:(No),V1: S  / V2: S,Clear,MIDDLESEX,25000460,"V1:(No, not federally reportable) / V2:(No, not federally reportable)","No, not federally reportable",Roadway,At Address,No hit and run,,V1:(Collision with motor vehicle in traffic) / V2:(Collision with motor vehicle in traffic),None,"No, school bus not involved",30,Not reported, V1:(Collision with motor vehicle in traffic) V2:(Collision with motor vehicle in traffic),No,,,,,,,,234943.7205,907950.3908,42.42128911,-71.07540725,185, COMMERCIAL ST Rte S,,,,,,,,,,,14655,2020,0.477,718,0.068,88,Both sides,City or Town accepted road,,7,7,0,No Shoulder,46,Bituminous concrete road,0,No Shoulder,4,0,0,None,Large Urbanized Area,Urban minor arterial or rural major collector,Boston (MA-NH-RI),,Mainline roadway,Two-way traffic,No Access Control,,30,COMMERCIAL STREET,PLEASANT STREET,MEDFORD CITY LINE,MALDEN,Good,Level Terrain,,Grown from Prior Year HPMS Network,,30,0,0,,,Minor Arterial