Crash Number,City Town Name,Crash Date,Crash Severity,Crash Status,Crash Time,Crash Year,Max Injury Severity Reported,Number of Vehicles,Police Agency Type,State Police Troop,Age of Driver - Youngest Known,Age of Driver - Oldest Known,Age of Vulnerable User - Youngest Known,Age of Vulnerable User - Oldest Known,Crash Hour,Driver Contributing Circumstances (All Drivers),Driver Distracted By (All Vehicles),First Harmful Event,Is Geocoded,Light Conditions,Manner of Collision,MassDOT District,Vulnerable User Action (All Persons),Vulnerable User Location (All Persons),Vulnerable User Type (All Persons),RMV Document Numbers,Road Surface Condition,Roadway Junction Type,RPA Abbreviation,Total Fatalities,Total Non-Fatal Injuries,Traffic Control Device Type,Trafficway Description,Vehicle Actions Prior to Crash (All Vehicles),Vehicle Configuration (All Vehicles),Vehicle Emergency Use (All Vehicles),Vehicle Towed From Scene (All Vehicles),Vehicle Travel Directions (All Vehicles),Weather Conditions,County Name,Crash Report IDs,FMCSA Reportable (All Vehicles),FMCSA Reportable (Crash),First Harmful Event Location,Geocoding Method,Hit and Run,Locality,Most Harmful Event (All Vehicles),Road Contributing Circumstance,School Bus Related,Speed Limit,Traffic Control Device Function,Vehicle Sequence of Events (All Vehicles),Work Zone Related,Vulnerable User Sequence of Events (All Persons),Vulnerable User Distracted By (All Persons),Vulnerable User Traffic Control Type (All persons),Vulnerable User Origin Destination (All Persons),Vulnerable User Contributing Circumstances (All Persons),Vulnerable User Alcohol Suspected Type (All Persons),Vulnerable User Drug Suspected Type (All Persons),X,Y,Latitude,Longitude,Street Number,Roadway,Near Intersection Roadway,Distance and Direction From Intersection,Milemarker,Milemarker Route,Distance and Direction From Milemarker,Exit Number,Exit Route,Distance and Direction From Exit,Landmark,Distance and Direction From Landmark,AADT-linked RD,AADT Year-linked RD,Peak % Single Unit Trucks-linked RD,Single-Unit Truck and Bus AADT-linked RD,Peak % Combo Trucks-linked RD,Combination Truck AADT-linked RD,Curb-linked RD-linked RD,Jurisdiction-linked RD,Truck Route-linked RD,Left Sidewalk Width-linked RD,Right Sidewalk Width-linked RD,Left Shoulder Width-linked RD,Left Shoulder Type-linked RD,Surface Width-linked RD,Surface Type-linked RD,Right Shoulder Width-linked RD,Right Shoulder Type-linked RD,Number of Travel Lanes-linked RD,Number of Opposing Travel Lanes-linked RD,Median Width-linked RD,Median Type-linked RD,Urban Type-linked RD,Functional Classification-linked RD,Urbanized Area-linked RD,Federal Aid Route Number-linked RD,Facility Type-linked RD,Street Operation-linked RD,Access Control-linked RD,Number of Peak Hour Lanes-linked RD,Speed Limit-linked RD,Street Name-linked RD,From Street Name-linked RD,To Street Name-linked RD,City-linked RD-linked RD,Structural Condition-linked RD,Terrain-linked RD,Urban Location Type-linked RD,AADT Derivation-linked RD,AADT Station Number-linked RD,Opposing Direction Speed Limit-linked RD,Undivided Left Shoulder Type-linked RD,Undivided Left Shoulder Width-linked RD,Truck Exclusion Type-linked RD,Truck Exclusion Time-linked RD,Federal Functional Classification-linked RD
5597547,MALDEN,6/20/25,Unknown,Open,7:21 PM,2025,Not reported,1,Local police,,,,,,07:00PM to 07:59PM,,,Collision with parked motor vehicle,Yes,Daylight,Head-on,4,,,, PW20254644819,Dry,Not at junction,MAPC,0,0,No controls,"Two-way, not divided",V1: Parked,V1:(Passenger car),V1:(No),V1:(No),V1:,Clear,MIDDLESEX,25000477,"V1:(No, not federally reportable)","No, not federally reportable",Outside roadway,At Address,"Yes, hit and run",,V1:(Collision with parked motor vehicle),None,"No, school bus not involved",10,"No, device not functioning", V1:(Collision with parked motor vehicle),No,,,,,,,,235276.1614,908202.1732,42.42354082,-71.07135254,99, CHARLES ST Rte E,,,,,,,,,,,,,,,,,,,,,,,,,,,,,,,,,,,,,,,,,,,,,,,,,,,,,,,
5597548,MALDEN,6/17/25,Property damage only (none injured),Open,9:58 AM,2025,No Apparent Injury (O),2,Local police,,25-34,55-64,,,09:00AM to 09:59AM,D1: (Unknown)  / D2: (Unknown) ,,Collision with motor vehicle in traffic,Yes,Daylight,Angle,4,,,, PW20254644811,Dry,Four-way intersection,MAPC,0,0,Traffic control signal,"Two-way, divided, unprotected median",V1: Turning left / V2: Travelling straight ahead,"V1:(Passenger car) / V2:(Light truck(van, mini-van, pickup, sport utility))",V1:(No) / V2:(No),V1:(No) / V2:(No),V1: N  / V2: N,Cloudy,MIDDLESEX,25000467,"V1:(No, not federally reportable) / V2:(No, not federally reportable)","No, not federally reportable",Roadway,At Address,No hit and run,,V1:(Collision with motor vehicle in traffic) / V2:(Collision with motor vehicle in traffic),Unknown,"No, school bus not involved",25,"Yes, device functioning", V1:(Collision with motor vehicle in traffic) V2:(Collision with motor vehicle in traffic),No,,,,,,,,235586.8403,908470.193,42.42593956,-71.06756097,375, MAIN ST Rte N,,,,,,,,,,,10345,2020,0.164,213,0.01,28,Both sides,City or Town accepted road,,10,10,0,No Shoulder,48,Bituminous concrete road,0,No Shoulder,2,0,0,None,Large Urbanized Area,Rural minor arterial or urban principal arterial,Boston (MA-NH-RI),,Mainline roadway,Two-way traffic,No Access Control,,30,MAIN STREET,MELROSE CITY LINE,EVERETT CITY LINE,MALDEN,Good,Level Terrain,,Pulled back from HPMS network estimation routine,,30,0,0,,,Principal Arterial - Other
5597549,MALDEN,6/23/25,Unknown,Open,7:55 PM,2025,Not reported,2,Local police,,,,,,07:00PM to 07:59PM,,,Collision with parked motor vehicle,Yes,Dark - lighted roadway,"Sideswipe, same direction",4,,,, PW20254644810,Dry,Not at junction,MAPC,0,0,No controls,"Two-way, not divided",V1: Parked / V2: Travelling straight ahead,"V1:(Passenger car) / V2:(Light truck(van, mini-van, pickup, sport utility))",V1:(No) / V2:(No),V1:(No) / V2:(No),V1: U  / V2: S,Clear,MIDDLESEX,25000488,"V1:(No, not federally reportable) / V2:(No, not federally reportable)","No, not federally reportable",Roadway,At Address,"Yes, hit and run",,V1:(Collision with motor vehicle in traffic) / V2:(Collision with parked motor vehicle),None,"No, school bus not involved",25,Not reported, V1:(Collision with motor vehicle in traffic) V2:(Collision with parked motor vehicle),No,,,,,,,,235849.221,907979.8127,42.42151287,-71.0644031,57, HIGH ST Rte S,,,,,,,,,,,2824,2020,0.21,137,0,17,Both sides,City or Town accepted road,,9,9,0,No Shoulder,30,Bituminous concrete road,0,No Shoulder,2,0,0,None,Large Urbanized Area,Urban collector or rural minor collector,Boston (MA-NH-RI),,Mainline roadway,Two-way traffic,No Access Control,,99,HIGH STREET,CROSS STREET,FERRY STREET,MALDEN,Fair,Level Terrain,,Grown from Prior Year HPMS Network,,99,0,0,,,Major Collector
5597550,MALDEN,6/30/25,Non-fatal injury,Open,12:42 AM,2025,Suspected Minor Injury (B),1,Local police,,25-34,25-34,,,12:00AM to 12:59AM,D1: (No improper driving) ,D1: Not Distracted,Collision with utility pole,Yes,Dark - lighted roadway,Single vehicle crash,4,,,, PW20254644816,Dry,Not at junction,MAPC,0,1,Traffic control signal,"Two-way, not divided",V1: Travelling straight ahead,V1:(Passenger car),V1:(No),V1:(No),V1: S,Clear,MIDDLESEX,25000502,"V1:(No, not federally reportable)","No, not federally reportable",Roadway,At Address,No hit and run,,V1:(Collision with utility pole),None,"No, school bus not involved",30,"Yes, device functioning", V1:(Collision with utility pole),No,,,,,,,,238289.8689,909812.5622,42.43789617,-71.03462633,500, BROADWAY Rte S,,,,,,,,,,,23069,2009,2,2,1,1,Right side only,City or Town accepted road,,0,10,0,No Shoulder,16,Bituminous concrete road,0,No Shoulder,1,1,10,Unprotected,Large Urbanized Area,Rural minor arterial or urban principal arterial,Boston (MA-NH-RI),,Mainline roadway,Two-way traffic,No Access Control,,30,BROADWAY,EVERETT CITY LINE,MELROSE CITY LINE,MALDEN,Good,Level Terrain,,Calculated from Partial Counts,5693,0,0,0,,,Principal Arterial - Other
5597551,MALDEN,6/28/25,Non-fatal injury,Open,1:04 PM,2025,Suspected Minor Injury (B),1,Local police,,35-44,35-44,15-Jun,15-Jun,01:00PM to 01:59PM,D1: (Visibility obstructed) ,D1: Not Distracted,Collision with pedestrian,Yes,Daylight,Single vehicle crash,4," VU2: Walking, running or cycling", VU2: Other, VU2: Pedestrian, PW20254644817,Dry,Not at junction,MAPC,0,1,No controls,Unknown,V1: Travelling straight ahead,V1:(Passenger car),V1:(No),"V1:(Yes, vehicle or trailer disabled)",V1: E,Cloudy,MIDDLESEX,25000500,"V1:(No, not federally reportable)","No, not federally reportable",Roadway,At Address,No hit and run,,V1:(Collision with pedestrian),None,"No, school bus not involved",25,"Yes, device functioning", V1:(Collision with pedestrian),No, VU2:(Other),, VU2: Other, VU2: Other,,,,234951.249,908008.8148,42.42181473,-71.07531224,188, COMMERCIAL ST Rte E,,,,,,,,,,,14655,2020,0.477,718,0.068,88,Both sides,City or Town accepted road,,7,7,0,No Shoulder,46,Bituminous concrete road,0,No Shoulder,4,0,0,None,Large Urbanized Area,Urban minor arterial or rural major collector,Boston (MA-NH-RI),,Mainline roadway,Two-way traffic,No Access Control,,30,COMMERCIAL STREET,PLEASANT STREET,MEDFORD CITY LINE,MALDEN,Good,Level Terrain,,Grown from Prior Year HPMS Network,,30,0,0,,,Minor Arterial
5597552,MALDEN,6/21/25,Property damage only (none injured),Open,3:46 PM,2025,No Apparent Injury (O),2,Local police,,25-34,35-44,,,03:00PM to 03:59PM,D1: (Inattention)  / D2: (No improper driving) ,D1: Not Distracted / D2: Not Distracted,Collision with motor vehicle in traffic,Yes,Daylight,Rear-end,4,,,, PW20254644823,Dry,Not at junction,MAPC,0,0,No controls,"One-way, not divided",V1: Travelling straight ahead / V2: Travelling straight ahead,V1:(Passenger car) / V2:(Passenger car),V1:(No) / V2:(No),V1:(No) / V2:(No),V1: E  / V2: E,Clear,MIDDLESEX,25000478,"V1:(No, not federally reportable) / V2:(No, not federally reportable)","No, not federally reportable",Roadway,At Address,No hit and run,,V1:(Collision with motor vehicle in traffic) / V2:(Collision with motor vehicle in traffic),None,"No, school bus not involved",30,Not reported, V1:(Collision with motor vehicle in traffic) V2:(Collision with motor vehicle in traffic),No,,,,,,,,237897.8809,908976.3689,42.4303875,-71.03944532,1080, EASTERN AV Rte E,,,,,,,,,,,20450,2009,2,2,1,1,Both sides,City or Town accepted road,,0,6,0,No Shoulder,12,Bituminous concrete road,0,No Shoulder,1,1,3,Raised Median,Large Urbanized Area,Rural minor arterial or urban principal arterial,Boston (MA-NH-RI),,Mainline roadway,Two-way traffic,No Access Control,,30,EASTERN AVENUE,MAIN STREET,LYNN STREET,MALDEN,Good,Level Terrain,,Calculated from Partial Counts,8456,0,0,0,,,Principal Arterial - Other
5597553,MALDEN,6/27/25,Unknown,Open,10:56 PM,2025,Not reported,1,Local police,,,,,,10:00PM to 10:59PM,,,Collision with parked motor vehicle,Yes,Dusk,Unknown,4,,,, PW20254644815,Dry,Not at junction,MAPC,0,0,No controls,Unknown,V1: Parked,V1:(Passenger car),V1:(No),V1:(No),V1: Not Reported,Clear,MIDDLESEX,25000499,"V1:(No, not federally reportable)","No, not federally reportable",Outside roadway,At Address,"Yes, hit and run",,V1:(Collision with parked motor vehicle),None,"No, school bus not involved",10,"No, device not functioning", V1:(Collision with parked motor vehicle),No,,,,,,,,238677.0537,910406.1952,42.44322123,-71.02988083,665, BROADWAY Rte 6,,,,,,,,,,,10575,2020,,,,,Both sides,Massachusetts Department of Transportation,,5,,0,No Shoulder,26,Bituminous concrete road,8,Hardened bituminous mix or penetration,2,0,0,None,Large Urbanized Area,Rural minor arterial or urban principal arterial,Boston (MA-NH-RI),,Mainline roadway,Two-way traffic,No Access Control,,35,BROADWAY,EVERETT CITY LINE,MELROSE CITY LINE,MALDEN,Good,Level Terrain,,Pulled back from HPMS network estimation routine,,35,Surfaced shoulder exists – Portland Cement Concrete surface (PCC,8,,,Principal Arterial - Other
5597554,MALDEN,6/13/25,Property damage only (none injured),Open,3:23 PM,2025,No Apparent Injury (O),1,Local police,,35-44,35-44,,,03:00PM to 03:59PM,D1: (No improper driving) ,D1: Not Distracted,Collision with parked motor vehicle,Yes,Daylight,"Sideswipe, same direction",4,,,, PW20254644821,Dry,Not at junction,MAPC,0,0,No controls,"Two-way, not divided",V1: Parked,V1:(Passenger car),V1:(No),V1:(No),V1: E,Clear,MIDDLESEX,25000461,"V1:(No, not federally reportable)","No, not federally reportable",Roadway,At Address,"Yes, hit and run",,V1:(Collision with parked motor vehicle),Unknown,"No, school bus not involved",25,Not reported, V1:(Collision with parked motor vehicle),No,,,,,,,,234171.459,907996.0624,42.42173449,-71.08478797,195, ADAMS ST Rte E,,,,,,,,,,,1154,,,,,,Both sides,City or Town accepted road,,7,7,0,No Shoulder,25,Bituminous concrete road,0,No Shoulder,2,0,0,None,Large Urbanized Area,Local,Boston (MA-NH-RI),,Mainline roadway,Two-way traffic,No Access Control,,,ADAMS STREET,FELLSWAY,COMMERCIAL STREET,MALDEN,Good,Level Terrain,,,,,0,0,,,Local
5597555,MALDEN,6/30/25,Non-fatal injury,Open,6:48 AM,2025,Suspected Minor Injury (B),2,Local police,,25-34,35-44,,,06:00AM to 06:59AM,D1: (Unknown)  / D2: (Unknown) ,,Collision with motor vehicle in traffic,Yes,Daylight,Rear-end,4,,,, PW20254644822,Dry,Not at junction,MAPC,0,1,No controls,"Two-way, not divided",V1: Parked / V2: Travelling straight ahead,V1:(Truck/trailer) / V2:(Passenger car),V1:(No) / V2:(No),V1:(No) / V2:(No),V1: E  / V2: E,Clear,MIDDLESEX,25000503,"V1:(No, not federally reportable) / V2:(No, not federally reportable)","No, not federally reportable",Roadway,At Address,No hit and run,,V1:(Collision with motor vehicle in traffic) / V2:(Collision with motor vehicle in traffic),Unknown,"No, school bus not involved",25,Not reported, V1:(Collision with motor vehicle in traffic) V2:(Collision with motor vehicle in traffic),No,,,,,,,,238360.3164,909843.5118,42.43817133,-71.03376807,497, BROADWAY Rte E,,,,,,,,,,,25097,2020,0.33,977,0.105,276,Right side only,City or Town accepted road,,0,10,0,No Shoulder,16,Bituminous concrete road,0,No Shoulder,1,1,10,Unprotected,Large Urbanized Area,Rural minor arterial or urban principal arterial,Boston (MA-NH-RI),,Mainline roadway,Two-way traffic,No Access Control,,30,BROADWAY,EVERETT CITY LINE,MELROSE CITY LINE,MALDEN,Good,Level Terrain,,Grown from Prior Year HPMS Network,,0,0,0,,,Principal Arterial - Other
5597556,MALDEN,6/15/25,Non-fatal injury,Open,5:21 AM,2025,Suspected Minor Injury (B),1,Local police,,25-34,25-34,,,05:00AM to 05:59AM,"D1: (Swerving or avoiding due to wind, slippery surface, vehicle, object, vulnerable user in roadway) ",D1: Not Distracted,Collision with utility pole,Yes,Dawn,Single vehicle crash,4,,,, PW20254644824,Dry,Not at junction,MAPC,0,1,No controls,"Two-way, not divided",V1: Travelling straight ahead,V1:(Passenger car),V1:(No),"V1:(Yes, vehicle or trailer disabled)",V1: N,Clear,MIDDLESEX,25000464,"V1:(No, not federally reportable)","No, not federally reportable",Roadside,At Address,No hit and run,,V1:(Collision with utility pole),"Rut, holes, bumps","No, school bus not involved",35,"No, device not functioning", V1:(Collision with utility pole),No,,,,,,,,238398.5552,909894.655,42.43862987,-71.03329993,515, BROADWAY Rte N,,,,,,,,,,,25097,2020,0.33,977,0.105,276,Right side only,City or Town accepted road,,0,10,0,No Shoulder,16,Bituminous concrete road,0,No Shoulder,1,1,10,Unprotected,Large Urbanized Area,Rural minor arterial or urban principal arterial,Boston (MA-NH-RI),,Mainline roadway,Two-way traffic,No Access Control,,30,BROADWAY,EVERETT CITY LINE,MELROSE CITY LINE,MALDEN,Good,Level Terrain,,Grown from Prior Year HPMS Network,,0,0,0,,,Principal Arterial - Other
5597557,MALDEN,7/1/25,Property damage only (none injured),Open,2:29 PM,2025,No Apparent Injury (O),1,Local police,,45-54,45-54,,,02:00PM to 02:59PM,"D1: (No improper driving),(No improper driving) ",D1: Not Distracted,Collision with cyclist,Yes,Daylight,"Sideswipe, opposite direction",4,,,, PW20254644826,Dry,T-intersection,MAPC,0,0,No controls,"Two-way, not divided",V1: Turning left,V1:(Passenger car),V1:(No),V1:(No),V1: N,Clear/Clear,MIDDLESEX,25000506,"V1:(No, not federally reportable)","No, not federally reportable",Unknown,At Address,No hit and run,,"V1:(Collision with cyclist (bicycle, tricycle, unicycle, pedal car))",None,"No, school bus not involved",25,"Yes, device functioning", V1:(Collision with cyclist),No,,,,,,,,235556.5409,909330.7803,42.43368839,-71.06787617,790, MAIN ST Rte,,,,,,,,,,,10345,2020,0.164,213,0.01,28,Both sides,City or Town accepted road,,10,10,0,No Shoulder,26,Bituminous concrete road,0,No Shoulder,2,0,0,None,Large Urbanized Area,Rural minor arterial or urban principal arterial,Boston (MA-NH-RI),,Mainline roadway,Two-way traffic,No Access Control,,30,MAIN STREET,MELROSE CITY LINE,EVERETT CITY LINE,MALDEN,Good,Level Terrain,,Pulled back from HPMS network estimation routine,,30,0,0,,,Principal Arterial - Other
5597558,MALDEN,7/1/25,Unknown,Open,4:45 PM,2025,Not reported,1,Local police,,,,,,04:00PM to 04:59PM,,,Collision with parked motor vehicle,Yes,Daylight,"Sideswipe, opposite direction",4,,,, PW20254644825,Dry,T-intersection,MAPC,0,0,No controls,"Two-way, not divided",V1: Parked,V1:(Passenger car),V1:(No),V1:(No),V1: W,Clear,MIDDLESEX,25000508,"V1:(No, not federally reportable)","No, not federally reportable",Roadway,At Intersection,"Yes, hit and run",,V1:(Collision with motor vehicle in traffic),None,"No, school bus not involved",10,Not reported, V1:(Collision with motor vehicle in traffic),No,,,,,,,,235734.3283,908940.6251,42.43016789,-71.06573967,, GELLINEAU ST Rte E  / HUDSON ST Rte S,,,,,,,,,,,1154,,,,,,Both sides,City or Town accepted road,,5,5,0,No Shoulder,22,Surface-treated road,0,No Shoulder,2,0,0,None,Large Urbanized Area,Local,Boston (MA-NH-RI),,Mainline roadway,Two-way traffic,No Access Control,,,GELLINEAU STREET,SPRAGUE STREET,HUDSON STREET,MALDEN,Good,Level Terrain,,,,,0,0,,,Local
5597559,MALDEN,7/1/25,Property damage only (none injured),Open,6:34 AM,2025,No Apparent Injury (O),2,Local police,,45-54,45-54,,,06:00AM to 06:59AM,"D1: (No improper driving)  / D2: (Operating vehicle in erratic, reckless, careless, negligent or aggressive manner) ",D1: Not Distracted,Collision with motor vehicle in traffic,Yes,Daylight,Angle,4,,,, PW20254644827,Dry,Not at junction,MAPC,0,0,No controls,"Two-way, divided, unprotected median",V1: Travelling straight ahead / V2: Turning right,V1:(Other) / V2:(Passenger car),V1:(No) / V2:(No),V1:(No) / V2:(No),V1: S  / V2: E,Cloudy,MIDDLESEX,25000505,"V1:(No, not federally reportable) / V2:(No, not federally reportable)","No, not federally reportable",Roadway,At Address,No hit and run,,V1:(Collision with motor vehicle in traffic) / V2:(Collision with motor vehicle in traffic),None,"No, school bus not involved",25,Not reported, V1:(Collision with motor vehicle in traffic) V2:(Collision with motor vehicle in traffic),No,,,,,,,,235601.8363,910006.696,42.43977126,-71.06728403,1087, MAIN ST Rte S,,,,,,,,,,,10345,2020,0.164,213,0.01,28,Both sides,City or Town accepted road,,10,10,0,No Shoulder,26,Bituminous concrete road,0,No Shoulder,2,0,0,None,Large Urbanized Area,Rural minor arterial or urban principal arterial,Boston (MA-NH-RI),,Mainline roadway,Two-way traffic,No Access Control,,30,MAIN STREET,MALDEN CITY LINE,WAKEFIELD TOWN LINE,MALDEN,Good,Level Terrain,,Pulled back from HPMS network estimation routine,,30,0,0,,,Principal Arterial - Other
5597560,MALDEN,6/21/25,Unknown,Open,11:50 PM,2025,Not reported,1,Local police,,,,,,11:00PM to 11:59PM,,,Collision with motor vehicle in traffic,Yes,Dark - lighted roadway,"Sideswipe, same direction",4,,,, PW20254644828,Dry,Not at junction,MAPC,0,0,No controls,"Two-way, not divided",V1: Parked,"V1:(Light truck(van, mini-van, pickup, sport utility))",V1:(No),V1:(No),V1: E,Clear,MIDDLESEX,25000481,"V1:(No, not federally reportable)","No, not federally reportable",Roadway,At Address,"Yes, hit and run",,V1:(Collision with motor vehicle in traffic),None,"No, school bus not involved",25,Not reported, V1:(Collision with motor vehicle in traffic),No,,,,,,,,237709.8165,908708.8539,42.42798832,-71.0417482,61, SHEAFE ST Rte E,,,,,,,,,,,1154,,,,,,Both sides,City or Town accepted road,Not a parkway - not on a designated truck route,7,7,0,No Shoulder,30,Bituminous concrete road,0,No Shoulder,2,0,0,None,Large Urbanized Area,Local,Boston (MA-NH-RI),,Mainline roadway,Two-way traffic,No Access Control,,,SHEAFE STREET,EASTERN AVENUE,BROADWAY,MALDEN,Good,Level Terrain,,,,,0,0,All vehicles over 2.5 tons excluded,"24 Hours, 7 Days",Local
5597561,MALDEN,6/23/25,Unknown,Open,2:42 PM,2025,Not reported,2,Local police,,,,,,02:00PM to 02:59PM,,,Collision with parked motor vehicle,Yes,Dusk,"Sideswipe, same direction",4,,,, PW20254644831,Dry,Not at junction,MAPC,0,0,No controls,"Two-way, not divided",V1: Travelling straight ahead / V2: Parked,V1:(Passenger car) / V2:(Passenger car),V1:(No) / V2:(No),V1:(No) / V2:(No),V1: W  / V2:,Clear,MIDDLESEX,25000489,"V1:(No, not federally reportable) / V2:(No, not federally reportable)","No, not federally reportable",Roadway,Operator Designated,"Yes, hit and run",,V1:(Collision with parked motor vehicle) / V2:(Collision with motor vehicle in traffic),None,"No, school bus not involved",20,Not reported, V1:(Collision with parked motor vehicle) V2:(Collision with motor vehicle in traffic),No,,,,,,,,236610.6587,907794.9129,42.41981293,-71.0551629,, BELMONT STREET, FERRY STREET,150 feet S  of,,,,,,,,,2822,2020,0.21,137,0,17,Both sides,City or Town accepted road,,8,8,0,No Shoulder,30,Bituminous concrete road,0,No Shoulder,2,0,0,None,Large Urbanized Area,Urban collector or rural minor collector,Boston (MA-NH-RI),,Mainline roadway,Two-way traffic,No Access Control,,99,BELMONT STREET,FERRY STREET,MAIN STREET,MALDEN,Good,Rolling Terrain,,Grown from Prior Year HPMS Network,,99,0,0,,,Major Collector
5597563,MALDEN,6/22/25,Non-fatal injury,Open,2:26 PM,2025,Possible Injury (C),1,Local police,,55-64,55-64,16-20,16-20,02:00PM to 02:59PM,"D1: (No improper driving),(No improper driving) ",D1: Not Distracted,Collision with motor vehicle in traffic,Yes,Daylight,Head-on,4, VU2: Entering or crossing location, VU2: Non-intersection crosswalk, VU2: Motorized Scooter Rider, PW20254644834,Dry,Unknown,MAPC,0,1,No controls,"Two-way, not divided",V1: Travelling straight ahead,"V1:(Light truck(van, mini-van, pickup, sport utility))",V1:(No),V1:(No),V1: N,Clear/Clear,MIDDLESEX,25000483,"V1:(No, not federally reportable)","No, not federally reportable",Roadway,At Address,No hit and run,,V1:(Collision with motor vehicle in traffic),None,"No, school bus not involved",20,"No, device not functioning", V1:(Collision with motor vehicle in traffic),No, VU2:(Crossing Roadway), VU2:(Not Distracted), VU2: None, VU2: Other, VU2:(None), VU2: No, VU2: No,237862.733,909065.0255,42.43118734,-71.03986663,231, BROADWAY Rte N,,,,,,,,,,,24974,2020,0.33,974,0.105,275,Both sides,City or Town accepted road,,10,10,0,No Shoulder,44,Bituminous concrete road,0,No Shoulder,2,0,0,None,Large Urbanized Area,Rural minor arterial or urban principal arterial,Boston (MA-NH-RI),,Mainline roadway,Two-way traffic,No Access Control,,30,BROADWAY,EVERETT CITY LINE,MELROSE CITY LINE,MALDEN,Good,Level Terrain,,Grown from Prior Year HPMS Network,,30,0,0,,,Principal Arterial - Other
5597564,MALDEN,6/18/25,Property damage only (none injured),Open,3:03 PM,2025,No Apparent Injury (O),1,Local police,,25-34,25-34,55-64,55-64,03:00PM to 03:59PM,D1: (No improper driving) ,,Collision with cyclist,Yes,Daylight,"Sideswipe, opposite direction",4," VU2: Walking, running or cycling", VU2: Sidewalk, VU2: Motorized Scooter Rider, PW20254644830,Dry,Not at junction,MAPC,0,0,No controls,"Two-way, not divided",V1: Parked,V1:(Passenger car),V1:(No),V1:(No),V1: S,Cloudy,MIDDLESEX,25000471,"V1:(No, not federally reportable)","No, not federally reportable",Outside roadway,At Address,No hit and run,,V1:(Collision with moped),None,"No, school bus not involved",25,"No, device not functioning", V1:(Collision with moped),No, VU2:(Walking/Cycling on Sidewalk),, VU2: None, VU2: Other,, VU2: No, VU2: No,235203.291,908082.363,42.42246551,-71.07224528,105, CANAL ST Rte S,,,,,,,,,,,2767,2020,0.21,134,0,17,Both sides,City or Town accepted road,,5,5,0,No Shoulder,40,Bituminous concrete road,0,No Shoulder,2,0,0,None,Large Urbanized Area,Urban collector or rural minor collector,Boston (MA-NH-RI),,Mainline roadway,Two-way traffic,No Access Control,,99,CANAL STREET,MEDFORD STREET,CENTRE STREET,MALDEN,Good,Level Terrain,,Grown from Prior Year HPMS Network,,99,0,0,,,Major Collector
5597565,MALDEN,6/23/25,Property damage only (none injured),Open,7:26 AM,2025,No Apparent Injury (O),2,Local police,,16-17,55-64,,,07:00AM to 07:59AM,"D1: (No improper driving),(No improper driving)  / D2: (Disregarded traffic signs, signals, road markings),(Disregarded traffic signs, signals, road markings) ",D1: Not Distracted,Collision with motor vehicle in traffic,Yes,Daylight,Angle,4,,,, PW20254644832,Dry,Four-way intersection,MAPC,0,0,Stop signs,"Two-way, not divided",V1: Travelling straight ahead / V2: Travelling straight ahead,"V1:(Light truck(van, mini-van, pickup, sport utility)) / V2:(Passenger car)",V1:(No) / V2:(No),"V1:(No) / V2:(Yes, vehicle or trailer disabled)",V1: W  / V2: S,Clear/Clear,MIDDLESEX,25000484,"V1:(No, not federally reportable) / V2:(No, not federally reportable)","No, not federally reportable",Unknown,At Intersection,No hit and run,,V1:(Collision with motor vehicle in traffic) / V2:(Collision with motor vehicle in traffic),None,"No, school bus not involved",25,Not reported, V1:(Collision with motor vehicle in traffic) V2:(Collision with motor vehicle in traffic),No,,,,,,,,234512.7029,909061.1873,42.43130828,-71.08057799,, CLIFTON ST Rte    / HAWTHORNE ST Rte,,,,,,,,,,,2651,2020,0.21,129,0,16,Both sides,City or Town accepted road,,9,9,0,No Shoulder,30,Bituminous concrete road,0,No Shoulder,2,0,0,None,Large Urbanized Area,Urban collector or rural minor collector,Boston (MA-NH-RI),,Mainline roadway,Two-way traffic,No Access Control,,99,CLIFTON STREET,WASHINGTON STREET ,HIGHLAND AVENUE ,MALDEN,Good,Level Terrain,,Grown from Prior Year HPMS Network,,99,0,0,,,Major Collector
5597567,MALDEN,7/1/25,Unknown,Open,9:09 AM,2025,Not reported,1,Local police,,,,,,09:00AM to 09:59AM,,,Collision with parked motor vehicle,Yes,Dawn,"Sideswipe, same direction",4,,,, PW20254644837,Dry,Driveway,MAPC,0,0,No controls,"Two-way, not divided",V1: Parked,V1:(Passenger car),V1:(No),V1:(No),V1: U,Clear,MIDDLESEX,25000507,"V1:(No, not federally reportable)","No, not federally reportable",Outside roadway,At Address,"Yes, hit and run",,V1:(Collision with motor vehicle in traffic),None,"No, school bus not involved",10,Not reported, V1:(Collision with motor vehicle in traffic),No,,,,,,,,235472.7773,909903.9071,42.43885179,-71.06885894,1046, MAIN ST Rte S,,,,,,,,,,,,,,,,,,Unaccepted by city or town,,0,0,0,No Shoulder,0,0,0,No Shoulder,0,0,0,None,Large Urbanized Area,Local,Boston (MA-NH-RI),,,,No Access Control,,,MAIN STREET,MAIN STREET ,CUL_DE_SAC,MALDEN,,Level Terrain,,,,,0,0,,,Local