Crash Number,City Town Name,Crash Date,Crash Severity,Crash Status,Crash Time,Crash Year,Max Injury Severity Reported,Number of Vehicles,Police Agency Type,State Police Troop,Age of Driver - Youngest Known,Age of Driver - Oldest Known,Age of Vulnerable User - Youngest Known,Age of Vulnerable User - Oldest Known,Crash Hour,Driver Contributing Circumstances (All Drivers),Driver Distracted By (All Vehicles),First Harmful Event,Is Geocoded,Light Conditions,Manner of Collision,MassDOT District,Vulnerable User Action (All Persons),Vulnerable User Location (All Persons),Vulnerable User Type (All Persons),RMV Document Numbers,Road Surface Condition,Roadway Junction Type,RPA Abbreviation,Total Fatalities,Total Non-Fatal Injuries,Traffic Control Device Type,Trafficway Description,Vehicle Actions Prior to Crash (All Vehicles),Vehicle Configuration (All Vehicles),Vehicle Emergency Use (All Vehicles),Vehicle Towed From Scene (All Vehicles),Vehicle Travel Directions (All Vehicles),Weather Conditions,County Name,Crash Report IDs,FMCSA Reportable (All Vehicles),FMCSA Reportable (Crash),First Harmful Event Location,Geocoding Method,Hit and Run,Locality,Most Harmful Event (All Vehicles),Road Contributing Circumstance,School Bus Related,Speed Limit,Traffic Control Device Function,Vehicle Sequence of Events (All Vehicles),Work Zone Related,Vulnerable User Sequence of Events (All Persons),Vulnerable User Distracted By (All Persons),Vulnerable User Traffic Control Type (All persons),Vulnerable User Origin Destination (All Persons),Vulnerable User Contributing Circumstances (All Persons),Vulnerable User Alcohol Suspected Type (All Persons),Vulnerable User Drug Suspected Type (All Persons),X,Y,Latitude,Longitude,Street Number,Roadway,Near Intersection Roadway,Distance and Direction From Intersection,Milemarker,Milemarker Route,Distance and Direction From Milemarker,Exit Number,Exit Route,Distance and Direction From Exit,Landmark,Distance and Direction From Landmark,AADT-linked RD,AADT Year-linked RD,Peak % Single Unit Trucks-linked RD,Single-Unit Truck and Bus AADT-linked RD,Peak % Combo Trucks-linked RD,Combination Truck AADT-linked RD,Curb-linked RD-linked RD,Jurisdiction-linked RD,Truck Route-linked RD,Left Sidewalk Width-linked RD,Right Sidewalk Width-linked RD,Left Shoulder Width-linked RD,Left Shoulder Type-linked RD,Surface Width-linked RD,Surface Type-linked RD,Right Shoulder Width-linked RD,Right Shoulder Type-linked RD,Number of Travel Lanes-linked RD,Number of Opposing Travel Lanes-linked RD,Median Width-linked RD,Median Type-linked RD,Urban Type-linked RD,Functional Classification-linked RD,Urbanized Area-linked RD,Federal Aid Route Number-linked RD,Facility Type-linked RD,Street Operation-linked RD,Access Control-linked RD,Number of Peak Hour Lanes-linked RD,Speed Limit-linked RD,Street Name-linked RD,From Street Name-linked RD,To Street Name-linked RD,City-linked RD-linked RD,Structural Condition-linked RD,Terrain-linked RD,Urban Location Type-linked RD,AADT Derivation-linked RD,AADT Station Number-linked RD,Opposing Direction Speed Limit-linked RD,Undivided Left Shoulder Type-linked RD,Undivided Left Shoulder Width-linked RD,Truck Exclusion Type-linked RD,Truck Exclusion Time-linked RD,Federal Functional Classification-linked RD
5597568,MALDEN,6/19/25,Property damage only (none injured),Open,4:21 PM,2025,No Apparent Injury (O),2,Local police,,25-34,65-74,,,04:00PM to 04:59PM,D1: (No improper driving)  / D2: (Distracted) ,D1: Not Distracted / D2: External distraction (outside the vehicle),Collision with motor vehicle in traffic,Yes,Daylight,Angle,4,,,, PW20254644835,Dry,Not at junction,MAPC,0,0,No controls,"Two-way, not divided",V1: Travelling straight ahead / V2: Backing,"V1:(Light truck(van, mini-van, pickup, sport utility)) / V2:(Passenger car)",V1:(No) / V2:(No),"V1:(Yes, vehicle or trailer disabled) / V2:(No)",V1: S  / V2: U,Clear,MIDDLESEX,25000473,"V1:(No, not federally reportable) / V2:(No, not federally reportable)","No, not federally reportable",Roadway,At Address,No hit and run,,V1:(Collision with motor vehicle in traffic) / V2:(Collision with motor vehicle in traffic),None,"No, school bus not involved",25,"No, device not functioning", V1:(Collision with motor vehicle in traffic) V2:(Collision with motor vehicle in traffic),No,,,,,,,,238684.4015,909388.452,42.43405865,-71.0298597,35, BEACH STREET Rte 6,,,,,,,,,,,10666,2020,0.477,522,0.068,63,Both sides,City or Town accepted road,,9,9,0,No Shoulder,40,Bituminous concrete road,0,No Shoulder,2,0,0,None,Large Urbanized Area,Urban minor arterial or rural major collector,Boston (MA-NH-RI),,Mainline roadway,Two-way traffic,No Access Control,,30,BEACH STREET,REVERE CITY LINE,SALEM STREET,MALDEN,Good,Level Terrain,,Grown from Prior Year HPMS Network,,30,0,0,,,Minor Arterial
5597574,MALDEN,6/24/25,Property damage only (none injured),Open,4:39 PM,2025,No Apparent Injury (O),2,Local police,,21-24,55-64,,,04:00PM to 04:59PM,D1: (No improper driving)  / D2: (Unknown) ,,Collision with motor vehicle in traffic,Yes,Daylight,Angle,4,,,, PW20254644847,Dry,Four-way intersection,MAPC,0,0,Stop signs,"Two-way, not divided",V1: Travelling straight ahead / V2: Travelling straight ahead,"V1:(Light truck(van, mini-van, pickup, sport utility)) / V2:(Passenger car)",V1:(No) / V2:(No),"V1:(Yes, vehicle or trailer disabled) / V2:(Yes, vehicle or trailer disabled)",V1: N  / V2: E,Clear,MIDDLESEX,25000494,"V1:(No, not federally reportable) / V2:(No, not federally reportable)","No, not federally reportable",Roadway,At Intersection,No hit and run,,V1:(Collision with motor vehicle in traffic) / V2:(Collision with motor vehicle in traffic),None,"No, school bus not involved",25,"Yes, device functioning", V1:(Collision with motor vehicle in traffic) V2:(Collision with motor vehicle in traffic),No,,,,,,,,234485.1092,907649.9377,42.41860468,-71.08099757,, OAKLAND ST Rte E  / WEST ST Rte N,,,,,,,,,,,1154,,,,,,Both sides,City or Town accepted road,,7,7,0,No Shoulder,25,Bituminous concrete road,0,No Shoulder,2,0,0,None,Large Urbanized Area,Local,Boston (MA-NH-RI),,Mainline roadway,One-way traffic,No Access Control,,,OAKLAND STREET,DEAD END,JULIA STREET,MALDEN,Good,Level Terrain,,,,,0,0,,,Local
5597575,MALDEN,6/24/25,Unknown,Open,10:07 PM,2025,Not reported,1,Local police,,,,,,10:00PM to 10:59PM,,,Unknown,Yes,Unknown,Unknown,4,,,, PW20254644842,Unknown,Not at junction,MAPC,0,0,No controls,"Two-way, divided, unprotected median",V1: Unknown,V1:(Other),V1:(No),V1:(No),V1: U,Unknown,MIDDLESEX,25000495,"V1:(No, not federally reportable)","No, not federally reportable",Outside roadway,At Address,"Yes, hit and run",,V1:(Unknown),Unknown,"No, school bus not involved",25,Not reported,,No,,,,,,,,236385.0158,908419.2396,42.42544401,-71.0578652,136, FRANKLIN ST Rte 6,,,,,,,,,,,1154,,,,,,Both sides,City or Town accepted road,,7,7,0,No Shoulder,25,Bituminous concrete road,0,No Shoulder,2,0,0,None,Large Urbanized Area,Local,Boston (MA-NH-RI),,Mainline roadway,Two-way traffic,No Access Control,,,FRANKLIN STREET,UPHAM STREET,SALEM STREET,MALDEN,Good,Rolling Terrain,,,,,0,0,,,Local
5597577,MALDEN,6/23/25,Property damage only (none injured),Open,4:49 PM,2025,No Apparent Injury (O),1,Local police,,16-17,16-17,,,04:00PM to 04:59PM,D1: (No improper driving) ,D1: Not Distracted,Collision with curb,Yes,Daylight,Single vehicle crash,4,,,, PW20254644844,Dry,Traffic circle,MAPC,0,0,No controls,"One-way, not divided",V1: Turning left,V1:(Passenger car),V1:(No),"V1:(Yes, vehicle or trailer disabled)",V1: N,Clear,MIDDLESEX,25000487,"V1:(No, not federally reportable)","No, not federally reportable",Roadway,Operator Designated,No hit and run,,V1:(Collision with curb),None,"No, school bus not involved",20,Not reported, V1:(Collision with curb),No,,,,,,,,237424.5635,908565.5836,42.42671227,-71.04522382,, MAPLEWOOD STREET, Rte L04213,150 feet S  of,,,,,,,,,,,,,,,,Unaccepted by city or town,,0,0,0,No Shoulder,0,0,0,No Shoulder,0,0,0,None,Large Urbanized Area,Local,Boston (MA-NH-RI),,,,No Access Control,,,,,,MALDEN,,Level Terrain,,,,,0,0,,,Local
5597578,MALDEN,6/27/25,Unknown,Open,12:27 PM,2025,Not reported,2,Local police,,25-34,25-34,,,12:00PM to 12:59PM,D1: (Inattention) ,,Collision with parked motor vehicle,Yes,Daylight,Angle,4,,,, PW20254644845,Dry,Not at junction,MAPC,0,0,No controls,"Two-way, not divided",V1: Backing / V2: Parked,V1:(Passenger car) / V2:(Passenger car),V1:(No) / V2:(No),V1:(No) / V2:(No),V1: E  / V2: Not Reported,Clear,MIDDLESEX,25000498,"V1:(No, not federally reportable) / V2:(No, not federally reportable)","No, not federally reportable",Outside roadway,At Address,"Yes, hit and run",,V1:(Collision with parked motor vehicle) / V2:(Collision with motor vehicle in traffic),None,"No, school bus not involved",25,"Yes, device functioning", V1:(Collision with parked motor vehicle) V2:(Collision with motor vehicle in traffic),No,,,,,,,,236952.2377,908872.584,42.42949857,-71.05094369,655, EASTERN AV Rte 6,,,,,,,,,,,15764,2020,0.558,725,0.155,173,Both sides,City or Town accepted road,,6,6,0,No Shoulder,28,Bituminous concrete road,8,Hardened bituminous mix or penetration,2,0,0,None,Large Urbanized Area,Rural minor arterial or urban principal arterial,Boston (MA-NH-RI),,Mainline roadway,Two-way traffic,No Access Control,,30,EASTERN AVENUE,MAIN STREET,LYNN STREET,MALDEN,Good,Level Terrain,,Pulled back from HPMS network estimation routine,,30,Surfaced shoulder exists – Portland Cement Concrete surface (PCC,8,,,Principal Arterial - Other
5597579,MALDEN,6/24/25,Non-fatal injury,Open,10:47 AM,2025,Possible Injury (C),2,Local police,,16-17,35-44,,,10:00AM to 10:59AM,D1: (Unknown)  / D2: (Unknown) ,,Collison with moped,Yes,Daylight,Angle,4,,,, PW20254644850,Dry,Four-way intersection,MAPC,0,1,Stop signs,"Two-way, divided, unprotected median",V1: Travelling straight ahead / V2: Travelling straight ahead,V1:(Passenger car) / V2:(Other),V1:(No) / V2:(No),"V1:(No) / V2:(Yes, vehicle or trailer disabled)",V1: S  / V2: W,Clear,MIDDLESEX,25000493,"V1:(No, not federally reportable) / V2:(No, not federally reportable)","No, not federally reportable",Unknown,At Intersection,No hit and run,,V1:(Collision with moped) / V2:(Collision with moped),Unknown,"No, school bus not involved",25,"No, device not functioning", V1:(Collision with moped) V2:(Collision with moped),No,,,,,,,,234550.3436,907995.3748,42.4217116,-71.08018431,, ADAMS ST Rte W  / HIGHLAND AV Rte S,,,,,,,,,,,1154,,,,,,Both sides,City or Town accepted road,,8,8,0,No Shoulder,25,Bituminous concrete road,0,No Shoulder,2,0,0,None,Large Urbanized Area,Local,Boston (MA-NH-RI),,Mainline roadway,One-way traffic,No Access Control,,,ADAMS STREET,FELLSWAY,COMMERCIAL STREET,MALDEN,Good,Level Terrain,,,,,0,0,,,Local
5597580,MALDEN,6/17/25,Property damage only (none injured),Open,3:37 PM,2025,Not reported,1,Local police,,,,,,03:00PM to 03:59PM,,,Collision with parked motor vehicle,Yes,Daylight,"Sideswipe, same direction",4,,,, PW20254644849,Dry,Not at junction,MAPC,0,0,No controls,"Two-way, not divided",V1: Parked,"V1:(Light truck(van, mini-van, pickup, sport utility))",V1:(No),V1:(No),V1: N,Cloudy,MIDDLESEX,25000468,"V1:(No, not federally reportable)","No, not federally reportable",Roadside,At Address,No hit and run,,V1:(Collision with motor vehicle in traffic),None,"No, school bus not involved",25,Not reported, V1:(Collision with motor vehicle in traffic),No,,,,,,,,235193.128,909247.5722,42.4329558,-71.07229778,173, WASHINGTON ST Rte N,,,,,,,,,,,2718,2020,0.21,132,0,16,Both sides,City or Town accepted road,,7,7,0,No Shoulder,25,Bituminous concrete road,0,No Shoulder,2,0,0,None,Large Urbanized Area,Urban collector or rural minor collector,Boston (MA-NH-RI),,Mainline roadway,Two-way traffic,No Access Control,,99,WASHINGTON STREET,MELROSE CITY LINE,CLIFTON STREET,MALDEN,Fair,Level Terrain,,Grown from Prior Year HPMS Network,,99,0,0,,,Major Collector
5597581,MALDEN,6/25/25,Non-fatal injury,Open,4:40 PM,2025,Suspected Minor Injury (B),2,Local police,,25-34,25-34,,,04:00PM to 04:59PM,D1: (Made an improper turn)  / D2: (No improper driving) ,D1: Not Distracted / D2: Not Distracted,Collision with motor vehicle in traffic,No,Daylight,Angle,4,,,, PW20254644846,Dry,Not at junction,MAPC,0,1,No controls,"Two-way, not divided",V1: Making U-turn / V2: Travelling straight ahead,V1:(Passenger car) / V2:(Motorcycle),V1:(No) / V2:(No),V1:(No) / V2:(No),V1: W  / V2: W,Clear,MIDDLESEX,25000496,"V1:(No, not federally reportable) / V2:(No, not federally reportable)","No, not federally reportable",Roadway,,No hit and run,,V1:(Collision with motor vehicle in traffic) / V2:(Collision with motor vehicle in traffic),None,"No, school bus not involved",25,"No, device not functioning", V1:(Collision with motor vehicle in traffic) V2:(Collision with motor vehicle in traffic),No,,,,,,,,,,,,, LYNN STREET,,,,,,,,,,,,2020,0.232,,0,,Both sides,City or Town accepted road,,,,0,No Shoulder,,Bituminous concrete road,0,No Shoulder,2,0,0,None,Large Urbanized Area,Urban minor arterial or rural major collector,Boston (MA-NH-RI),,Mainline roadway,Two-way traffic,No Access Control,,,LYNN STREET,,,MALDEN,,,,Grown from Prior Year HPMS Network,,,0,0,,,Minor Arterial
5597583,MALDEN,6/24/25,Non-fatal injury,Open,1:27 AM,2025,Suspected Minor Injury (B),2,Local police,,18-20,18-20,,,01:00AM to 01:59AM,"D1: (Unknown)  / D2: (Unknown),(Unknown) ",,Collision with motor vehicle in traffic,Yes,Dark - lighted roadway,"Sideswipe, opposite direction",4,,,, PW20254644851,Dry,Not at junction,MAPC,0,1,No controls,Unknown,V1: Other / V2: Unknown,V1:(Passenger car) / V2:(Passenger car),V1:(No) / V2:(No),"V1:(Yes, vehicle or trailer disabled) / V2:(Yes, vehicle or trailer disabled)",V1: N  / V2: W,Clear/Clear,MIDDLESEX,25000490,"V1:(No, not federally reportable) / V2:(No, not federally reportable)","No, not federally reportable",Unknown,At Address,No hit and run,,V1:(Collision with motor vehicle in traffic) / V2:(Collision with motor vehicle in traffic),None,"No, school bus not involved",25,Not reported, V1:(Collision with motor vehicle in traffic) V2:(Collision with motor vehicle in traffic),No,,,,,,,,237689.2123,908422.9158,42.42541515,-71.04201723,60, BROADWAY Rte 6,,,,,,,,,,,,,,,,,,,,,,,,,,,,,,,,,,,,,,,,,,,,,,,,,,,,,,,
5597695,MALDEN,6/30/25,Unknown,Open,8:14 AM,2025,Not reported,2,Local police,,,,,,08:00AM to 08:59AM,,,Collision with parked motor vehicle,Yes,Unknown,Unknown,4,,,, PW20254644814,Unknown,Not at junction,MAPC,0,0,No controls,"Two-way, divided, unprotected median",V1: Parked / V2: Unknown,V1:(Passenger car) / V2:(Passenger car),V1:(No) / V2:(No),V1:(No) / V2:(No),V1: E  / V2: U,Unknown,MIDDLESEX,25000504,"V1:(No, not federally reportable) / V2:(No, not federally reportable)","No, not federally reportable",Roadside,At Address,"Yes, hit and run",,V1:(Unknown) / V2:(Collision with parked motor vehicle),Unknown,"No, school bus not involved",25,Not reported, V2:(Collision with parked motor vehicle),No,,,,,,,,237813.2808,909373.3596,42.43396552,-71.04044741,852, SALEM ST Rte E,,,,,,,,,,,12071,2020,0.477,592,0.068,72,Both sides,City or Town accepted road,,10,9,0,No Shoulder,41,Bituminous concrete road,0,No Shoulder,2,0,0,None,Large Urbanized Area,Urban minor arterial or rural major collector,Boston (MA-NH-RI),,Mainline roadway,Two-way traffic,No Access Control,,30,SALEM STREET,MAIN STREET ,,MALDEN,Good,Level Terrain,,Grown from Prior Year HPMS Network,,30,0,0,,,Minor Arterial
5597696,MALDEN,6/18/25,Property damage only (none injured),Open,6:26 AM,2025,No Apparent Injury (O),2,Local police,,45-54,55-64,,,06:00AM to 06:59AM,"D1: (Unknown),(Unknown)  / D2: (Unknown),(Unknown) ",,Collision with motor vehicle in traffic,Yes,Daylight,Angle,4,,,, PW20254644820,Wet,Four-way intersection,MAPC,0,0,Traffic control signal,"Two-way, divided, unprotected median",V1: Travelling straight ahead / V2: Travelling straight ahead,"V1:(Passenger car) / V2:(Light truck(van, mini-van, pickup, sport utility))",V1:(No) / V2:(No),"V1:(No) / V2:(Yes, vehicle or trailer disabled)",V1: S  / V2: W,Rain/Cloudy,MIDDLESEX,25000470,"V1:(No, not federally reportable) / V2:(No, not federally reportable)","No, not federally reportable",Roadway,At Intersection,No hit and run,,V1:(Collision with motor vehicle in traffic) / V2:(Collision with motor vehicle in traffic),None,"No, school bus not involved",30,"Yes, device functioning", V1:(Collision with motor vehicle in traffic) V2:(Collision with motor vehicle in traffic),No,,,,,,,,234990.7655,908169.4374,42.42325897,-71.07482236,, CHARLES ST Rte W  / COMMERCIAL ST Rte S,,,,,,,,,,,14942,2020,0.477,732,0.068,89,Both sides,City or Town accepted road,,7,7,0,No Shoulder,49,Surface-treated road,0,No Shoulder,2,0,0,None,Large Urbanized Area,Urban minor arterial or rural major collector,Boston (MA-NH-RI),,Mainline roadway,Two-way traffic,No Access Control,,99,CHARLES STREET,MAIN STREET,FELLSWAY,MALDEN,Good,Level Terrain,,Grown from Prior Year HPMS Network,,99,0,0,,,Minor Arterial
5598070,MALDEN,5/4/25,Property damage only (none injured),Open,12:28 PM,2025,No Apparent Injury (O),2,Local police,,55-64,65-74,,,12:00PM to 12:59PM,D1: (No improper driving)  / D2: (No improper driving) ,D1: Not Distracted / D2: Not Distracted,Collision with motor vehicle in traffic,Yes,Daylight,Rear-end,4,,,, PW20254645364,Dry,Not at junction,MAPC,0,0,No controls,"Two-way, not divided",V1: Travelling straight ahead / V2: Travelling straight ahead,V1:(Passenger car) / V2:(Passenger car),V1:(No) / V2:(No),"V1:(No) / V2:(Yes, vehicle or trailer disabled)",V1: S  / V2: S,Clear,MIDDLESEX,25000346,"V1:(No, not federally reportable) / V2:(No, not federally reportable)","No, not federally reportable",Roadway,At Address,No hit and run,,V1:(Collision with motor vehicle in traffic) / V2:(Collision with motor vehicle in traffic),None,"No, school bus not involved",30,"Yes, device functioning", V1:(Collision with motor vehicle in traffic) V2:(Collision with motor vehicle in traffic),No,,,,,,,,237862.733,909065.0255,42.43118734,-71.03986663,231, BROADWAY Rte S,,,,,,,,,,,24974,2020,0.33,974,0.105,275,Both sides,City or Town accepted road,,10,10,0,No Shoulder,44,Bituminous concrete road,0,No Shoulder,2,0,0,None,Large Urbanized Area,Rural minor arterial or urban principal arterial,Boston (MA-NH-RI),,Mainline roadway,Two-way traffic,No Access Control,,30,BROADWAY,EVERETT CITY LINE,MELROSE CITY LINE,MALDEN,Good,Level Terrain,,Grown from Prior Year HPMS Network,,30,0,0,,,Principal Arterial - Other
5598072,MALDEN,5/16/25,Property damage only (none injured),Open,3:34 PM,2025,No Apparent Injury (O),2,Local police,,25-34,25-34,,,03:00PM to 03:59PM,D1: (Inattention) ,,Collision with motor vehicle in traffic,Yes,Daylight,Angle,4,,,, PW20254645366,Dry,Four-way intersection,MAPC,0,0,Traffic control signal,"Two-way, divided, unprotected median",V1: Travelling straight ahead / V2: Travelling straight ahead,V1:(Passenger car) / V2:(Passenger car),V1:(No) / V2:(No),"V1:(Yes, vehicle or trailer disabled) / V2:(Yes, vehicle or trailer disabled)",V1: N  / V2: E,Clear,MIDDLESEX,25000385,"V1:(No, not federally reportable) / V2:(No, not federally reportable)","No, not federally reportable",Roadway,At Intersection,No hit and run,,V1:(Collision with motor vehicle in traffic) / V2:(Collision with motor vehicle in traffic),None,"No, school bus not involved",25,"Yes, device functioning"," V1:(Collision with motor vehicle in traffic),(Collision with other fixed object(wall, building, tunnel, etc.)) V2:(Collision with motor vehicle in traffic)",No,,,,,,,,236224.2969,907412.4378,42.41638772,-71.05988128,, BELMONT ST Rte    / HANCOCK ST Rte,,,,,,,,,,,2822,2020,0.21,137,0,17,Both sides,City or Town accepted road,,8,8,0,No Shoulder,30,Bituminous concrete road,0,No Shoulder,2,0,0,None,Large Urbanized Area,Urban collector or rural minor collector,Boston (MA-NH-RI),,Mainline roadway,Two-way traffic,No Access Control,,99,BELMONT STREET,FERRY STREET,MAIN STREET,MALDEN,Good,Rolling Terrain,,Grown from Prior Year HPMS Network,,99,0,0,,,Major Collector
5598073,MALDEN,5/12/25,Unknown,Open,6:23 AM,2025,Not reported,1,Local police,,,,,,06:00AM to 06:59AM,,,Collision with parked motor vehicle,Yes,Dark - lighted roadway,Unknown,4,,,, PW20254645363,Dry,Not at junction,MAPC,0,0,No controls,"Two-way, not divided",V1: Parked,V1:(Passenger car),V1:(No),V1:(No),V1: W,Clear,MIDDLESEX,25000395,"V1:(No, not federally reportable)","No, not federally reportable",Roadway,At Address,"Yes, hit and run",,V1:(Collision with parked motor vehicle),None,"No, school bus not involved",25,"Yes, device functioning", V1:(Collision with parked motor vehicle),No,,,,,,,,236235.2846,907567.3664,42.41778196,-71.05973806,9, FAIRMONT ST Rte W,,,,,,,,,,,1154,,,,,,Both sides,City or Town accepted road,,7,7,0,No Shoulder,25,Bituminous concrete road,0,No Shoulder,2,0,0,None,Large Urbanized Area,Local,Boston (MA-NH-RI),,Mainline roadway,Two-way traffic,No Access Control,,,FAIRMONT STREET,BOSTON STREET,FERRY STREET,MALDEN,Good,Level Terrain,,,,,0,0,,,Local
5598074,MALDEN,5/29/25,Property damage only (none injured),Open,2:34 PM,2025,No Apparent Injury (O),2,Local police,,25-34,45-54,,,02:00PM to 02:59PM,D1: (Unknown)  / D2: (Unknown) ,,Collision with motor vehicle in traffic,Yes,Daylight,Rear-end,4,,,, PW20254645365,Dry,Not at junction,MAPC,0,0,Flashing traffic control signal,"Two-way, not divided",V1: Travelling straight ahead / V2: Backing,V1:(Passenger car) / V2:(Passenger car),V1:(No) / V2:(No),"V1:(Yes, vehicle or trailer disabled) / V2:(No)",V1: E  / V2: N,Clear/Clear,MIDDLESEX,25000422,"V1:(No, not federally reportable) / V2:(No, not federally reportable)","No, not federally reportable",Roadway,At Address,No hit and run,,V1:(Collision with motor vehicle in traffic) / V2:(Collision with motor vehicle in traffic),None,"No, school bus not involved",25,"Yes, device functioning", V1:(Collision with motor vehicle in traffic) V2:(Collision with motor vehicle in traffic),No,,,,,,,,236159.6394,908896.4395,42.42975049,-71.06057395,191, SALEM ST Rte E,,,,,,,,,,,13977,2020,0.477,684,0.068,84,Both sides,City or Town accepted road,,9,9,0,No Shoulder,40,Bituminous concrete road,0,No Shoulder,2,0,0,None,Large Urbanized Area,Urban minor arterial or rural major collector,Boston (MA-NH-RI),,Mainline roadway,Two-way traffic,No Access Control,,30,SALEM STREET,MAIN STREET ,,MALDEN,Good,Level Terrain,,Grown from Prior Year HPMS Network,,30,0,0,,,Minor Arterial
5598075,MALDEN,5/2/25,Property damage only (none injured),Open,2:13 PM,2025,No Apparent Injury (O),2,Local police,,18-20,21-24,,,02:00PM to 02:59PM,D1: (Failure to keep in proper lane or running off road)  / D2: (No improper driving) ,D2: Not Distracted,Collision with motor vehicle in traffic,Yes,Daylight,Head-on,4,,,, PW20254645367,Dry,Not at junction,MAPC,0,0,No controls,"Two-way, not divided",V1: Travelling straight ahead / V2: Travelling straight ahead,V1:(Passenger car) / V2:(Passenger car),V1:(No) / V2:(No),"V1:(Yes, vehicle or trailer disabled) / V2:(Yes, vehicle or trailer disabled)",V1: W  / V2: E,Clear,MIDDLESEX,25000340,"V1:(No, not federally reportable) / V2:(No, not federally reportable)","No, not federally reportable",Roadway,At Address,No hit and run,,V1:(Collision with motor vehicle in traffic) / V2:(Collision with motor vehicle in traffic),None,"No, school bus not involved",20,Not reported, V1:(Collision with motor vehicle in traffic) V2:(Collision with motor vehicle in traffic),No,,,,,,,,235411.8117,909148.105,42.43205044,-71.06964626,43, CLIFTON ST Rte E,,,,,,,,,,,2651,2020,0.21,129,0,16,Both sides,City or Town accepted road,,7,7,0,No Shoulder,25,Bituminous concrete road,0,No Shoulder,2,0,0,None,Large Urbanized Area,Urban collector or rural minor collector,Boston (MA-NH-RI),,Mainline roadway,Two-way traffic,No Access Control,,99,CLIFTON STREET,WASHINGTON STREET,MAIN STREET ,MALDEN,Good,Level Terrain,,Grown from Prior Year HPMS Network,,99,0,0,,,Major Collector
5598076,MALDEN,5/3/25,Property damage only (none injured),Open,1:23 PM,2025,No Apparent Injury (O),2,Local police,,25-34,25-34,,,01:00PM to 01:59PM,D1: (No improper driving) ,D1: Not Distracted,Collision with parked motor vehicle,Yes,Daylight,"Sideswipe, same direction",4,,,, PW20254645369,Dry,Not at junction,MAPC,0,0,No controls,"One-way, not divided",V1: Backing / V2: Parked,V1:(Passenger car) / V2:(Passenger car),V1:(No) / V2:(No),V1:(No) / V2:(No),V1: W  / V2: Not Reported,Clear,MIDDLESEX,25000341,"V1:(No, not federally reportable) / V2:(No, not federally reportable)","No, not federally reportable",Roadway,At Address,No hit and run,,V1:(Collision with parked motor vehicle) / V2:(Collision with parked motor vehicle),None,"No, school bus not involved",25,Not reported, V1:(Collision with parked motor vehicle) V2:(Collision with parked motor vehicle),No,,,,,,,,235453.4607,909211.1487,42.4326161,-71.06913624,25, VERNON ST Rte E,,,,,,,,,,,1154,,,,,,Both sides,City or Town accepted road,,7,7,0,No Shoulder,25,Bituminous concrete road,0,No Shoulder,2,0,0,None,Large Urbanized Area,Local,Boston (MA-NH-RI),,Mainline roadway,One-way traffic,No Access Control,,,VERNON STREET,MAIN STREET,LINDEN AVENUE,MALDEN,Good,Level Terrain,,,,,0,0,,,Local
5598077,MALDEN,5/4/25,Property damage only (none injured),Open,11:54 AM,2025,Not Applicable,1,Local police,,65-74,65-74,,,11:00AM to 11:59AM,D1: (Unknown) ,,Collision with parked motor vehicle,Yes,Dark - lighted roadway,"Sideswipe, same direction",4,,,, PW20254645368,Dry,Not at junction,MAPC,0,0,No controls,"Two-way, not divided",V1: Parked,V1:(Passenger car),V1:(No),V1:(No),V1: S,Clear,MIDDLESEX,25000345,"V1:(No, not federally reportable)","No, not federally reportable",Roadway,At Address,"Yes, hit and run",,V1:(Collision with parked motor vehicle),None,"No, school bus not involved",30,"Yes, device functioning", V1:(Collision with parked motor vehicle),No,,,,,,,,238925.1112,908848.2783,42.42918376,-71.02697077,12, MORRIS ST Rte S,,,,,,,,,,,1154,,,,,,None,Unaccepted by city or town,,5,5,0,No Shoulder,16,Surface-treated road,2,Unstable shoulder,2,0,0,None,Large Urbanized Area,Local,Boston (MA-NH-RI),,Mainline roadway,Two-way traffic,No Access Control,,,MORRIS STREET,BLAINE STREET,MONROE STREET,MALDEN,Deficient,Level Terrain,,,,,0,0,,,Local
5598079,MALDEN,5/8/25,Property damage only (none injured),Open,7:46 AM,2025,No Apparent Injury (O),1,Local police,,35-44,35-44,,,07:00AM to 07:59AM,D1: (Other improper action) ,D1: Not Distracted,Collision with utility pole,Yes,Daylight,Single vehicle crash,4,,,, PW20254645371,Dry,Four-way intersection,MAPC,0,0,Traffic control signal,"Two-way, not divided",V1: Turning right,V1:(Truck/trailer),V1:(No),V1:(No),V1: E,Clear,MIDDLESEX,25000360,"V1:(No, not federally reportable)","No, not federally reportable",Outside roadway,At Intersection,No hit and run,,V1:(Collision with utility pole),None,"No, school bus not involved",25,"Yes, device functioning", V1:(Collision with utility pole),No,,,,,,,,239057.7813,909173.0624,42.43210099,-71.02533659,, BEACH ST Rte N  / LYNN ST Rte E,,,,,,,,,,,17268,2020,0.558,794,0.155,190,Both sides,City or Town accepted road,,6,6,0,No Shoulder,28,Bituminous concrete road,0,No Shoulder,2,0,0,None,Large Urbanized Area,Rural minor arterial or urban principal arterial,Boston (MA-NH-RI),,Mainline roadway,Two-way traffic,No Access Control,,35,BEACH STREET,REVERE CITY LINE,SALEM STREET,MALDEN,Good,Level Terrain,,Pulled back from HPMS network estimation routine,,35,0,0,,,Principal Arterial - Other