Crash Number,City Town Name,Crash Date,Crash Severity,Crash Status,Crash Time,Crash Year,Max Injury Severity Reported,Number of Vehicles,Police Agency Type,State Police Troop,Age of Driver - Youngest Known,Age of Driver - Oldest Known,Age of Vulnerable User - Youngest Known,Age of Vulnerable User - Oldest Known,Crash Hour,Driver Contributing Circumstances (All Drivers),Driver Distracted By (All Vehicles),First Harmful Event,Is Geocoded,Light Conditions,Manner of Collision,MassDOT District,Vulnerable User Action (All Persons),Vulnerable User Location (All Persons),Vulnerable User Type (All Persons),RMV Document Numbers,Road Surface Condition,Roadway Junction Type,RPA Abbreviation,Total Fatalities,Total Non-Fatal Injuries,Traffic Control Device Type,Trafficway Description,Vehicle Actions Prior to Crash (All Vehicles),Vehicle Configuration (All Vehicles),Vehicle Emergency Use (All Vehicles),Vehicle Towed From Scene (All Vehicles),Vehicle Travel Directions (All Vehicles),Weather Conditions,County Name,Crash Report IDs,FMCSA Reportable (All Vehicles),FMCSA Reportable (Crash),First Harmful Event Location,Geocoding Method,Hit and Run,Locality,Most Harmful Event (All Vehicles),Road Contributing Circumstance,School Bus Related,Speed Limit,Traffic Control Device Function,Vehicle Sequence of Events (All Vehicles),Work Zone Related,Vulnerable User Sequence of Events (All Persons),Vulnerable User Distracted By (All Persons),Vulnerable User Traffic Control Type (All persons),Vulnerable User Origin Destination (All Persons),Vulnerable User Contributing Circumstances (All Persons),Vulnerable User Alcohol Suspected Type (All Persons),Vulnerable User Drug Suspected Type (All Persons),X,Y,Latitude,Longitude,Street Number,Roadway,Near Intersection Roadway,Distance and Direction From Intersection,Milemarker,Milemarker Route,Distance and Direction From Milemarker,Exit Number,Exit Route,Distance and Direction From Exit,Landmark,Distance and Direction From Landmark,AADT-linked RD,AADT Year-linked RD,Peak % Single Unit Trucks-linked RD,Single-Unit Truck and Bus AADT-linked RD,Peak % Combo Trucks-linked RD,Combination Truck AADT-linked RD,Curb-linked RD-linked RD,Jurisdiction-linked RD,Truck Route-linked RD,Left Sidewalk Width-linked RD,Right Sidewalk Width-linked RD,Left Shoulder Width-linked RD,Left Shoulder Type-linked RD,Surface Width-linked RD,Surface Type-linked RD,Right Shoulder Width-linked RD,Right Shoulder Type-linked RD,Number of Travel Lanes-linked RD,Number of Opposing Travel Lanes-linked RD,Median Width-linked RD,Median Type-linked RD,Urban Type-linked RD,Functional Classification-linked RD,Urbanized Area-linked RD,Federal Aid Route Number-linked RD,Facility Type-linked RD,Street Operation-linked RD,Access Control-linked RD,Number of Peak Hour Lanes-linked RD,Speed Limit-linked RD,Street Name-linked RD,From Street Name-linked RD,To Street Name-linked RD,City-linked RD-linked RD,Structural Condition-linked RD,Terrain-linked RD,Urban Location Type-linked RD,AADT Derivation-linked RD,AADT Station Number-linked RD,Opposing Direction Speed Limit-linked RD,Undivided Left Shoulder Type-linked RD,Undivided Left Shoulder Width-linked RD,Truck Exclusion Type-linked RD,Truck Exclusion Time-linked RD,Federal Functional Classification-linked RD
5598080,MALDEN,5/27/25,Property damage only (none injured),Open,2:43 PM,2025,No Apparent Injury (O),1,Local police,,75-84,75-84,,,02:00PM to 02:59PM,D1: (Inattention) ,,Collision with other light pole or other post/support,Yes,Daylight,Single vehicle crash,4,,,, PW20254645372,Dry,Not at junction,MAPC,0,0,No controls,"One-way, not divided",V1: Backing,V1:(Passenger car),V1:(No),V1:(No),V1: N,Clear,MIDDLESEX,25000411,"V1:(No, not federally reportable)","No, not federally reportable",Unknown,Off Intersection,"Yes, hit and run",,V1:(Collision with light pole or other post/support),None,"No, school bus not involved",25,Not reported, V1:(Collision with light  pole or other post/support),No,,,,,,,,235233.0158,908549.9176,42.42667335,-71.07185559,, ABBOTT STREET  S, EXCHANGE STREET Rte,100 feet    of,,,,,,,,,1154,,,,,,Both sides,Unaccepted by city or town,,6,6,0,No Shoulder,36,Bituminous concrete road,0,No Shoulder,2,0,0,None,Large Urbanized Area,Local,Boston (MA-NH-RI),,Mainline roadway,One-way traffic,No Access Control,,,ABBOTT STREET,CENTRE STREET ,PLEASANT STREET ,MALDEN,Good,Rolling Terrain,,,,,0,0,,,Local
5598764,MALDEN,7/5/25,Property damage only (none injured),Open,3:54 PM,2025,No Apparent Injury (O),1,Local police,,21-24,21-24,,,03:00PM to 03:59PM,D1: (No improper driving) ,D1: Not Distracted,Collision with motor vehicle in traffic,Yes,Daylight,"Sideswipe, same direction",4,,,, PW20254646112,Dry,Not at junction,MAPC,0,0,No controls,"Two-way, not divided",V1: Turning right,V1:(Passenger car),V1:(No),V1:(No),V1: E,Clear,MIDDLESEX,25000517,"V1:(No, not federally reportable)","No, not federally reportable",Roadway,At Address,"Yes, hit and run",,V1:(Collision with motor vehicle in traffic),None,"No, school bus not involved",30,Not reported, V1:(Collision with motor vehicle in traffic),No,,,,,,,,236327.4802,908641.3937,42.42744664,-71.05855036,366, EASTERN AV Rte W,,,,,,,,,,,15279,2020,0.558,702,0.155,168,Both sides,City or Town accepted road,,6,6,0,No Shoulder,28,Bituminous concrete road,8,Hardened bituminous mix or penetration,2,0,0,None,Large Urbanized Area,Rural minor arterial or urban principal arterial,Boston (MA-NH-RI),,Mainline roadway,Two-way traffic,No Access Control,,30,EASTERN AVENUE,MAIN STREET,LYNN STREET,MALDEN,Good,Level Terrain,,Pulled back from HPMS network estimation routine,,30,Surfaced shoulder exists – Portland Cement Concrete surface (PCC,8,,,Principal Arterial - Other
5598770,MALDEN,7/8/25,Non-fatal injury,Open,1:42 PM,2025,Suspected Minor Injury (B),2,Local police,,21-24,25-34,,,01:00PM to 01:59PM,D1: (Inattention)  / D2: (No improper driving) ,D2: Not Distracted,Collision with motor vehicle in traffic,Yes,Daylight,Angle,4,,,, PW20254646116,Dry,Not at junction,MAPC,0,1,No controls,"Two-way, divided, unprotected median",V1: Turning left / V2: Travelling straight ahead,V1:(Passenger car) / V2:(Passenger car),V1:(No) / V2:(No),V1:(No) / V2:(No),V1: S  / V2: S,Clear,MIDDLESEX,25000524,"V1:(No, not federally reportable) / V2:(No, not federally reportable)","No, not federally reportable",Roadway,At Address,No hit and run,,V1:(Collision with motor vehicle in traffic) / V2:(Collision with motor vehicle in traffic),None,"No, school bus not involved",25,"Yes, device functioning", V1:(Collision with motor vehicle in traffic) V2:(Collision with motor vehicle in traffic),No,,,,,,,,237720.3647,908537.575,42.42644587,-71.0416312,100, BROADWAY Rte S,,,,,,,,,,,20559,2020,0.33,801,0.105,224,Both sides,City or Town accepted road,,6,6,0,No Shoulder,46,Bituminous concrete road,0,No Shoulder,4,0,0,None,Large Urbanized Area,Rural minor arterial or urban principal arterial,Boston (MA-NH-RI),,Mainline roadway,Two-way traffic,No Access Control,,35,BROADWAY,EVERETT CITY LINE,MELROSE CITY LINE,MALDEN,Good,Level Terrain,,Grown from Prior Year HPMS Network,,35,0,0,,,Principal Arterial - Other
5598771,MALDEN,7/4/25,Non-fatal injury,Open,6:41 PM,2025,Suspected Minor Injury (B),1,Local police,,75-84,75-84,21-24,21-24,06:00PM to 06:59PM,D1: (Unknown) ,,Collision with pedestrian,Yes,Daylight,"Sideswipe, opposite direction",4," VU2: Walking, running or cycling", VU2: Marked crosswalk at intersection (includes use of paint raised or other roadway material), VU2: Motorized Scooter Rider, PW20254646119,Dry,Four-way intersection,MAPC,0,1,Traffic control signal,"Two-way, not divided",V1: Turning left,V1:(Passenger car),V1:(No),V1:(No),V1: E,Clear,MIDDLESEX,25000514,"V1:(No, not federally reportable)","No, not federally reportable",Roadway,At Intersection,No hit and run,,V1:(Collision with pedestrian),Unknown,"No, school bus not involved",25,"Yes, device functioning", V1:(Collision with pedestrian),No, VU2:(Walking/Cycling Along Roadway with Traffic (In or Adjacent to Travel Lane)),, VU2: None,," VU2:(In Roadway (Standing, Lying, Working, Playing, etc.))", VU2: No, VU2: No,235610.9998,908176.5624,42.42329503,-71.0672855,, MAIN ST Rte S  / EASTERN Rte E,,,,,,,,,,,10345,2020,0.164,213,0.01,28,Both sides,City or Town accepted road,,10,10,0,No Shoulder,48,Bituminous concrete road,0,No Shoulder,2,0,0,None,Large Urbanized Area,Rural minor arterial or urban principal arterial,Boston (MA-NH-RI),,Mainline roadway,Two-way traffic,No Access Control,,30,MAIN STREET,MELROSE CITY LINE,EVERETT CITY LINE,MALDEN,Good,Level Terrain,,Pulled back from HPMS network estimation routine,,30,0,0,,,Principal Arterial - Other
5598773,MALDEN,7/11/25,Non-fatal injury,Open,1:13 AM,2025,Suspected Minor Injury (B),2,Local police,,25-34,25-34,,,01:00AM to 01:59AM,D2: (Over-correcting/over-steering) ,,Collision with parked motor vehicle,Yes,Dark - roadway not lighted,Single vehicle crash,4,,,, PW20254646117,Dry,Not at junction,MAPC,0,1,No controls,"Two-way, not divided",V1: Parked / V2: Turning left,V1:(Passenger car) / V2:(Passenger car),V1:(No) / V2:(No),"V1:(No) / V2:(Yes, vehicle or trailer disabled)",V1:    / V2: S,Clear,MIDDLESEX,25000530,"V1:(No, not federally reportable) / V2:(No, not federally reportable)","No, not federally reportable",Roadway,At Address,No hit and run,,V1:(Collision with parked motor vehicle) / V2:(Collision with tree),None,"No, school bus not involved",25,Not reported," V1:(Collision with parked motor vehicle) V2:(Collision with parked motor vehicle),(Collision with fence),(Collision with tree)",No,,,,,,,,238546.2357,910354.0638,42.44275839,-71.03147437,18, KNOLL ST Rte E,,,,,,,,,,,1154,,,,,,None,City or Town accepted road,,0,0,0,No Shoulder,18,Bituminous concrete road,2,Stable - Unruttable compacted subgrade,2,0,0,None,Large Urbanized Area,Local,Boston (MA-NH-RI),,Mainline roadway,Two-way traffic,No Access Control,,,KNOLL STREET,BLUE HILL AVENUE,BAYRD TERRACE,MALDEN,Good,Rolling Terrain,,,,,0,0,,,Local
5598774,MALDEN,7/4/25,Property damage only (none injured),Open,3:25 PM,2025,No Apparent Injury (O),1,Local police,,35-44,35-44,,,03:00PM to 03:59PM,D1: (No improper driving) ,,Collision with motor vehicle in traffic,Yes,Daylight,Angle,4,,,, PW20254646123,Dry,T-intersection,MAPC,0,0,Traffic control signal,"One-way, not divided",V1: Parked,V1:(Passenger car),V1:(No),V1:(No),V1:,Clear/Clear,MIDDLESEX,25000515,"V1:(No, not federally reportable)","No, not federally reportable",Roadway,At Address,No hit and run,,V1:(Collision with motor vehicle in traffic),None,"No, school bus not involved",20,"No, device not functioning", V1:(Collision with motor vehicle in traffic),No,,,,,,,,235768.1232,908858.3898,42.42942601,-71.06533408,36, SPRING ST Rte N,,,,,,,,,,,1154,,,,,,Both sides,City or Town accepted road,,6,5,0,No Shoulder,18,Surface-treated road,0,No Shoulder,2,0,0,None,Large Urbanized Area,Local,Boston (MA-NH-RI),,Mainline roadway,One-way traffic,No Access Control,,,SPRING STREET,TREMONT STREET,MAIN STREET,MALDEN,Good,Level Terrain,,,,,0,0,,,Local
5598775,MALDEN,7/7/25,Property damage only (none injured),Open,6:10 PM,2025,Not reported,1,Local police,,,,,,06:00PM to 06:59PM,,,Collision with motor vehicle in traffic,Yes,Unknown,"Sideswipe, same direction",4,,,, PW20254646118,Dry,Not at junction,MAPC,0,0,No controls,"One-way, not divided",V1: Parked,V1:(Passenger car),V1:(No),V1:(No),V1: E,Clear,MIDDLESEX,25000521,"V1:(No, not federally reportable)","No, not federally reportable",Roadway,At Address,"Yes, hit and run",,V1:(Collision with motor vehicle in traffic),None,"No, school bus not involved",20,Not reported, V1:(Collision with motor vehicle in traffic),No,,,,,,,,236151.5585,907974.0078,42.42144665,-71.06072988,67, WALNUT ST Rte E,,,,,,,,,,,1154,,,,,,Both sides,City or Town accepted road,,9,9,0,No Shoulder,30,Bituminous concrete road,0,No Shoulder,2,0,0,None,Large Urbanized Area,Local,Boston (MA-NH-RI),,Mainline roadway,One-way traffic,No Access Control,,,WALNUT STREET,FERRY STREET,BELMONT STREET,MALDEN,Good,Level Terrain,,,,,0,0,,,Local
5598778,MALDEN,7/13/25,Unknown,Open,3:23 AM,2025,Unknown,1,Local police,,21-24,21-24,,,03:00AM to 03:59AM,D1: (Unknown) ,,Collision with curb,Yes,Dark - lighted roadway,Single vehicle crash,4,,,, PW20254646122,Dry,Not at junction,MAPC,0,0,No controls,"Two-way, not divided",V1: Travelling straight ahead,V1:(Passenger car),V1:(No),V1:(No),V1: S,Clear,MIDDLESEX,25000535,"V1:(No, not federally reportable)","No, not federally reportable",Roadway,At Address,No hit and run,,V1:(Collision with curb),Unknown,"No, school bus not involved",25,Not reported, V1:(Collision with curb),No,,,,,,,,237333.6249,909643.7526,42.43642285,-71.04625918,162, LEBANON ST Rte S,,,,,,,,,,,13306,2020,0.477,652,0.068,80,Both sides,City or Town accepted road,,7,7,0,No Shoulder,34,Bituminous concrete road,0,No Shoulder,2,0,0,None,Large Urbanized Area,Urban minor arterial or rural major collector,Boston (MA-NH-RI),,Mainline roadway,Two-way traffic,No Access Control,,30,LEBANON STREET,MELROSE CITY LINE,SALEM STREET,MALDEN,Good,Level Terrain,,Grown from Prior Year HPMS Network,,30,0,0,,,Minor Arterial
5598779,MALDEN,7/8/25,Property damage only (none injured),Open,6:25 PM,2025,No Apparent Injury (O),2,Local police,,25-34,35-44,,,06:00PM to 06:59PM,D1: (Failed to yield right of way)  / D2: (No improper driving) ,D1: Not Distracted / D2: Not Distracted,Collision with motor vehicle in traffic,Yes,Daylight,Angle,4,,,, PW20254646124,Dry,Four-way intersection,MAPC,0,0,Stop signs,"Two-way, not divided",V1: Travelling straight ahead / V2: Travelling straight ahead,"V1:(Passenger car) / V2:(Light truck(van, mini-van, pickup, sport utility))",V1:(No) / V2:(No),V1:(No) / V2:(No),V1: W  / V2: S,Clear,MIDDLESEX,25000525,"V1:(No, not federally reportable) / V2:(No, not federally reportable)","No, not federally reportable",Roadway,At Intersection,No hit and run,,V1:(Collision with motor vehicle in traffic) / V2:(Collision with motor vehicle in traffic),None,"No, school bus not involved",25,"Yes, device functioning", V1:(Collision with motor vehicle in traffic) V2:(Collision with motor vehicle in traffic),No,,,,,,,,234562.2968,907922.0001,42.42105052,-71.08004346,, EMERALD ST Rte    / HIGHLAND AV Rte,,,,,,,,,,,2808,2020,0.21,137,0,17,Left side only,City or Town accepted road,,8,0,0,No Shoulder,28,Bituminous concrete road,4,Unstable shoulder,2,0,0,None,Large Urbanized Area,Urban collector or rural minor collector,Boston (MA-NH-RI),,Mainline roadway,Two-way traffic,No Access Control,,99,EMERALD STREET,FELLSWAY,DEAD END,MALDEN,Good,Level Terrain,,Grown from Prior Year HPMS Network,,99,0,0,,,Major Collector
5598780,MALDEN,7/8/25,Property damage only (none injured),Open,6:15 PM,2025,No Apparent Injury (O),1,Local police,,21-24,21-24,,,06:00PM to 06:59PM,D1: (No improper driving) ,,Collision with utility pole,Yes,Daylight,"Sideswipe, same direction",4,,,, PW20254646126,Dry,Not at junction,MAPC,0,0,No controls,"One-way, not divided",V1: Travelling straight ahead,"V1:(Light truck(van, mini-van, pickup, sport utility))",V1:(No),V1:(No),V1: E,Clear,MIDDLESEX,25000527,"V1:(No, not federally reportable)","No, not federally reportable",Roadway,At Address,No hit and run,,V1:(Collision with utility pole),None,"No, school bus not involved",10,Not reported, V1:(Collision with utility pole),No,,,,,,,,237869.9504,910319.022,42.44247608,-71.03969668,29, BEACHVIEW TER Rte E,,,,,,,,,,,1154,,,,,,None,Unaccepted by city or town,,0,0,0,No Shoulder,12,Bituminous concrete road,2,Stable - Unruttable compacted subgrade,1,0,0,None,Large Urbanized Area,Local,Boston (MA-NH-RI),,Mainline roadway,Two-way traffic,No Access Control,,,BEACHVIEW TERRACE,BEACHVIEW AVENUE,DEAD END,MALDEN,Deficient,Rolling Terrain,,,,,0,0,,,Local
5598781,MALDEN,7/10/25,Non-fatal injury,Open,3:54 PM,2025,Possible Injury (C),2,Local police,,25-34,25-34,,,03:00PM to 03:59PM,"D1: (Operating vehicle in erratic, reckless, careless, negligent or aggressive manner)  / D2: (Unknown) ","D1: Other activity (searching, eating, personal hygiene, etc.)",Collision with motor vehicle in traffic,Yes,Daylight,Angle,4,,,, PW20254646127,Dry,Not at junction,MAPC,0,1,No controls,"Two-way, divided, unprotected median",V1: Other / V2: Other,V1:(Passenger car) / V2:(Passenger car),V1:(No) / V2:(No),V1:(No) / V2:(No),V1: N  / V2: S,Cloudy,MIDDLESEX,25000529,"V1:(No, not federally reportable) / V2:(No, not federally reportable)","No, not federally reportable",Roadway,At Address,No hit and run,,V1:(Collision with motor vehicle in traffic) / V2:(Collision with motor vehicle in traffic),Unknown,"No, school bus not involved",25,Not reported, V1:(Collision with motor vehicle in traffic) V2:(Collision with motor vehicle in traffic),No,,,,,,,,235270.5717,909877.4683,42.43862295,-71.07131815,344, WASHINGTON ST Rte N,,,,,,,,,,,11985,2020,0.477,587,0.068,72,None,City or Town accepted road,,5,5,0,No Shoulder,30,Bituminous concrete road,4,Unstable shoulder,2,0,0,None,Large Urbanized Area,Urban minor arterial or rural major collector,Boston (MA-NH-RI),,Mainline roadway,Two-way traffic,No Access Control,,30,WASHINGTON STREET,MELROSE CITY LINE,CLIFTON STREET,MALDEN,Good,Level Terrain,,Grown from Prior Year HPMS Network,,30,0,0,,,Minor Arterial
5598782,MALDEN,7/5/25,Non-fatal injury,Open,9:57 PM,2025,Suspected Minor Injury (B),2,Local police,,55-64,65-74,,,09:00PM to 09:59PM,D1: (No improper driving)  / D2: (No improper driving) ,D1: Not Distracted / D2: Not Distracted,Collision with motor vehicle in traffic,Yes,Dark - lighted roadway,Rear-end,4,,,, PW20254646129,Dry,T-intersection,MAPC,0,2,Stop signs,"Two-way, not divided",V1: Slowing or stopped in traffic / V2: Slowing or stopped in traffic,V1:(Passenger car) / V2:(Passenger car),V1:(No) / V2:(No),"V1:(No) / V2:(Yes, vehicle or trailer disabled)",V1: E  / V2: E,Clear,MIDDLESEX,25000518,"V1:(No, not federally reportable) / V2:(No, not federally reportable)","No, not federally reportable",Roadway,At Intersection,No hit and run,,V1:(Collision with motor vehicle in traffic) / V2:(Collision with motor vehicle in traffic),None,"No, school bus not involved",25,"Yes, device functioning", V1:(Collision with motor vehicle in traffic) V2:(Collision with motor vehicle in traffic),No,,,,,,,,235772.8419,907480.6382,42.41702254,-71.06536205,, CONVERSE AV Rte    / MAIN ST Rte,,,,,,,,,,,1154,,,,,,Both sides,City or Town accepted road,,8,9,0,No Shoulder,28,Bituminous concrete road,0,No Shoulder,2,0,0,None,Large Urbanized Area,Local,Boston (MA-NH-RI),,Mainline roadway,Two-way traffic,No Access Control,,,CONVERSE AVENUE,MAIN STREET,DEAD END,MALDEN,Good,Level Terrain,,,,,0,0,,,Local
5598783,MALDEN,7/13/25,Property damage only (none injured),Open,2:28 PM,2025,No Apparent Injury (O),2,Local police,,25-34,55-64,,,02:00PM to 02:59PM,D1: (No improper driving)  / D2: (Other improper action) ,D1: Not Distracted,Collision with motor vehicle in traffic,Yes,Daylight,Angle,4,,,, PW20254646128,Dry,Not at junction,MAPC,0,0,No controls,Unknown,V1: Travelling straight ahead / V2: Travelling straight ahead,V1:(Passenger car) / V2:(Passenger car),V1:(No) / V2:(No),V1:(No) / V2:(No),V1: N  / V2: W,Clear,MIDDLESEX,25000536,"V1:(No, not federally reportable) / V2:(No, not federally reportable)","No, not federally reportable",Outside roadway,At Address,"Yes, hit and run",,V1:(Collision with motor vehicle in traffic) / V2:(Collision with motor vehicle in traffic),None,"No, school bus not involved",5,"No, device not functioning", V1:(Collision with motor vehicle in traffic) V2:(Collision with motor vehicle in traffic),No,,,,,,,,239154.8704,909257.2156,42.43285371,-71.024151,1, WESLEY ST Rte 6,,,,,,,,,,,3581,2020,,,,,Both sides,City or Town accepted road,,0,0,0,No Shoulder,36,Surface-treated road,0,No Shoulder,2,0,0,None,Large Urbanized Area,Urban collector or rural minor collector,Boston (MA-NH-RI),,Mainline roadway,Two-way traffic,No Access Control,,99,WESLEY STREET,LYNN STREET,,MALDEN,Good,Level Terrain,,Pulled back from HPMS network estimation routine,,99,0,0,,,Major Collector
5598784,MALDEN,7/3/25,Property damage only (none injured),Open,10:36 AM,2025,No Apparent Injury (O),2,Local police,,21-24,55-64,,,10:00AM to 10:59AM,D1: (No improper driving)  / D2: (Inattention) ,D1: Not Distracted / D2: Not Distracted,Collision with motor vehicle in traffic,Yes,Daylight,"Sideswipe, same direction",4,,,, PW20254646130,Dry,Not at junction,MAPC,0,0,No controls,"One-way, not divided",V1: Travelling straight ahead / V2: Turning left,V1:(Passenger car) / V2:(Passenger car),V1:(No) / V2:(No),V1:(No) / V2:(No),V1: E  / V2: E,Clear,MIDDLESEX,25000513,"V1:(No, not federally reportable) / V2:(No, not federally reportable)","No, not federally reportable",Roadway,At Address,"Yes, hit and run",,V1:(Collision with motor vehicle in traffic) / V2:(Collision with motor vehicle in traffic),None,"No, school bus not involved",30,"No, device not functioning", V1:(Collision with motor vehicle in traffic) V2:(Collision with motor vehicle in traffic),No,,,,,,,,237668.3387,908948.5216,42.43014793,-71.0422366,980, EASTERN AV Rte E,,,,,,,,,,,16226,2020,0.558,747,0.155,179,Both sides,City or Town accepted road,,6,6,0,No Shoulder,28,Bituminous concrete road,0,No Shoulder,2,0,0,None,Large Urbanized Area,Rural minor arterial or urban principal arterial,Boston (MA-NH-RI),,Mainline roadway,Two-way traffic,No Access Control,,30,EASTERN AVENUE,MAIN STREET,LYNN STREET,MALDEN,Good,Level Terrain,,Pulled back from HPMS network estimation routine,,30,Surfaced shoulder exists – Portland Cement Concrete surface (PCC,8,,,Principal Arterial - Other
5598785,MALDEN,7/13/25,Non-fatal injury,Open,5:23 PM,2025,Suspected Minor Injury (B),1,Local police,,,,25-34,25-34,05:00PM to 05:59PM,,,Collision with cyclist,Yes,Daylight,"Sideswipe, same direction",4," VU2: Walking, running or cycling", VU2: In roadway, VU2: Bicyclist, PW20254646132,Dry,Not at junction,MAPC,0,1,No controls,"Two-way, not divided",V1: Travelling straight ahead,V1:(Passenger car),V1:(No),V1:(No),V1: E,Clear/Clear,MIDDLESEX,25000537,"V1:(No, not federally reportable)","No, not federally reportable",Roadway,At Address,"Yes, hit and run",,"V1:(Collision with cyclist (bicycle, tricycle, unicycle, pedal car))",None,"No, school bus not involved",30,Not reported, V1:(Collision with cyclist),No," VU2:(Adjacent to Roadway (e.g., Shoulder, Median))",,,,,,,234732.7459,907543.3042,42.41763371,-71.07799518,319, MEDFORD ST Rte E,,,,,,,,,,,18609,2020,0.477,912,0.068,111,Both sides,City or Town accepted road,,7,7,0,No Shoulder,46,Bituminous concrete road,0,No Shoulder,2,0,0,None,Large Urbanized Area,Urban minor arterial or rural major collector,Boston (MA-NH-RI),,Mainline roadway,Two-way traffic,No Access Control,,99,MEDFORD STREET,MEDFORD CITY LINE,MAIN STREET,MALDEN,Good,Level Terrain,,Grown from Prior Year HPMS Network,,99,0,0,,,Minor Arterial
5598786,MALDEN,7/13/25,Unknown,Open,10:37 PM,2025,Not reported,2,Local police,,,,,,10:00PM to 10:59PM,D2: (Unknown) ,,Collision with parked motor vehicle,Yes,Dark - lighted roadway,"Sideswipe, same direction",4,,,, PW20254646131,Dry,Not at junction,MAPC,0,0,No controls,"Two-way, not divided",V1: Parked / V2: Travelling straight ahead,"V1:(Passenger car) / V2:(Light truck(van, mini-van, pickup, sport utility))",V1:(No) / V2:(No),V1:(No) / V2:(No),V1: E  / V2: E,Clear,MIDDLESEX,25000538,"V1:(No, not federally reportable) / V2:(No, not federally reportable)","No, not federally reportable",Roadway,At Address,"Yes, hit and run",,V1:(Collision with motor vehicle in traffic) / V2:(Collision with parked motor vehicle),None,"No, school bus not involved",15,"Yes, device functioning", V1:(Collision with motor vehicle in traffic) V2:(Collision with parked motor vehicle),No,,,,,,,,238294.189,910163.3869,42.44105425,-71.03455056,42, FIRST ST Rte E,,,,,,,,,,,1154,,,,,,Both sides,City or Town accepted road,,5,5,0,No Shoulder,16,Bituminous concrete road,0,No Shoulder,2,0,0,None,Large Urbanized Area,Local,Boston (MA-NH-RI),,Mainline roadway,Two-way traffic,No Access Control,,,FIRST STREET,ELWELL STREET,SECOND STREET,MALDEN,Good,Level Terrain,,,,,0,0,,,Local
5598787,MALDEN,7/8/25,Property damage only (none injured),Open,6:47 PM,2025,No Apparent Injury (O),2,Local police,,55-64,55-64,,,06:00PM to 06:59PM,D1: (Inattention) ,,Collision with parked motor vehicle,Yes,Daylight,Head-on,4,,,, PW20254646135,Dry,Not at junction,MAPC,0,0,No controls,"Two-way, not divided",V1: Turning right / V2: Parked,V1:(Passenger car) / V2:(Passenger car),V1:(No) / V2:(No),V1:(No) / V2:(No),V1: E  / V2: Not Reported,Clear,MIDDLESEX,25000526,"V1:(No, not federally reportable) / V2:(No, not federally reportable)","No, not federally reportable",Outside roadway,At Address,No hit and run,,V1:(Collision with parked motor vehicle) / V2:(Collision with motor vehicle in traffic),None,"No, school bus not involved",25,"Yes, device functioning", V1:(Collision with parked motor vehicle) V2:(Collision with motor vehicle in traffic),No,,,,,,,,237304.6128,910058.123,42.4401546,-71.046585,41, MARSHALL AV Rte E,,,,,,,,,,,1154,,,,,,Both sides,City or Town accepted road,,5,5,0,No Shoulder,18,Bituminous concrete road,3,Stable - Unruttable compacted subgrade,2,0,0,None,Large Urbanized Area,Local,Boston (MA-NH-RI),,Mainline roadway,Two-way traffic,No Access Control,,,MARSHALL AVENUE,CONWAY COURT,LEBANON STREET,MALDEN,Good,Rolling Terrain,,,,,0,0,,,Local
5598788,MALDEN,7/18/25,Non-fatal injury,Open,3:15 PM,2025,Suspected Minor Injury (B),1,Local police,,45-54,45-54,55-64,55-64,03:00PM to 03:59PM,D1: (Glare) ,"D1: Other activity (searching, eating, personal hygiene, etc.)",Collision with pedestrian,Yes,Daylight,Single vehicle crash,4, VU2: Entering or crossing location, VU2: Marked crosswalk at intersection (includes use of paint raised or other roadway material), VU2: Pedestrian, PW20254646134,Dry,Not at junction,MAPC,0,1,No controls,"Two-way, not divided",V1: Turning left,V1:(Passenger car),V1:(No),V1:(No),V1: N,Clear,MIDDLESEX,25000548,"V1:(No, not federally reportable)","No, not federally reportable",Roadway,At Address,No hit and run,,V1:(Collision with pedestrian),Unknown,"No, school bus not involved",25,Not reported, V1:(Collision with pedestrian),No, VU2:(Crossing Roadway),, VU2: None, VU2: Other,,,,235951.6722,908183.7102,42.42334375,-71.06314556,215, FERRY ST Rte N,,,,,,,,,,,7281,2020,0.477,356,0.068,44,Both sides,City or Town accepted road,,9,9,0,No Shoulder,40,Bituminous concrete road,0,No Shoulder,2,0,0,None,Large Urbanized Area,Urban minor arterial or rural major collector,Boston (MA-NH-RI),,Mainline roadway,Two-way traffic,No Access Control,,30,FERRY STREET,EVERETT CITY LINE,MAIN STREET,MALDEN,Good,Level Terrain,,Grown from Prior Year HPMS Network,,30,0,0,,,Minor Arterial
5598789,MALDEN,7/11/25,Non-fatal injury,Open,7:52 PM,2025,Possible Injury (C),3,Local police,,>84,>84,,,07:00PM to 07:59PM,D1: (Unknown) ,,Collision with parked motor vehicle,Yes,Daylight,"Sideswipe, same direction",4,,,, PW20254646138,Dry,Not at junction,MAPC,0,1,No controls,"Two-way, not divided",V1: Travelling straight ahead / V2: Parked / V3: Parked,V1:(Passenger car) / V2:(Passenger car) / V3:(Passenger car),V1:(No) / V2:(No) / V3:(No),V1:(No) / V2:(No) / V3:(No),V1: S  / V2: S  / V3: S,Cloudy,MIDDLESEX,25000531,"V1:(No, not federally reportable) / V2:(No, not federally reportable) / V3:(No, not federally reportable)","No, not federally reportable",Roadway,At Address,No hit and run,,V1:(Collision with parked motor vehicle) / V2:(Collision with parked motor vehicle) / V3:(Collision with parked motor vehicle),Unknown,"No, school bus not involved",25,Not reported, V1:(Collision with parked motor vehicle) V2:(Collision with parked motor vehicle) V3:(Collision with parked motor vehicle),No,,,,,,,,237702.7459,908723.9516,42.42812457,-71.04183313,57, SHEAFE ST Rte S,,,,,,,,,,,1154,,,,,,Both sides,City or Town accepted road,Not a parkway - not on a designated truck route,7,7,0,No Shoulder,30,Bituminous concrete road,0,No Shoulder,2,0,0,None,Large Urbanized Area,Local,Boston (MA-NH-RI),,Mainline roadway,Two-way traffic,No Access Control,,,SHEAFE STREET,EASTERN AVENUE,BROADWAY,MALDEN,Good,Level Terrain,,,,,0,0,All vehicles over 2.5 tons excluded,"24 Hours, 7 Days",Local