Crash Number,City Town Name,Crash Date,Crash Severity,Crash Status,Crash Time,Crash Year,Max Injury Severity Reported,Number of Vehicles,Police Agency Type,State Police Troop,Age of Driver - Youngest Known,Age of Driver - Oldest Known,Age of Vulnerable User - Youngest Known,Age of Vulnerable User - Oldest Known,Crash Hour,Driver Contributing Circumstances (All Drivers),Driver Distracted By (All Vehicles),First Harmful Event,Is Geocoded,Light Conditions,Manner of Collision,MassDOT District,Vulnerable User Action (All Persons),Vulnerable User Location (All Persons),Vulnerable User Type (All Persons),RMV Document Numbers,Road Surface Condition,Roadway Junction Type,RPA Abbreviation,Total Fatalities,Total Non-Fatal Injuries,Traffic Control Device Type,Trafficway Description,Vehicle Actions Prior to Crash (All Vehicles),Vehicle Configuration (All Vehicles),Vehicle Emergency Use (All Vehicles),Vehicle Towed From Scene (All Vehicles),Vehicle Travel Directions (All Vehicles),Weather Conditions,County Name,Crash Report IDs,FMCSA Reportable (All Vehicles),FMCSA Reportable (Crash),First Harmful Event Location,Geocoding Method,Hit and Run,Locality,Most Harmful Event (All Vehicles),Road Contributing Circumstance,School Bus Related,Speed Limit,Traffic Control Device Function,Vehicle Sequence of Events (All Vehicles),Work Zone Related,Vulnerable User Sequence of Events (All Persons),Vulnerable User Distracted By (All Persons),Vulnerable User Traffic Control Type (All persons),Vulnerable User Origin Destination (All Persons),Vulnerable User Contributing Circumstances (All Persons),Vulnerable User Alcohol Suspected Type (All Persons),Vulnerable User Drug Suspected Type (All Persons),X,Y,Latitude,Longitude,Street Number,Roadway,Near Intersection Roadway,Distance and Direction From Intersection,Milemarker,Milemarker Route,Distance and Direction From Milemarker,Exit Number,Exit Route,Distance and Direction From Exit,Landmark,Distance and Direction From Landmark,AADT-linked RD,AADT Year-linked RD,Peak % Single Unit Trucks-linked RD,Single-Unit Truck and Bus AADT-linked RD,Peak % Combo Trucks-linked RD,Combination Truck AADT-linked RD,Curb-linked RD-linked RD,Jurisdiction-linked RD,Truck Route-linked RD,Left Sidewalk Width-linked RD,Right Sidewalk Width-linked RD,Left Shoulder Width-linked RD,Left Shoulder Type-linked RD,Surface Width-linked RD,Surface Type-linked RD,Right Shoulder Width-linked RD,Right Shoulder Type-linked RD,Number of Travel Lanes-linked RD,Number of Opposing Travel Lanes-linked RD,Median Width-linked RD,Median Type-linked RD,Urban Type-linked RD,Functional Classification-linked RD,Urbanized Area-linked RD,Federal Aid Route Number-linked RD,Facility Type-linked RD,Street Operation-linked RD,Access Control-linked RD,Number of Peak Hour Lanes-linked RD,Speed Limit-linked RD,Street Name-linked RD,From Street Name-linked RD,To Street Name-linked RD,City-linked RD-linked RD,Structural Condition-linked RD,Terrain-linked RD,Urban Location Type-linked RD,AADT Derivation-linked RD,AADT Station Number-linked RD,Opposing Direction Speed Limit-linked RD,Undivided Left Shoulder Type-linked RD,Undivided Left Shoulder Width-linked RD,Truck Exclusion Type-linked RD,Truck Exclusion Time-linked RD,Federal Functional Classification-linked RD
5598790,MALDEN,7/22/25,Property damage only (none injured),Open,10:45 AM,2025,No Apparent Injury (O),2,Local police,,21-24,35-44,,,10:00AM to 10:59AM,"D1: (Unknown),(Unknown)  / D2: (Unknown),(Unknown) ",,Collision with motor vehicle in traffic,Yes,Daylight,Head-on,4,,,, PW20254646137,Dry,Four-way intersection,MAPC,0,0,Traffic control signal,"Two-way, not divided",V1: Turning left / V2: Travelling straight ahead,V1:(Passenger car) / V2:(Passenger car),V1:(No) / V2:(No),"V1:(Yes, vehicle or trailer disabled) / V2:(Yes, vehicle or trailer disabled)",V1: N  / V2: S,Clear/Clear,MIDDLESEX,25000559,"V1:(No, not federally reportable) / V2:(No, not federally reportable)","No, not federally reportable",Unknown,At Address,No hit and run,,V1:(Unknown) / V2:(Unknown),Unknown,"No, school bus not involved",25,"Yes, device functioning", V1:(Collision with motor vehicle in traffic) V2:(Collision with motor vehicle in traffic),No,,,,,,,,234943.7205,907950.3908,42.42128911,-71.07540725,185, COMMERCIAL ST Rte S,,,,,,,,,,,14655,2020,0.477,718,0.068,88,Both sides,City or Town accepted road,,7,7,0,No Shoulder,46,Bituminous concrete road,0,No Shoulder,4,0,0,None,Large Urbanized Area,Urban minor arterial or rural major collector,Boston (MA-NH-RI),,Mainline roadway,Two-way traffic,No Access Control,,30,COMMERCIAL STREET,PLEASANT STREET,MEDFORD CITY LINE,MALDEN,Good,Level Terrain,,Grown from Prior Year HPMS Network,,30,0,0,,,Minor Arterial
5598791,MALDEN,7/5/25,Non-fatal injury,Open,11:27 AM,2025,Suspected Minor Injury (B),2,Local police,,25-34,55-64,,,11:00AM to 11:59AM,D1: (No improper driving)  / D2: (Over-correcting/over-steering) ,D1: Not Distracted,Collision with motor vehicle in traffic,Yes,Daylight,Angle,4,,,, PW20254646133,Dry,T-intersection,MAPC,0,1,Traffic control signal,"Two-way, not divided",V1: Travelling straight ahead / V2: Turning left,V1:(Passenger car) / V2:(Passenger car),V1:(No) / V2:(No),"V1:(Yes, vehicle or trailer disabled) / V2:(Yes, vehicle or trailer disabled)",V1: E  / V2: W,Clear,MIDDLESEX,25000516,"V1:(No, not federally reportable) / V2:(No, not federally reportable)","No, not federally reportable",Roadway,At Intersection,No hit and run,,V1:(Collision with motor vehicle in traffic) / V2:(Collision with motor vehicle in traffic),None,"No, school bus not involved",25,"Yes, device functioning", V1:(Collision with motor vehicle in traffic) V2:(Collision with motor vehicle in traffic),No,,,,,,,,238583.4221,909058.7502,42.43109552,-71.03110893,, BELLVALE ST Rte N  / EASTERN AV Rte E,,,,,,,,,,,1154,,,,,,Both sides,City or Town accepted road,,7,7,0,No Shoulder,25,Surface-treated road,0,No Shoulder,2,0,0,None,Large Urbanized Area,Local,Boston (MA-NH-RI),,Mainline roadway,Two-way traffic,No Access Control,,,BELLVALE STREET,LYNN STREET,EASTERN AVENUE,MALDEN,Good,Level Terrain,,,,,0,0,,,Local
5598792,MALDEN,7/22/25,Property damage only (none injured),Open,4:08 PM,2025,No Apparent Injury (O),3,Local police,,35-44,35-44,,,04:00PM to 04:59PM,D1: (Unknown) ,,Collision with parked motor vehicle,Yes,Daylight,Rear-end,4,,,, PW20254646139,Dry,Four-way intersection,MAPC,0,0,Stop signs,"Two-way, not divided",V1: Travelling straight ahead / V2: Parked / V3: Parked,"V1:(Light truck(van, mini-van, pickup, sport utility)) / V2:(Light truck(van, mini-van, pickup, sport utility)) / V3:(Passenger car)",V1:(No) / V2:(No) / V3:(No),V1:(No) / V2:(No) / V3:(No),V1: E  / V2:    / V3:,Clear,MIDDLESEX,25000561,"V1:(No, not federally reportable) / V2:(No, not federally reportable) / V3:(No, not federally reportable)","No, not federally reportable",Roadway,At Intersection,No hit and run,,V1:(Collision with parked motor vehicle) / V2:(Collision with motor vehicle in traffic) / V3:(Collision with motor vehicle in traffic),None,"No, school bus not involved",25,"Yes, device functioning", V1:(Collision with parked motor vehicle) V2:(Collision with motor vehicle in traffic) V3:(Collision with motor vehicle in traffic),No,,,,,,,,234452.5158,907753.375,42.41953732,-71.08138741,, MALDEN ST Rte    / WEST ST Rte,,,,,,,,,,,1154,,,,,,Both sides,City or Town accepted road,,7,7,0,No Shoulder,25,Bituminous concrete road,0,No Shoulder,2,0,0,None,Large Urbanized Area,Local,Boston (MA-NH-RI),,Mainline roadway,Two-way traffic,No Access Control,,,MALDEN STREET,FELLSWAY,DEAD END,MALDEN,Good,Level Terrain,,,,,0,0,,,Local
5598793,MALDEN,7/14/25,Unknown,Open,4:25 PM,2025,Not reported,1,Local police,,,,,,04:00PM to 04:59PM,,,Collision with parked motor vehicle,Yes,Unknown,Rear-end,4,,,, PW20254646136,Dry,Not at junction,MAPC,0,0,No controls,"Two-way, not divided",V1: Parked,V1:(Passenger car),V1:(No),V1:(No),V1: U,Clear,MIDDLESEX,25000541,"V1:(No, not federally reportable)","No, not federally reportable",Roadway,At Address,"Yes, hit and run",,V1:(Collision with parked motor vehicle),Unknown,"No, school bus not involved",25,Not reported, V1:(Collision with parked motor vehicle),No,,,,,,,,235552.6242,908922.812,42.43001583,-71.06794889,24, HOLM CT Rte 6,,,,,,,,,,,1154,,,,,,Both sides,Unaccepted by city or town,,0,0,0,No Shoulder,16,Surface-treated road,0,No Shoulder,2,0,0,None,Large Urbanized Area,Local,Boston (MA-NH-RI),,Mainline roadway,Two-way traffic,No Access Control,,,HOLM COURT,MAIN STREET,DEAD END,MALDEN,Good,Level Terrain,,,,,0,0,,,Local
5598794,MALDEN,7/23/25,Property damage only (none injured),Open,2:38 PM,2025,Not reported,1,Local police,,,,,,02:00PM to 02:59PM,,,Collision with tree,Yes,Daylight,Angle,4,,,, PW20254646140,Dry,Not at junction,MAPC,0,0,No controls,"One-way, not divided",V1: Turning right,"V1:(Unknown heavy truck, cannot classify)",V1:(No),V1:(No),V1: W,Clear,MIDDLESEX,25000564,"V1:(No, not federally reportable)","No, not federally reportable",Roadside,At Address,No hit and run,,V1:(Collision with tree),Other,"No, school bus not involved",25,Not reported, V1:(Collision with tree),No,,,,,,,,236147.7543,909387.7544,42.43417411,-71.06068763,317, BAINBRIDGE ST Rte W,,,,,,,,,,,1154,,,,,,Both sides,City or Town accepted road,,7,7,0,No Shoulder,23,Surface-treated road,0,No Shoulder,2,0,0,None,Large Urbanized Area,Local,Boston (MA-NH-RI),,Mainline roadway,One-way traffic,No Access Control,,,BAINBRIDGE STREET,ROCKWELL STREET,MOUNT VERNON STREET,MALDEN,Good,Rolling Terrain,,,,,0,0,,,Local
5598795,MALDEN,7/25/25,Property damage only (none injured),Open,10:20 PM,2025,No Apparent Injury (O),2,Local police,,21-24,25-34,,,10:00PM to 10:59PM,D1: (Unknown)  / D2: (No improper driving) ,D2: Not Distracted,Collision with parked motor vehicle,Yes,Dark - lighted roadway,Angle,4,,,, PW20254646141,Dry,Not at junction,MAPC,0,0,No controls,Unknown,V1: Backing / V2: Parked,V1:(Passenger car) / V2:(Passenger car),V1:(No) / V2:(No),V1:(No) / V2:(No),V1: U  / V2: Not Reported,Clear,MIDDLESEX,25000569,"V1:(No, not federally reportable) / V2:(No, not federally reportable)","No, not federally reportable",Outside roadway,At Address,No hit and run,,V1:(Collision with parked motor vehicle) / V2:(Collision with parked motor vehicle),Unknown,"No, school bus not involved",10,"No, device not functioning", V1:(Collision with parked motor vehicle) V2:(Collision with parked motor vehicle),No,,,,,,,,236109.173,908861.042,42.42943417,-71.06118944,169, SALEM ST Rte 6,,,,,,,,,,,14013,2020,0.477,686,0.068,84,Both sides,City or Town accepted road,,9,9,0,No Shoulder,40,Bituminous concrete road,0,No Shoulder,2,0,0,None,Large Urbanized Area,Urban minor arterial or rural major collector,Boston (MA-NH-RI),,Mainline roadway,Two-way traffic,No Access Control,,30,SALEM STREET,MAIN STREET ,,MALDEN,Good,Level Terrain,,Grown from Prior Year HPMS Network,,30,0,0,,,Minor Arterial
5598796,MALDEN,7/15/25,Property damage only (none injured),Open,1:22 PM,2025,No Apparent Injury (O),2,Local police,,18-20,18-20,,,01:00PM to 01:59PM,D1: (No improper driving) ,D1: Not Distracted,Collision with parked motor vehicle,Yes,Daylight,"Sideswipe, same direction",4,,,, PW20254646143,Dry,Not at junction,MAPC,0,0,No controls,"One-way, not divided",V1: Turning right / V2: Parked,"V1:(Light truck(van, mini-van, pickup, sport utility)) / V2:(Passenger car)",V1:(No) / V2:(No),V1:(No) / V2:(No),V1: E  / V2: Not Reported,Clear,MIDDLESEX,25000544,"V1:(No, not federally reportable) / V2:(No, not federally reportable)","No, not federally reportable",Roadway,At Address,No hit and run,,V1:(Collision with parked motor vehicle) / V2:(Collision with parked motor vehicle),None,"No, school bus not involved",25,Not reported, V1:(Collision with parked motor vehicle) V2:(Collision with parked motor vehicle),No,,,,,,,,235576.7776,908426.1503,42.42554352,-71.06768596,361, MAIN ST Rte E,,,,,,,,,,,10345,2020,0.164,213,0.01,28,Both sides,City or Town accepted road,,10,10,0,No Shoulder,48,Bituminous concrete road,0,No Shoulder,2,0,0,None,Large Urbanized Area,Rural minor arterial or urban principal arterial,Boston (MA-NH-RI),,Mainline roadway,Two-way traffic,No Access Control,,30,MAIN STREET,MELROSE CITY LINE,EVERETT CITY LINE,MALDEN,Good,Level Terrain,,Pulled back from HPMS network estimation routine,,30,0,0,,,Principal Arterial - Other
5598797,MALDEN,7/27/25,Property damage only (none injured),Open,3:50 PM,2025,No Apparent Injury (O),2,Local police,,35-44,35-44,,,03:00PM to 03:59PM,D1: (No improper driving) ,D1: Not Distracted,Collision with motor vehicle in traffic,Yes,Daylight,"Sideswipe, opposite direction",4,,,, PW20254646145,Wet,T-intersection,MAPC,0,0,Traffic control signal,"Two-way, divided, unprotected median",V1: Slowing or stopped in traffic / V2: Turning left,V1:(Passenger car) / V2:(Passenger car),V1:(No) / V2:(No),V1:(No) / V2:(No),V1: E  / V2: W,Clear,MIDDLESEX,25000577,"V1:(No, not federally reportable) / V2:(No, not federally reportable)","No, not federally reportable",Roadway,At Intersection,"Yes, hit and run",,V1:(Collision with motor vehicle in traffic) / V2:(Collision with motor vehicle in traffic),None,"No, school bus not involved",25,"Yes, device functioning", V1:(Collision with motor vehicle in traffic) V2:(Collision with motor vehicle in traffic),No,,,,,,,,234906.2611,908527.086,42.4264825,-71.07582756,, CENTRE ST Rte E  / PEARL ST Rte N,,,,,,,,,,,14218,2020,0.558,653,0.155,156,Both sides,City or Town accepted road,,0,8,0,No Shoulder,22,Bituminous concrete road,0,No Shoulder,2,1,5,Raised Median,Large Urbanized Area,Rural minor arterial or urban principal arterial,Boston (MA-NH-RI),,Mainline roadway,Two-way traffic,No Access Control,,30,CENTRE STREET,PLEASANT STREET,EASTERN AVENUE,MALDEN,Good,Level Terrain,,Pulled back from HPMS network estimation routine,,0,0,0,,,Principal Arterial - Other
5598798,MALDEN,7/27/25,Property damage only (none injured),Open,2:36 PM,2025,No Apparent Injury (O),2,Local police,,18-20,25-34,,,02:00PM to 02:59PM,D1: (Inattention)  / D2: (No improper driving) ,D1: External distraction (outside the vehicle) / D2: Not Distracted,Collision with motor vehicle in traffic,Yes,Daylight,Rear-end,4,,,, PW20254646142,Wet,Not at junction,MAPC,0,0,No controls,"Two-way, divided, unprotected median",V1: Travelling straight ahead / V2: Travelling straight ahead,V1:(Passenger car) / V2:(Passenger car),V1:(No) / V2:(No),"V1:(Yes, vehicle or trailer disabled) / V2:(No)",V1: E  / V2: E,Rain,MIDDLESEX,25000576,"V1:(No, not federally reportable) / V2:(No, not federally reportable)","No, not federally reportable",Roadway,At Address,No hit and run,,V1:(Collision with motor vehicle in traffic) / V2:(Collision with motor vehicle in traffic),None,"No, school bus not involved",25,"Yes, device functioning", V1:(Collision with motor vehicle in traffic) V2:(Collision with motor vehicle in traffic),No,,,,,,,,237279.3425,908908.4534,42.42980591,-71.04696636,800, EASTERN AV Rte E,,,,,,,,,,,15979,2020,0.558,735,0.155,176,Both sides,City or Town accepted road,,6,6,0,No Shoulder,28,Bituminous concrete road,8,Hardened bituminous mix or penetration,2,0,0,None,Large Urbanized Area,Rural minor arterial or urban principal arterial,Boston (MA-NH-RI),,Mainline roadway,Two-way traffic,No Access Control,,30,EASTERN AVENUE,MAIN STREET,LYNN STREET,MALDEN,Good,Level Terrain,,Pulled back from HPMS network estimation routine,,30,Surfaced shoulder exists – Portland Cement Concrete surface (PCC,8,,,Principal Arterial - Other
5598799,MALDEN,7/10/25,Property damage only (none injured),Open,2:59 PM,2025,No Apparent Injury (O),2,Local police,,45-54,>84,,,02:00PM to 02:59PM,D1: (Inattention)  / D2: (Unknown) ,,Collision with motor vehicle in traffic,Yes,Daylight,Angle,4,,,, PW20254646144,Dry,Not at junction,MAPC,0,0,No controls,"Two-way, not divided",V1: Backing / V2: Slowing or stopped in traffic,V1:(Passenger car) / V2:(Passenger car),V1:(No) / V2:(No),V1:(No) / V2:(No),V1: E  / V2: E,Clear,MIDDLESEX,25000533,"V1:(No, not federally reportable) / V2:(No, not federally reportable)","No, not federally reportable",Roadway,At Address,No hit and run,,V1:(Collision with motor vehicle in traffic) / V2:(Collision with motor vehicle in traffic),Unknown,"No, school bus not involved",25,Not reported, V1:(Collision with motor vehicle in traffic) V2:(Collision with motor vehicle in traffic),No,,,,,,,,235520.4925,908390.5018,42.42522516,-71.06837209,185, CENTRE ST Rte E,,,,,,,,,,,14589,2020,0.558,671,0.155,161,Both sides,City or Town accepted road,,0,8,0,No Shoulder,22,Bituminous concrete road,0,No Shoulder,2,2,5,Raised Median,Large Urbanized Area,Rural minor arterial or urban principal arterial,Boston (MA-NH-RI),,Mainline roadway,Two-way traffic,No Access Control,,30,CENTRE STREET,PLEASANT STREET,EASTERN AVENUE,MALDEN,Good,Level Terrain,,Pulled back from HPMS network estimation routine,,0,0,0,,,Principal Arterial - Other
5598800,MALDEN,7/10/25,Property damage only (none injured),Open,11:20 AM,2025,No Apparent Injury (O),2,Local police,,18-20,55-64,,,11:00AM to 11:59AM,D1: (Other improper action)  / D2: (Unknown) ,"D1: Other activity (searching, eating, personal hygiene, etc.)",Collision with motor vehicle in traffic,Yes,Daylight,Angle,4,,,, PW20254646146,Wet,T-intersection,MAPC,0,0,No controls,"Two-way, divided, unprotected median",V1: Turning left / V2: Travelling straight ahead,V1:(Passenger car) / V2:(Passenger car),V1:(No) / V2:(No),V1:(No) / V2:(No),V1: W  / V2: N,Rain,MIDDLESEX,25000528,"V1:(No, not federally reportable) / V2:(No, not federally reportable)","No, not federally reportable",Roadway,At Intersection,No hit and run,,V1:(Collision with motor vehicle in traffic) / V2:(Collision with motor vehicle in traffic),Unknown,"No, school bus not involved",25,Not reported, V1:(Collision with motor vehicle in traffic) V2:(Collision with motor vehicle in traffic),No,,,,,,,,236212.7344,908064.5624,42.42225904,-71.05998088,, FERRY ST Rte N  / UPHAM ST Rte W,,,,,,,,,,,7281,2020,0.477,356,0.068,44,Both sides,City or Town accepted road,,10,10,0,No Shoulder,42,Bituminous concrete road,0,No Shoulder,2,0,0,None,Large Urbanized Area,Urban minor arterial or rural major collector,Boston (MA-NH-RI),,Mainline roadway,Two-way traffic,No Access Control,,30,FERRY STREET,EVERETT CITY LINE,MAIN STREET,MALDEN,Good,Level Terrain,,Grown from Prior Year HPMS Network,,30,0,0,,,Minor Arterial
5598801,MALDEN,7/23/25,Property damage only (none injured),Open,5:46 PM,2025,No Apparent Injury (O),2,Local police,,18-20,65-74,,,05:00PM to 05:59PM,D1: (Unknown)  / D2: (Unknown) ,,Collision with motor vehicle in traffic,Yes,Daylight,Angle,4,,,, PW20254646148,Dry,Four-way intersection,MAPC,0,0,Traffic control signal,"Two-way, not divided",V1: Travelling straight ahead / V2: Travelling straight ahead,V1:(Passenger car) / V2:(Passenger car),V1:(No) / V2:(No),V1:(No) / V2:(No),V1: N  / V2: E,Clear,MIDDLESEX,25000565,"V1:(No, not federally reportable) / V2:(No, not federally reportable)","No, not federally reportable",Roadway,At Intersection,No hit and run,,V1:(Collision with motor vehicle in traffic) / V2:(Collision with motor vehicle in traffic),Unknown,"No, school bus not involved",25,"Yes, device functioning", V1:(Collision with motor vehicle in traffic) V2:(Collision with motor vehicle in traffic),No,,,,,,,,236515.4063,908223.0623,42.42367182,-71.05629318,, CROSS ST Rte E  / HENRY ST Rte N,,,,,,,,,,,7166,2020,0.232,352,0,42,Both sides,City or Town accepted road,,7,7,0,No Shoulder,25,Bituminous concrete road,0,No Shoulder,2,0,0,None,Large Urbanized Area,Urban minor arterial or rural major collector,Boston (MA-NH-RI),,Mainline roadway,Two-way traffic,No Access Control,,25,CROSS STREET,MAIN STREET,BRYANT STREET,MALDEN,Good,Level Terrain,,Grown from Prior Year HPMS Network,,25,0,0,,,Minor Arterial
5598802,MALDEN,7/26/25,Unknown,Open,10:02 AM,2025,Not reported,1,Local police,,,,,,10:00AM to 10:59AM,,,Collision with parked motor vehicle,Yes,Daylight,Angle,4,,,, PW20254646147,Unknown,Not at junction,MAPC,0,0,No controls,"Two-way, not divided",V1: Parked,V1:(Passenger car),V1:(No),V1:(No),V1: U,Unknown,MIDDLESEX,25000572,"V1:(No, not federally reportable)","No, not federally reportable",Roadway,At Address,"Yes, hit and run",,V1:(Collision with parked motor vehicle),None,"No, school bus not involved",25,"No, device not functioning", V1:(Collision with parked motor vehicle),No,,,,,,,,235746.0018,908255.9964,42.42400396,-71.06564018,57, EASTERN AV Rte 6,,,,,,,,,,,20546,2020,0.33,800,0.105,226,Both sides,City or Town accepted road,,6,6,0,No Shoulder,32,Bituminous concrete road,0,No Shoulder,2,0,0,None,Large Urbanized Area,Rural minor arterial or urban principal arterial,Boston (MA-NH-RI),,Mainline roadway,Two-way traffic,No Access Control,,30,EASTERN AVENUE,MAIN STREET,LYNN STREET,MALDEN,Good,Level Terrain,,Grown from Prior Year HPMS Network,,30,0,0,,,Principal Arterial - Other
5598803,MALDEN,7/26/25,Property damage only (none injured),Open,12:37 AM,2025,No Apparent Injury (O),2,Local police,,25-34,35-44,,,12:00AM to 12:59AM,D1: (Unknown)  / D2: (Unknown) ,,Collision with motor vehicle in traffic,Yes,Dark - lighted roadway,Rear-end,4,,,, PW20254646150,Dry,Four-way intersection,MAPC,0,0,Traffic control signal,"Two-way, not divided",V1: Turning left / V2: Travelling straight ahead,V1:(Passenger car) / V2:(Passenger car),V1:(No) / V2:(No),V1:(No) / V2:(No),V1: W  / V2: W,Clear,MIDDLESEX,25000570,"V1:(No, not federally reportable) / V2:(No, not federally reportable)","No, not federally reportable",Roadway,At Address,"Yes, hit and run",,V1:(Collision with motor vehicle in traffic) / V2:(Collision with motor vehicle in traffic),Unknown,"No, school bus not involved",25,"Yes, device functioning", V1:(Collision with motor vehicle in traffic) V2:(Collision with motor vehicle in traffic),No,,,,,,,,237846.9252,909006.6872,42.43066292,-71.04006256,214, BROADWAY Rte W,,,,,,,,,,,24974,2020,0.33,974,0.105,275,Both sides,City or Town accepted road,,10,10,0,No Shoulder,44,Bituminous concrete road,0,No Shoulder,2,0,0,None,Large Urbanized Area,Rural minor arterial or urban principal arterial,Boston (MA-NH-RI),,Mainline roadway,Two-way traffic,No Access Control,,30,BROADWAY,EVERETT CITY LINE,MELROSE CITY LINE,MALDEN,Good,Level Terrain,,Grown from Prior Year HPMS Network,,30,0,0,,,Principal Arterial - Other
5598804,MALDEN,8/11/25,Property damage only (none injured),Open,8:00 AM,2025,No Apparent Injury (O),4,Local police,,25-34,25-34,,,08:00AM to 08:59AM,D1: (Inattention) ,,Collision with parked motor vehicle,Yes,Daylight,Rear-end,4,,,, PW20254646152,Dry,Not at junction,MAPC,0,0,No controls,"Two-way, not divided",V1: Backing / V2: Parked / V3: Parked / V4: Parked,V1:(Passenger car) / V2:(Passenger car) / V3:(Passenger car) / V4:(Passenger car),V1:(No) / V2:(No) / V3:(No) / V4:(No),V1:(No) / V2:(No) / V3:(No) / V4:(No),V1: U  / V2: U  / V3: U  / V4: U,Clear,MIDDLESEX,25000612,"V1:(No, not federally reportable) / V2:(No, not federally reportable) / V3:(No, not federally reportable) / V4:(No, not federally reportable)","No, not federally reportable",Outside roadway,At Address,No hit and run,,V1:(Collision with parked motor vehicle) / V2:(Collision with motor vehicle in traffic) / V3:(Collision with motor vehicle in traffic) / V4:(Collision with parked motor vehicle),None,"No, school bus not involved",25,Not reported," V1:(Collision with parked motor vehicle) V2:(Collision with motor vehicle in traffic) V3:(Collision with motor vehicle in traffic),(Collision with parked motor vehicle) V4:(Collision with parked motor vehicle)",No,,,,,,,,238424.999,909639.1,42.43632793,-71.03299554,244, KENNEDY DR Rte 6,,,,,,,,,,,,,,,,,,,,,,,,,,,,,,,,,,,,,,,,,KENNEDY DRIVE,SALEM STREET,KENNEDY DRIVE,MALDEN,,,,,,,,,,,
5598805,MALDEN,7/28/25,Non-fatal injury,Open,4:13 PM,2025,Suspected Minor Injury (B),1,Local police,,35-44,35-44,65-74,65-74,04:00PM to 04:59PM,D1: (Unknown) ,,Collision with pedestrian,Yes,Daylight,"Sideswipe, same direction",4, VU2: Other, VU2: In roadway, VU2: Bicyclist, PW20254646151,Dry,Not at junction,MAPC,0,1,Traffic control signal,"Two-way, not divided",V1: Travelling straight ahead,V1:(Passenger car),V1:(No),V1:(No),V1: N,Clear,MIDDLESEX,25000579,"V1:(No, not federally reportable)","No, not federally reportable",Roadway,At Address,No hit and run,,V1:(Collision with pedestrian),Unknown,"No, school bus not involved",25,"Yes, device functioning", V1:(Collision with pedestrian),No, VU2:(Walking/Cycling Along Roadway with Traffic (In or Adjacent to Travel Lane)),, VU2: Other, VU2: Other,,,,234760.2778,907500.0141,42.41724277,-71.07766328,363, PEARL ST Rte N,,,,,,,,,,,1154,,,,,,Both sides,City or Town accepted road,,10,10,0,No Shoulder,30,Bituminous concrete road,0,No Shoulder,2,0,0,None,Large Urbanized Area,Local,Boston (MA-NH-RI),,Mainline roadway,Two-way traffic,No Access Control,,,PEARL STREET,EVERETT CITY LINE,PLEASANT STREET,MALDEN,Good,Level Terrain,,,,,0,0,,,Local
5598806,MALDEN,8/30/25,Property damage only (none injured),Open,3:19 AM,2025,No Apparent Injury (O),2,Local police,,25-34,25-34,,,03:00AM to 03:59AM,D2: (No improper driving) ,D2: Not Distracted,Collision with parked motor vehicle,Yes,Dark - lighted roadway,"Sideswipe, same direction",4,,,, PW20254646153,Dry,Not at junction,MAPC,0,0,No controls,"Two-way, divided, unprotected median",V1: Parked / V2: Travelling straight ahead,V1:(Passenger car) / V2:(Passenger car),V1:(No) / V2:(No),"V1:(Yes, vehicle or trailer disabled) / V2:(Yes, vehicle or trailer disabled)",V1: N  / V2: N,Clear/Clear,MIDDLESEX,25000649,"V1:(No, not federally reportable) / V2:(No, not federally reportable)","No, not federally reportable",Roadway,At Address,No hit and run,,V1:(Collision with motor vehicle in traffic) / V2:(Collision with parked motor vehicle),None,"No, school bus not involved",25,"Yes, device functioning", V1:(Collision with motor vehicle in traffic) V2:(Collision with parked motor vehicle),No,,,,,,,,236486.3152,907901.2478,42.42077604,-71.05666699,428, FERRY ST Rte N,,,,,,,,,,,7281,2020,0.477,356,0.068,44,Both sides,City or Town accepted road,,10,10,0,No Shoulder,40,Bituminous concrete road,0,No Shoulder,2,0,0,None,Large Urbanized Area,Urban minor arterial or rural major collector,Boston (MA-NH-RI),,Mainline roadway,Two-way traffic,No Access Control,,30,FERRY STREET,EVERETT CITY LINE,MAIN STREET,MALDEN,Good,Level Terrain,,Grown from Prior Year HPMS Network,,30,0,0,,,Minor Arterial
5598807,MALDEN,8/31/25,Property damage only (none injured),Open,12:41 PM,2025,Not Applicable,1,Local police,,45-54,45-54,,,12:00PM to 12:59PM,D1: (Unknown) ,,Collision with parked motor vehicle,Yes,Daylight,"Sideswipe, same direction",4,,,, PW20254646154,Dry,Not at junction,MAPC,0,0,No controls,Unknown,V1: Parked,V1:(Passenger car),V1:(No),V1:(No),V1: Not Reported,Clear,MIDDLESEX,25000652,"V1:(No, not federally reportable)","No, not federally reportable",Outside roadway,At Address,"Yes, hit and run",,V1:(Collision with parked motor vehicle),None,"No, school bus not involved",25,Not reported, V1:(Collision with parked motor vehicle),No,,,,,,,,239161.4302,909947.5609,42.4390682,-71.02402447,16, QUARRY LN Rte 6,,,,,,,,,,,,,,,,,,Unaccepted by city or town,,5,5,0,No Shoulder,0,0,0,No Shoulder,0,0,0,None,Large Urbanized Area,Local,Boston (MA-NH-RI),,,,No Access Control,,,QUARRY LANE,OVERLOOK RIDGE DRIVE,DEAD END,MALDEN,,Rolling Terrain,,,,,0,0,,,Local