Crash Number,City Town Name,Crash Date,Crash Severity,Crash Status,Crash Time,Crash Year,Max Injury Severity Reported,Number of Vehicles,Police Agency Type,State Police Troop,Age of Driver - Youngest Known,Age of Driver - Oldest Known,Age of Vulnerable User - Youngest Known,Age of Vulnerable User - Oldest Known,Crash Hour,Driver Contributing Circumstances (All Drivers),Driver Distracted By (All Vehicles),First Harmful Event,Is Geocoded,Light Conditions,Manner of Collision,MassDOT District,Vulnerable User Action (All Persons),Vulnerable User Location (All Persons),Vulnerable User Type (All Persons),RMV Document Numbers,Road Surface Condition,Roadway Junction Type,RPA Abbreviation,Total Fatalities,Total Non-Fatal Injuries,Traffic Control Device Type,Trafficway Description,Vehicle Actions Prior to Crash (All Vehicles),Vehicle Configuration (All Vehicles),Vehicle Emergency Use (All Vehicles),Vehicle Towed From Scene (All Vehicles),Vehicle Travel Directions (All Vehicles),Weather Conditions,County Name,Crash Report IDs,FMCSA Reportable (All Vehicles),FMCSA Reportable (Crash),First Harmful Event Location,Geocoding Method,Hit and Run,Locality,Most Harmful Event (All Vehicles),Road Contributing Circumstance,School Bus Related,Speed Limit,Traffic Control Device Function,Vehicle Sequence of Events (All Vehicles),Work Zone Related,Vulnerable User Sequence of Events (All Persons),Vulnerable User Distracted By (All Persons),Vulnerable User Traffic Control Type (All persons),Vulnerable User Origin Destination (All Persons),Vulnerable User Contributing Circumstances (All Persons),Vulnerable User Alcohol Suspected Type (All Persons),Vulnerable User Drug Suspected Type (All Persons),X,Y,Latitude,Longitude,Street Number,Roadway,Near Intersection Roadway,Distance and Direction From Intersection,Milemarker,Milemarker Route,Distance and Direction From Milemarker,Exit Number,Exit Route,Distance and Direction From Exit,Landmark,Distance and Direction From Landmark,AADT-linked RD,AADT Year-linked RD,Peak % Single Unit Trucks-linked RD,Single-Unit Truck and Bus AADT-linked RD,Peak % Combo Trucks-linked RD,Combination Truck AADT-linked RD,Curb-linked RD-linked RD,Jurisdiction-linked RD,Truck Route-linked RD,Left Sidewalk Width-linked RD,Right Sidewalk Width-linked RD,Left Shoulder Width-linked RD,Left Shoulder Type-linked RD,Surface Width-linked RD,Surface Type-linked RD,Right Shoulder Width-linked RD,Right Shoulder Type-linked RD,Number of Travel Lanes-linked RD,Number of Opposing Travel Lanes-linked RD,Median Width-linked RD,Median Type-linked RD,Urban Type-linked RD,Functional Classification-linked RD,Urbanized Area-linked RD,Federal Aid Route Number-linked RD,Facility Type-linked RD,Street Operation-linked RD,Access Control-linked RD,Number of Peak Hour Lanes-linked RD,Speed Limit-linked RD,Street Name-linked RD,From Street Name-linked RD,To Street Name-linked RD,City-linked RD-linked RD,Structural Condition-linked RD,Terrain-linked RD,Urban Location Type-linked RD,AADT Derivation-linked RD,AADT Station Number-linked RD,Opposing Direction Speed Limit-linked RD,Undivided Left Shoulder Type-linked RD,Undivided Left Shoulder Width-linked RD,Truck Exclusion Type-linked RD,Truck Exclusion Time-linked RD,Federal Functional Classification-linked RD
5598808,MALDEN,7/7/25,Unknown,Open,10:31 AM,2025,Not reported,1,Local police,,,,,,10:00AM to 10:59AM,,,Collision with parked motor vehicle,Yes,Unknown,"Sideswipe, same direction",4,,,, PW20254646155,Dry,Not at junction,MAPC,0,0,No controls,"Two-way, not divided",V1: Parked,"V1:(Light truck(van, mini-van, pickup, sport utility))",V1:(No),V1:(No),V1: Not Reported,Clear/Clear,MIDDLESEX,25000519,"V1:(No, not federally reportable)","No, not federally reportable",Unknown,At Address,"Yes, hit and run",,V1:(Collision with parked motor vehicle),None,"No, school bus not involved",25,Not reported, V1:(Collision with parked motor vehicle),No,,,,,,,,234577.3059,907606.6912,42.41821127,-71.07987996,114, HIGHLAND AV Rte S,,,,,,,,,,,14259,2020,0.632,812,0.109,115,Both sides,City or Town accepted road,,9,9,0,No Shoulder,36,Bituminous concrete road,0,No Shoulder,2,0,0,None,Large Urbanized Area,Urban minor arterial or rural major collector,Boston (MA-NH-RI),,Mainline roadway,Two-way traffic,No Access Control,,25,HIGHLAND AVENUE,MEDFORD CITY LINE,MEDFORD CITY LINE,MALDEN,Good,Level Terrain,,Pulled back from HPMS network estimation routine,,25,0,0,,,Minor Arterial
5598809,MALDEN,7/7/25,Property damage only (none injured),Open,8:02 PM,2025,No Apparent Injury (O),1,Local police,,18-20,18-20,,,08:00PM to 08:59PM,"D1: (Failure to keep in proper lane or running off road),(Unknown) ",D1: Not Distracted,Collision with other movable object,Yes,Dusk,Single vehicle crash,4,,,, PW20254646156,Dry,T-intersection,MAPC,0,0,No controls,"Two-way, not divided",V1: Turning right,V1:(Passenger car),V1:(No),V1:(No),V1: S,Clear,MIDDLESEX,25000522,"V1:(No, not federally reportable)","No, not federally reportable",Roadside,At Address,No hit and run,,V1:(Collision with other movable object),None,"No, school bus not involved",20,Not reported, V1:(Collision with other movable object),No,,,,,,,,236271.5082,907459.8138,42.41681203,-71.0593047,122, BELMONT ST Rte S,,,,,,,,,,,2822,2020,0.21,137,0,17,Both sides,City or Town accepted road,,8,8,0,No Shoulder,30,Bituminous concrete road,0,No Shoulder,2,0,0,None,Large Urbanized Area,Urban collector or rural minor collector,Boston (MA-NH-RI),,Mainline roadway,Two-way traffic,No Access Control,,99,BELMONT STREET,FERRY STREET,MAIN STREET,MALDEN,Good,Level Terrain,,Grown from Prior Year HPMS Network,,99,0,0,,,Major Collector
5598810,MALDEN,7/14/25,Unknown,Open,4:33 PM,2025,Not reported,1,Local police,,,,,,04:00PM to 04:59PM,,,Collision with parked motor vehicle,Yes,Daylight,"Sideswipe, same direction",4,,,, PW20254646158,Dry,Not at junction,MAPC,0,0,No controls,"Two-way, not divided",V1: Parked,V1:(Passenger car),V1:(No),V1:(No),V1: U,Clear,MIDDLESEX,25000540,"V1:(No, not federally reportable)","No, not federally reportable",Roadway,At Address,"Yes, hit and run",,V1:(Collision with parked motor vehicle),Unknown,"No, school bus not involved",25,"No, device not functioning", V1:(Collision with parked motor vehicle),No,,,,,,,,237674.8454,908371.105,42.42494942,-71.04219519,50, BROADWAY Rte 6,,,,,,,,,,,21508,2020,,,,,Both sides,City or Town accepted road,,6,6,0,No Shoulder,46,Bituminous concrete road,0,No Shoulder,4,0,0,None,Large Urbanized Area,Rural minor arterial or urban principal arterial,Boston (MA-NH-RI),,Mainline roadway,Two-way traffic,No Access Control,,35,BROADWAY,EVERETT CITY LINE,MELROSE CITY LINE,MALDEN,Good,Level Terrain,,Pulled back from HPMS network estimation routine,,35,0,0,,,Principal Arterial - Other
5598811,MALDEN,7/14/25,Property damage only (none injured),Open,11:39 PM,2025,No Apparent Injury (O),2,Local police,,35-44,35-44,,,11:00PM to 11:59PM,D1: (Unknown) ,,Collision with parked motor vehicle,Yes,Dark - lighted roadway,Rear-end,4,,,, PW20254646157,Dry,Not at junction,MAPC,0,0,No controls,"One-way, not divided",V1: Other / V2: Parked,V1:(Passenger car) / V2:(Passenger car),V1:(No) / V2:(No),"V1:(Yes, vehicle or trailer disabled) / V2:(No)",V1: W  / V2: W,Clear,MIDDLESEX,25000542,"V1:(No, not federally reportable) / V2:(No, not federally reportable)","No, not federally reportable",Roadside,At Address,No hit and run,,V1:(Collision with parked motor vehicle) / V2:(Collision with parked motor vehicle),None,"No, school bus not involved",20,"No, device not functioning", V1:(Collision with parked motor vehicle) V2:(Collision with parked motor vehicle),No,,,,,,,,237450.679,909500.2561,42.43512541,-71.04484587,11, GRANITE ST Rte W,,,,,,,,,,,2836,2020,0.21,139,0,17,Both sides,City or Town accepted road,,7,7,0,No Shoulder,25,Bituminous concrete road,0,No Shoulder,2,0,0,None,Large Urbanized Area,Urban collector or rural minor collector,Boston (MA-NH-RI),,Mainline roadway,One-way traffic,No Access Control,,99,GRANITE STREET,NEAL STREET,LEBANON STREET,MALDEN,Good,Level Terrain,,Grown from Prior Year HPMS Network,,99,0,0,,,Major Collector
5598813,MALDEN,7/17/25,Non-fatal injury,Open,11:46 AM,2025,Suspected Minor Injury (B),2,Local police,,25-34,45-54,,,11:00AM to 11:59AM,D1: (No improper driving)  / D2: (Failed to yield right of way) ,D1: Not Distracted / D2: Not Distracted,Collision with motor vehicle in traffic,Yes,Daylight,Angle,4,,,, PW20254646160,Dry,T-intersection,MAPC,0,1,No controls,"Two-way, not divided",V1: Travelling straight ahead / V2: Leaving traffic lane,V1:(Passenger car) / V2:(Passenger car),V1:(No) / V2:(No),"V1:(Yes, vehicle or trailer disabled) / V2:(Yes, vehicle or trailer disabled)",V1: S  / V2: N,Clear,MIDDLESEX,25000547,"V1:(No, not federally reportable) / V2:(No, not federally reportable)","No, not federally reportable",Roadway,At Intersection,No hit and run,,V1:(Collision with motor vehicle in traffic) / V2:(Collision with motor vehicle in traffic),None,"No, school bus not involved",35,"No, device not functioning", V1:(Collision with motor vehicle in traffic) V2:(Collision with motor vehicle in traffic),No,,,,,,,,237759.5153,908679.6873,42.42772334,-71.04114617,, BROADWAY Rte S  / SHEAFE ST Rte W,,,,,,,,,,,22968,2020,0.33,894,0.105,252,Both sides,City or Town accepted road,,6,6,0,No Shoulder,46,Bituminous concrete road,0,No Shoulder,4,0,0,None,Large Urbanized Area,Rural minor arterial or urban principal arterial,Boston (MA-NH-RI),,Mainline roadway,Two-way traffic,No Access Control,,35,BROADWAY,EVERETT CITY LINE,MELROSE CITY LINE,MALDEN,Good,Level Terrain,,Grown from Prior Year HPMS Network,,35,0,0,,,Principal Arterial - Other
5598814,MALDEN,7/16/25,Property damage only (none injured),Open,12:58 PM,2025,No Apparent Injury (O),2,Local police,,35-44,55-64,,,12:00PM to 12:59PM,D1: (Unknown)  / D2: (Unknown) ,,Collision with motor vehicle in traffic,Yes,Daylight,Rear-end,4,,,, PW20254646161,Dry,Not at junction,MAPC,0,0,No controls,"Two-way, divided, unprotected median",V1: Travelling straight ahead / V2: Slowing or stopped in traffic,V1:(Passenger car) / V2:(Passenger car),V1:(No) / V2:(No),"V1:(No) / V2:(Yes, vehicle or trailer disabled)",V1: E  / V2: E,Clear,MIDDLESEX,25000546,"V1:(No, not federally reportable) / V2:(No, not federally reportable)","No, not federally reportable",Roadway,Operator Designated,No hit and run,,V1:(Collision with motor vehicle in traffic) / V2:(Collision with motor vehicle in traffic),Unknown,"No, school bus not involved",25,Not reported, V1:(Collision with motor vehicle in traffic) V2:(Collision with motor vehicle in traffic),No,,,,,,,,234653.7464,907351.1925,42.41590773,-71.07896654,35, DEVIR STREET, HIGHLAND AVENUE,200 feet E  of,,,,,,,,,1154,,,,,,Both sides,City or Town accepted road,,8,7,0,No Shoulder,24,Bituminous concrete road,0,No Shoulder,2,0,0,None,Large Urbanized Area,Local,Boston (MA-NH-RI),,Mainline roadway,Two-way traffic,No Access Control,,,DEVIR STREET,HIGHLAND AVENUE,MEDFORD CITY LINE,MALDEN,Good,Level Terrain,,,,,0,0,,,Local
5598815,MALDEN,7/15/25,Non-fatal injury,Open,2:47 PM,2025,Suspected Minor Injury (B),2,Local police,,45-54,65-74,,,02:00PM to 02:59PM,D1: (No improper driving)  / D2: (Inattention) ,D1: Not Distracted / D2: Not Distracted,Collison with moped,Yes,Daylight,Head-on,4,,,, PW20254646164,Dry,T-intersection,MAPC,0,1,Stop signs,"One-way, not divided",V1: Travelling straight ahead / V2: Entering traffic lane,V1:(Motorcycle) / V2:(Passenger car),V1:(No) / V2:(No),V1:(No) / V2:(No),V1: E  / V2: S,Clear,MIDDLESEX,25000543,"V1:(No, not federally reportable) / V2:(No, not federally reportable)","No, not federally reportable",Roadway,At Intersection,No hit and run,,V1:(Other) / V2:(Other),None,"No, school bus not involved",30,"Yes, device functioning", V1:(Other) V2:(Other),No,,,,,,,,234930.1949,909386.893,42.43422186,-71.07548473,, GLENWOOD ST Rte E  / SUMMER ST Rte S,,,,,,,,,,,3581,2020,,,,,Both sides,City or Town accepted road,,7,4,0,No Shoulder,30,Bituminous concrete road,0,No Shoulder,2,0,0,None,Large Urbanized Area,Urban collector or rural minor collector,Boston (MA-NH-RI),,Mainline roadway,Two-way traffic,No Access Control,,99,GLENWOOD STREET,HIGHLAND AVENUE,WASHINGTON STREET,MALDEN,Good,Level Terrain,,Pulled back from HPMS network estimation routine,,99,0,0,,,Major Collector
5598816,MALDEN,7/16/25,Unknown,Open,10:17 AM,2025,Not reported,1,Local police,,,,,,10:00AM to 10:59AM,,,Collision with parked motor vehicle,Yes,Daylight,"Sideswipe, same direction",4,,,, PW20254646162,Dry,Not at junction,MAPC,0,0,No controls,Unknown,V1: Parked,V1:(Passenger car),V1:(No),V1:(No),V1: E,Clear,MIDDLESEX,25000545,"V1:(No, not federally reportable)","No, not federally reportable",Roadway,At Address,"Yes, hit and run",,V1:(Collision with parked motor vehicle),Unknown,"No, school bus not involved",25,Not reported, V1:(Collision with parked motor vehicle),No,,,,,,,,235675.5073,907319.9265,42.41558018,-71.06655457,40, REGENT RD Rte E,,,,,,,,,,,1154,,,,,,Both sides,City or Town accepted road,,4,4,0,No Shoulder,25,Bituminous concrete road,0,No Shoulder,2,0,0,None,Large Urbanized Area,Local,Boston (MA-NH-RI),,Mainline roadway,One-way traffic,No Access Control,,,REGENT ROAD,BELL ROCK STREET,EVERETT CITY LINE,MALDEN,Good,Level Terrain,,,,,0,0,,,Local
5598817,MALDEN,7/18/25,Property damage only (none injured),Open,5:07 PM,2025,No Apparent Injury (O),1,Local police,,25-34,25-34,,,05:00PM to 05:59PM,D1: (Unknown) ,,Collision with motor vehicle in traffic,Yes,Daylight,Rear-end,4,,,, PW20254646163,Dry,Four-way intersection,MAPC,0,0,No controls,"Two-way, divided, unprotected median",V1: Slowing or stopped in traffic,V1:(Passenger car),V1:(No),V1:(No),V1: E,Clear,MIDDLESEX,25000550,"V1:(No, not federally reportable)","No, not federally reportable",Roadway,At Intersection,No hit and run,,V1:(Collision with motor vehicle in traffic),Unknown,"No, school bus not involved",25,"No, device not functioning", V1:(Collision with motor vehicle in traffic),No,,,,,,,,234578.0935,907544.1252,42.41764798,-71.07987414,, HIGHLAND AV Rte N  / MEDFORD ST Rte E,,,,,,,,,,,14259,2020,0.632,812,0.109,115,Both sides,City or Town accepted road,,9,9,0,No Shoulder,36,Bituminous concrete road,0,No Shoulder,2,0,0,None,Large Urbanized Area,Urban minor arterial or rural major collector,Boston (MA-NH-RI),,Mainline roadway,Two-way traffic,No Access Control,,25,HIGHLAND AVENUE,MEDFORD CITY LINE,MEDFORD CITY LINE,MALDEN,Good,Level Terrain,,Pulled back from HPMS network estimation routine,,25,0,0,,,Minor Arterial
5598818,MALDEN,7/20/25,Property damage only (none injured),Open,3:56 AM,2025,No Apparent Injury (O),2,Local police,,21-24,21-24,,,03:00AM to 03:59AM,D1: (No improper driving) ,D1: Not Distracted,Collision with parked motor vehicle,Yes,Daylight,"Sideswipe, same direction",4,,,, PW20254646167,Dry,Not at junction,MAPC,0,0,No controls,"Two-way, divided, unprotected median",V1: Turning right / V2: Parked,"V1:(Passenger car) / V2:(Light truck(van, mini-van, pickup, sport utility))",V1:(No) / V2:(No),"V1:(Yes, vehicle or trailer disabled) / V2:(No)",V1: N  / V2: N,Clear,MIDDLESEX,25000553,"V1:(No, not federally reportable) / V2:(No, not federally reportable)","No, not federally reportable",Roadway,At Address,No hit and run,,V1:(Collision with parked motor vehicle) / V2:(Collision with motor vehicle in traffic),None,"No, school bus not involved",25,"Yes, device functioning", V1:(Collision with parked motor vehicle) V2:(Collision with motor vehicle in traffic),No,,,,,,,,234854.3614,909511.1276,42.43534368,-71.07639884,256, SUMMER ST Rte N,,,,,,,,,,,2786,2020,0.21,136,0,17,Both sides,City or Town accepted road,,8,8,0,No Shoulder,23,Surface-treated road,0,No Shoulder,2,0,0,None,Large Urbanized Area,Urban collector or rural minor collector,Boston (MA-NH-RI),,Mainline roadway,Two-way traffic,No Access Control,,99,SUMMER STREET,PLEASANT STREET,DEAD END,MALDEN,Good,Rolling Terrain,,Grown from Prior Year HPMS Network,,99,0,0,,,Major Collector
5598819,MALDEN,7/21/25,Property damage only (none injured),Open,1:40 PM,2025,No Apparent Injury (O),2,Local police,,75-84,75-84,,,01:00PM to 01:59PM,D2: (Other improper action) ,,Collision with parked motor vehicle,Yes,Daylight,"Sideswipe, same direction",4,,,, PW20254646169,Dry,Not at junction,MAPC,0,0,No controls,"Two-way, not divided",V1: Parked / V2: Travelling straight ahead,V1:(Passenger car) / V2:(Passenger car),V1:(No) / V2:(No),V1:(No) / V2:(No),V1: W  / V2: W,Clear,MIDDLESEX,25000557,"V1:(No, not federally reportable) / V2:(No, not federally reportable)","No, not federally reportable",Roadway,At Address,No hit and run,,V1:(Collision with parked motor vehicle) / V2:(Collision with parked motor vehicle),None,"No, school bus not involved",15,Not reported, V1:(Collision with parked motor vehicle) V2:(Collision with parked motor vehicle),No,,,,,,,,237361.837,908291.6901,42.42424955,-71.04600376,130, NEWLAND ST Rte W,,,,,,,,,,,1154,,,,,,Both sides,City or Town accepted road,,4,4,0,No Shoulder,25,Bituminous concrete road,0,No Shoulder,2,0,0,None,Large Urbanized Area,Local,Boston (MA-NH-RI),,Mainline roadway,Two-way traffic,No Access Control,,,NEWLAND STREET,TAYLOR STREET,ALDEN STREET,MALDEN,Good,Level Terrain,,,,,0,0,,,Local
5598820,MALDEN,7/18/25,Unknown,Open,9:40 AM,2025,Not reported,1,Local police,,,,,,09:00AM to 09:59AM,,,Collision with parked motor vehicle,Yes,Unknown,Unknown,4,,,, PW20254646166,Unknown,Not at junction,MAPC,0,0,Traffic control signal,"Two-way, not divided",V1: Parked,V1:(Passenger car),V1:(No),V1:(No),V1: S,Unknown,MIDDLESEX,25000549,"V1:(No, not federally reportable)","No, not federally reportable",Roadway,At Address,"Yes, hit and run",,V1:(Collision with motor vehicle in traffic),Unknown,"No, school bus not involved",20,"Yes, device functioning", V1:(Collision with motor vehicle in traffic),No,,,,,,,,236253.9409,909173.1336,42.43223706,-71.05941061,20, KENILWORTH ST Rte N,,,,,,,,,,,1154,,,,,,Both sides,City or Town accepted road,,7,7,0,No Shoulder,25,Bituminous concrete road,0,No Shoulder,2,0,0,None,Large Urbanized Area,Local,Boston (MA-NH-RI),,Mainline roadway,Two-way traffic,No Access Control,,,KENILWORTH STREET,KNOLLIN STREET,LYNDE STREET,MALDEN,Good,Rolling Terrain,,,,,0,0,,,Local
5598821,MALDEN,7/7/25,Unknown,Open,7:12 PM,2025,Not reported,1,Local police,,,,,,07:00PM to 07:59PM,,,Collision with parked motor vehicle,Yes,Daylight,Unknown,4,,,, PW20254646165,Dry,Not at junction,MAPC,0,0,No controls,"Two-way, not divided",V1: Parked,V1:(Passenger car),V1:(No),V1:(No),V1: Not Reported,Clear,MIDDLESEX,25000523,"V1:(No, not federally reportable)","No, not federally reportable",Roadside,At Address,"Yes, hit and run",,V1:(Collision with motor vehicle in traffic),None,"No, school bus not involved",25,"No, device not functioning", V1:(Collision with motor vehicle in traffic),No,,,,,,,,238779.1417,909544.1305,42.43545544,-71.02869787,1229, SALEM ST Rte E,,,,,,,,,,,2835,2020,0.21,139,0,17,Both sides,City or Town accepted road,,8,8,0,No Shoulder,32,Bituminous concrete road,0,No Shoulder,2,0,0,None,Large Urbanized Area,Urban collector or rural minor collector,Boston (MA-NH-RI),,Mainline roadway,Two-way traffic,No Access Control,,99,SALEM STREET,MAIN STREET ,,MALDEN,Good,Level Terrain,,Grown from Prior Year HPMS Network,,99,0,0,,,Major Collector
5598822,MALDEN,7/20/25,Non-fatal injury,Open,11:18 PM,2025,Suspected Minor Injury (B),2,Local police,,25-34,25-34,,,11:00PM to 11:59PM,"D1: (No improper driving)  / D2: (Disregarded traffic signs, signals, road markings) ",D1: Not Distracted,Collision with motor vehicle in traffic,Yes,Dark - lighted roadway,Angle,4,,,, PW20254646170,Dry,Y-intersection,MAPC,0,1,Traffic control signal,"Two-way, not divided",V1: Travelling straight ahead / V2: Travelling straight ahead,"V1:(Light truck(van, mini-van, pickup, sport utility)) / V2:(Light truck(van, mini-van, pickup, sport utility))",V1:(No) / V2:(No),"V1:(Yes, vehicle or trailer disabled) / V2:(No)",V1: S  / V2: E,Clear/Clear,MIDDLESEX,25000555,"V1:(No, not federally reportable) / V2:(No, not federally reportable)","No, not federally reportable",Roadway,At Intersection,"Yes, hit and run",,V1:(Collision with motor vehicle in traffic) / V2:(Collision with motor vehicle in traffic),None,"No, school bus not involved",30,"Yes, device functioning", V1:(Collision with motor vehicle in traffic) V2:(Collision with motor vehicle in traffic),No,,,,,,,,236000.3753,908482.9374,42.4260353,-71.06253513,, CENTRE STREET / EASTERN AVENUE,,,,,,,,,,,14952,2020,0.558,688,0.155,165,Both sides,City or Town accepted road,,0,8,0,No Shoulder,22,Bituminous concrete road,0,No Shoulder,2,2,5,Raised Median,Large Urbanized Area,Rural minor arterial or urban principal arterial,Boston (MA-NH-RI),,Mainline roadway,Two-way traffic,No Access Control,,30,CENTRE STREET,PLEASANT STREET,EASTERN AVENUE,MALDEN,Good,Level Terrain,,Pulled back from HPMS network estimation routine,,0,0,0,,,Principal Arterial - Other
5598823,MALDEN,7/26/25,Property damage only (none injured),Open,3:31 PM,2025,No Apparent Injury (O),1,Local police,,21-24,21-24,,,03:00PM to 03:59PM,D1: (Inattention) ,,Other,Yes,Daylight,Single vehicle crash,4,,,, PW20254646168,Dry,Not at junction,MAPC,0,0,No controls,"Two-way, not divided",V1: Backing,"V1:(Light truck(van, mini-van, pickup, sport utility))",V1:(No),V1:(No),V1: E,Clear,MIDDLESEX,25000574,"V1:(No, not federally reportable)","No, not federally reportable",Roadway,At Address,No hit and run,,"V1:(Collision with other fixed object (wall, building, tunnel, etc.))",None,"No, school bus not involved",25,"Yes, device functioning"," V1:(Collision with other fixed object(wall, building, tunnel, etc.))",No,,,,,,,,237256.227,910295.2432,42.44229159,-71.04715779,47, CRESCENT LN Rte E,,,,,,,,,,,1154,,,,,,None,Unaccepted by city or town,,0,0,0,No Shoulder,14,Surface-treated road,3,Stable - Unruttable compacted subgrade,1,0,0,None,Large Urbanized Area,Local,Boston (MA-NH-RI),,Mainline roadway,Two-way traffic,No Access Control,,,CRESCENT LANE,MOUNT PLEASANT AVENUE,DEAD END,MALDEN,Fair,Rolling Terrain,,,,,0,0,,,Local
5598824,MALDEN,7/19/25,Non-fatal injury,Open,8:57 AM,2025,Possible Injury (C),2,Local police,,25-34,75-84,,,08:00AM to 08:59AM,D1: (No improper driving)  / D2: (No improper driving) ,D1: Not Distracted / D2: Not Distracted,Collision with motor vehicle in traffic,Yes,Daylight,Angle,4,,,, PW20254646171,Dry,Four-way intersection,MAPC,0,1,Traffic control signal,"Two-way, not divided",V1: Travelling straight ahead / V2: Turning left,"V1:(Light truck(van, mini-van, pickup, sport utility)) / V2:(Passenger car)",V1:(No) / V2:(No),"V1:(Yes, vehicle or trailer disabled) / V2:(Yes, vehicle or trailer disabled)",V1: E  / V2: W,Clear,MIDDLESEX,25000551,"V1:(No, not federally reportable) / V2:(No, not federally reportable)","No, not federally reportable",Roadway,At Intersection,No hit and run,,V1:(Collision with motor vehicle in traffic) / V2:(Collision with motor vehicle in traffic),None,"No, school bus not involved",25,"Yes, device functioning", V1:(Collision with motor vehicle in traffic) V2:(Collision with motor vehicle in traffic),No,,,,,,,,235572.8125,908388.375,42.42520363,-71.06773647,, CENTRE ST Rte    / MAIN ST Rte,,,,,,,,,,,14589,2020,0.558,671,0.155,161,Both sides,City or Town accepted road,,0,8,0,No Shoulder,22,Bituminous concrete road,0,No Shoulder,2,2,5,Raised Median,Large Urbanized Area,Rural minor arterial or urban principal arterial,Boston (MA-NH-RI),,Mainline roadway,Two-way traffic,No Access Control,,30,CENTRE STREET,PLEASANT STREET,EASTERN AVENUE,MALDEN,Good,Level Terrain,,Pulled back from HPMS network estimation routine,,0,0,0,,,Principal Arterial - Other
5598825,MALDEN,7/30/25,Property damage only (none injured),Open,6:43 PM,2025,No Apparent Injury (O),2,Local police,,25-34,25-34,,,06:00PM to 06:59PM,D2: (Operating defective equipment) ,,Collision with parked motor vehicle,Yes,Daylight,Rear-end,4,,,, PW20254646172,Dry,Not at junction,MAPC,0,0,No controls,"Two-way, not divided",V1: Parked / V2: Travelling straight ahead,V1:(Passenger car) / V2:(Passenger car),V1:(No) / V2:(No),"V1:(No) / V2:(Yes, vehicle or trailer disabled)",V1: E  / V2: E,Clear,MIDDLESEX,25000580,"V1:(No, not federally reportable) / V2:(No, not federally reportable)","No, not federally reportable",Roadway,At Address,No hit and run,,V1:(Collision with parked motor vehicle) / V2:(Collision with parked motor vehicle),Unknown,"No, school bus not involved",25,"No, device not functioning", V1:(Collision with parked motor vehicle) V2:(Collision with parked motor vehicle),No,,,,,,,,236731.2501,907864.4177,42.42043297,-71.05369326,20, RICH ST Rte E,,,,,,,,,,,2763,2020,0.21,134,0,17,Both sides,City or Town accepted road,,8,10,0,No Shoulder,30,Bituminous concrete road,0,No Shoulder,2,0,0,None,Large Urbanized Area,Urban collector or rural minor collector,Boston (MA-NH-RI),,Mainline roadway,Two-way traffic,No Access Control,,99,RICH STREET,FERRY STREET,BRYANT STREET,EVERETT,Fair,Rolling Terrain,,Grown from Prior Year HPMS Network,,99,0,0,,,Major Collector
5598826,MALDEN,7/19/25,Unknown,Open,10:11 PM,2025,Not reported,3,Local police,,,,,,10:00PM to 10:59PM,,,Collision with parked motor vehicle,Yes,Dark - unknown roadway lighting,Angle,4,,,, PW20254646173,Dry,Not at junction,MAPC,0,0,No controls,"One-way, not divided",V1: Parked / V2: Parked / V3: Travelling straight ahead,"V1:(Light truck(van, mini-van, pickup, sport utility)) / V2:(Passenger car) / V3:(Light truck(van, mini-van, pickup, sport utility))",V1:(No) / V2:(No) / V3:(No),V1:(No) / V2:(No) / V3:(No),V1: W  / V2: W  / V3: W,Clear,MIDDLESEX,25000552,"V1:(No, not federally reportable) / V2:(No, not federally reportable) / V3:(No, not federally reportable)","No, not federally reportable",Roadway,At Address,"Yes, hit and run",,V1:(Collision with motor vehicle in traffic) / V2:(Collision with motor vehicle in traffic) / V3:(Collision with parked motor vehicle),Unknown,"No, school bus not involved",25,"No, device not functioning", V1:(Collision with motor vehicle in traffic) V2:(Collision with motor vehicle in traffic) V3:(Collision with parked motor vehicle),No,,,,,,,,236511.6993,907974.8649,42.42143759,-71.05635391,21, HARVARD ST Rte W,,,,,,,,,,,1154,,,,,,Both sides,City or Town accepted road,,7,7,0,No Shoulder,25,Surface-treated road,0,No Shoulder,2,0,0,None,Large Urbanized Area,Local,Boston (MA-NH-RI),,Mainline roadway,One-way traffic,No Access Control,,,HARVARD STREET,BOWDOIN STREET,FERRY STREET,MALDEN,Good,Level Terrain,,,,,0,0,,,Local
5598827,MALDEN,7/26/25,Property damage only (none injured),Open,1:37 AM,2025,No Apparent Injury (O),2,Local police,,16-17,16-17,,,01:00AM to 01:59AM,D1: (Unknown) ,,Collision with motor vehicle in traffic,Yes,Dark - lighted roadway,Angle,4,,,, PW20254646174,Dry,Not at junction,MAPC,0,0,No controls,"Two-way, not divided",V1: Slowing or stopped in traffic / V2: Entering traffic lane,V1:(Passenger car) / V2:(Passenger car),V1:(No) / V2:(No),V1:(No) / V2:(No),V1: S  / V2: E,Clear,MIDDLESEX,25000571,"V1:(No, not federally reportable) / V2:(No, not federally reportable)","No, not federally reportable",Roadway,At Address,"Yes, hit and run",,V1:(Collision with motor vehicle in traffic) / V2:(Collision with motor vehicle in traffic),None,"No, school bus not involved",25,"Yes, device functioning", V1:(Collision with motor vehicle in traffic) V2:(Collision with motor vehicle in traffic),No,,,,,,,,237563.7371,908308.3639,42.42438995,-71.04354937,50, NEWLAND ST Rte W,,,,,,,,,,,1154,,,,,,None,Unaccepted by city or town,,0,0,0,No Shoulder,20,Gravel or stone road,3,Unstable shoulder,2,0,0,None,Large Urbanized Area,Local,Boston (MA-NH-RI),,Mainline roadway,Two-way traffic,No Access Control,,,NEWLAND STREET,TAYLOR STREET,ALDEN STREET,MALDEN,Deficient,Level Terrain,,,,,0,0,,,Local