Crash Number,City Town Name,Crash Date,Crash Severity,Crash Status,Crash Time,Crash Year,Max Injury Severity Reported,Number of Vehicles,Police Agency Type,State Police Troop,Age of Driver - Youngest Known,Age of Driver - Oldest Known,Age of Vulnerable User - Youngest Known,Age of Vulnerable User - Oldest Known,Crash Hour,Driver Contributing Circumstances (All Drivers),Driver Distracted By (All Vehicles),First Harmful Event,Is Geocoded,Light Conditions,Manner of Collision,MassDOT District,Vulnerable User Action (All Persons),Vulnerable User Location (All Persons),Vulnerable User Type (All Persons),RMV Document Numbers,Road Surface Condition,Roadway Junction Type,RPA Abbreviation,Total Fatalities,Total Non-Fatal Injuries,Traffic Control Device Type,Trafficway Description,Vehicle Actions Prior to Crash (All Vehicles),Vehicle Configuration (All Vehicles),Vehicle Emergency Use (All Vehicles),Vehicle Towed From Scene (All Vehicles),Vehicle Travel Directions (All Vehicles),Weather Conditions,County Name,Crash Report IDs,FMCSA Reportable (All Vehicles),FMCSA Reportable (Crash),First Harmful Event Location,Geocoding Method,Hit and Run,Locality,Most Harmful Event (All Vehicles),Road Contributing Circumstance,School Bus Related,Speed Limit,Traffic Control Device Function,Vehicle Sequence of Events (All Vehicles),Work Zone Related,Vulnerable User Sequence of Events (All Persons),Vulnerable User Distracted By (All Persons),Vulnerable User Traffic Control Type (All persons),Vulnerable User Origin Destination (All Persons),Vulnerable User Contributing Circumstances (All Persons),Vulnerable User Alcohol Suspected Type (All Persons),Vulnerable User Drug Suspected Type (All Persons),X,Y,Latitude,Longitude,Street Number,Roadway,Near Intersection Roadway,Distance and Direction From Intersection,Milemarker,Milemarker Route,Distance and Direction From Milemarker,Exit Number,Exit Route,Distance and Direction From Exit,Landmark,Distance and Direction From Landmark,AADT-linked RD,AADT Year-linked RD,Peak % Single Unit Trucks-linked RD,Single-Unit Truck and Bus AADT-linked RD,Peak % Combo Trucks-linked RD,Combination Truck AADT-linked RD,Curb-linked RD-linked RD,Jurisdiction-linked RD,Truck Route-linked RD,Left Sidewalk Width-linked RD,Right Sidewalk Width-linked RD,Left Shoulder Width-linked RD,Left Shoulder Type-linked RD,Surface Width-linked RD,Surface Type-linked RD,Right Shoulder Width-linked RD,Right Shoulder Type-linked RD,Number of Travel Lanes-linked RD,Number of Opposing Travel Lanes-linked RD,Median Width-linked RD,Median Type-linked RD,Urban Type-linked RD,Functional Classification-linked RD,Urbanized Area-linked RD,Federal Aid Route Number-linked RD,Facility Type-linked RD,Street Operation-linked RD,Access Control-linked RD,Number of Peak Hour Lanes-linked RD,Speed Limit-linked RD,Street Name-linked RD,From Street Name-linked RD,To Street Name-linked RD,City-linked RD-linked RD,Structural Condition-linked RD,Terrain-linked RD,Urban Location Type-linked RD,AADT Derivation-linked RD,AADT Station Number-linked RD,Opposing Direction Speed Limit-linked RD,Undivided Left Shoulder Type-linked RD,Undivided Left Shoulder Width-linked RD,Truck Exclusion Type-linked RD,Truck Exclusion Time-linked RD,Federal Functional Classification-linked RD
5598828,MALDEN,8/1/25,Property damage only (none injured),Open,10:24 PM,2025,No Apparent Injury (O),2,Local police,,21-24,35-44,,,10:00PM to 10:59PM,D1: (Inattention)  / D2: (No improper driving) ,D2: Not Distracted,Collision with motor vehicle in traffic,Yes,Dark - lighted roadway,Angle,4,,,, PW20254646175,Dry,Four-way intersection,MAPC,0,0,Traffic control signal,"Two-way, divided, unprotected median",V1: Travelling straight ahead / V2: Turning right,V1:(Passenger car) / V2:(Other),V1:(No) / V2:(No),V1:(No) / V2:(No),V1: E  / V2: E,Clear,MIDDLESEX,25000588,"V1:(No, not federally reportable) / V2:(No, not federally reportable)","No, not federally reportable",Roadway,At Intersection,No hit and run,,V1:(Collision with motor vehicle in traffic) / V2:(Collision with motor vehicle in traffic),None,"No, school bus not involved",25,"Yes, device functioning", V1:(Collision with motor vehicle in traffic) V2:(Collision with motor vehicle in traffic),No,,,,,,,,236498.9844,908744.1252,42.42836347,-71.0564598,, BRYANT ST Rte    / EASTERN AV Rte,,,,,,,,,,,7076,2020,0.232,346,0,42,Both sides,City or Town accepted road,,8,10,0,No Shoulder,40,Bituminous concrete road,0,No Shoulder,2,0,0,None,Large Urbanized Area,Urban minor arterial or rural major collector,Boston (MA-NH-RI),,Mainline roadway,Two-way traffic,No Access Control,,20,BRYANT STREET,SALEM STREET,EVERETT CITY LINE,MALDEN,Good,Level Terrain,,Grown from Prior Year HPMS Network,,20,0,0,,,Minor Arterial
5598829,MALDEN,7/22/25,Unknown,Open,6:28 PM,2025,Not reported,1,Local police,,,,,,06:00PM to 06:59PM,,,Collision with parked motor vehicle,Yes,Daylight,"Sideswipe, same direction",4,,,, PW20254646178,Dry,Not at junction,MAPC,0,0,No controls,Unknown,V1: Parked,V1:(Passenger car),V1:(No),V1:(No),V1: S,Clear,MIDDLESEX,25000563,"V1:(No, not federally reportable)","No, not federally reportable",Unknown,At Address,No hit and run,,V1:(Collision with parked motor vehicle),Unknown,"No, school bus not involved",25,"No, device not functioning", V1:(Collision with parked motor vehicle),No,,,,,,,,235276.1614,908202.1732,42.42354082,-71.07135254,99, CHARLES ST Rte S,,,,,,,,,,,14942,2020,0.477,732,0.068,89,Both sides,City or Town accepted road,,7,7,0,No Shoulder,45,Bituminous concrete road,0,No Shoulder,2,0,0,None,Large Urbanized Area,Urban minor arterial or rural major collector,Boston (MA-NH-RI),,Mainline roadway,Two-way traffic,No Access Control,,99,CHARLES STREET,MAIN STREET,FELLSWAY,MALDEN,Good,Level Terrain,,Grown from Prior Year HPMS Network,,99,0,0,,,Minor Arterial
5598830,MALDEN,8/3/25,Property damage only (none injured),Open,7:33 PM,2025,No Apparent Injury (O),2,Local police,,25-34,25-34,,,07:00PM to 07:59PM,D1: (No improper driving) ,D1: Not Distracted,Collision with motor vehicle in traffic,Yes,Daylight,Angle,4,,,, PW20254646177,Dry,Not at junction,MAPC,0,0,No controls,"Two-way, divided, positive median barrier",V1: Slowing or stopped in traffic / V2: Travelling straight ahead,"V1:(Light truck(van, mini-van, pickup, sport utility)) / V2:(Passenger car)",V1:(No) / V2:(No),"V1:(No) / V2:(Yes, vehicle or trailer disabled)",V1: E  / V2: E,Clear,MIDDLESEX,25000591,"V1:(No, not federally reportable) / V2:(No, not federally reportable)","No, not federally reportable",Roadway,Off Intersection,No hit and run,,V1:(Collision with motor vehicle in traffic) / V2:(Collision with motor vehicle in traffic),None,"No, school bus not involved",25,Not reported, V1:(Collision with motor vehicle in traffic) V2:(Collision with motor vehicle in traffic),No,,,,,,,,235106.2149,908620.9221,42.42731829,-71.07339211,, PLEASANT ST  E, COMMERCIAL ST Rte,,,,,,,,,,14655,2020,0.477,718,0.068,88,Both sides,City or Town accepted road,,10,10,0,No Shoulder,38,Bituminous concrete road,0,No Shoulder,2,0,0,None,Large Urbanized Area,Urban minor arterial or rural major collector,Boston (MA-NH-RI),,Mainline roadway,Two-way traffic,No Access Control,,30,PLEASANT STREET,COMMERCIAL STREET,MEDFORD CITY LINE,MALDEN,Good,Level Terrain,,Grown from Prior Year HPMS Network,,30,0,0,,,Minor Arterial
5598831,MALDEN,8/1/25,Non-fatal injury,Open,1:42 PM,2025,Suspected Minor Injury (B),1,Local police,,55-64,55-64,35-44,35-44,01:00PM to 01:59PM,D1: (No improper driving) ,,Collision with pedestrian,Yes,Daylight,Single vehicle crash,4," VU2: Walking, running or cycling", VU2: Marked crosswalk at intersection (includes use of paint raised or other roadway material), VU2: Pedestrian, PW20254646176,Dry,Four-way intersection,MAPC,0,1,No controls,"Two-way, divided, unprotected median",V1: Travelling straight ahead,V1:(Passenger car),V1:(No),V1:(No),V1: E,Clear,MIDDLESEX,25000586,"V1:(No, not federally reportable)","No, not federally reportable",Roadway,At Intersection,No hit and run,,V1:(Collision with pedestrian),None,"No, school bus not involved",25,Not reported, V1:(Collision with pedestrian),No, VU2:(Crossing Roadway),,, VU2: Other,, VU2: No, VU2: No,235717.2659,907798.5001,42.41988665,-71.06601764,, MAIN ST Rte E  / WIGGLESWORTH ST Rte 6,,,,,,,,,,,10345,2020,0.164,213,0.01,28,Both sides,City or Town accepted road,,10,10,0,No Shoulder,34,Bituminous concrete road,0,No Shoulder,2,0,0,None,Large Urbanized Area,Rural minor arterial or urban principal arterial,Boston (MA-NH-RI),,Mainline roadway,Two-way traffic,No Access Control,,30,MAIN STREET,MELROSE CITY LINE,EVERETT CITY LINE,MALDEN,Good,Level Terrain,,Pulled back from HPMS network estimation routine,,30,0,0,,,Principal Arterial - Other
5598832,MALDEN,8/8/25,Non-fatal injury,Open,1:00 PM,2025,Possible Injury (C),2,Local police,,25-34,45-54,,,01:00PM to 01:59PM,D1: (No improper driving)  / D2: (No improper driving) ,D1: Not Distracted,Collision with motor vehicle in traffic,Yes,Daylight,Rear-end,4,,,, PW20254646179,Dry,Not at junction,MAPC,0,1,No controls,"Two-way, not divided",V1: Travelling straight ahead / V2: Travelling straight ahead,V1:(Passenger car) / V2:(Passenger car),V1:(No) / V2:(No),"V1:(Yes, vehicle or trailer disabled) / V2:(No)",V1: S  / V2: S,Clear,MIDDLESEX,25000602,"V1:(No, not federally reportable) / V2:(No, not federally reportable)","No, not federally reportable",Roadway,At Address,No hit and run,,V1:(Collision with motor vehicle in traffic) / V2:(Collision with motor vehicle in traffic),None,"No, school bus not involved",30,Not reported, V1:(Collision with motor vehicle in traffic) V2:(Collision with motor vehicle in traffic),No,,,,,,,,237677.8506,908382.0633,42.42504792,-71.04215796,53, BROADWAY Rte S,,,,,,,,,,,21508,2020,,,,,Both sides,City or Town accepted road,,6,6,0,No Shoulder,46,Bituminous concrete road,0,No Shoulder,4,0,0,None,Large Urbanized Area,Rural minor arterial or urban principal arterial,Boston (MA-NH-RI),,Mainline roadway,Two-way traffic,No Access Control,,35,BROADWAY,EVERETT CITY LINE,MELROSE CITY LINE,MALDEN,Good,Level Terrain,,Pulled back from HPMS network estimation routine,,35,0,0,,,Principal Arterial - Other
5598833,MALDEN,8/5/25,Property damage only (none injured),Open,7:45 PM,2025,No Apparent Injury (O),2,Local police,,25-34,25-34,,,07:00PM to 07:59PM,D1: (Unknown) ,D1: Not Distracted,Collision with motor vehicle in traffic,Yes,Dusk,"Sideswipe, same direction",4,,,, PW20254646180,Dry,Four-way intersection,MAPC,0,0,Traffic control signal,"Two-way, not divided",V1: Overtaking/passing / V2: Overtaking/passing,V1:(Passenger car) / V2:(Passenger car),V1:(No) / V2:(No),V1:(No) / V2:(No),V1: N  / V2: N,Clear,MIDDLESEX,25000597,"V1:(No, not federally reportable) / V2:(No, not federally reportable)","No, not federally reportable",Roadway,At Intersection,"Yes, hit and run",,V1:(Collision with motor vehicle in traffic) / V2:(Collision with motor vehicle in traffic),None,"No, school bus not involved",25,"Yes, device functioning", V1:(Collision with motor vehicle in traffic) V2:(Collision with motor vehicle in traffic),No,,,,,,,,234578.0935,907544.1252,42.41764798,-71.07987414,, HIGHLAND AV Rte N  / MEDFORD ST Rte E,,,,,,,,,,,14259,2020,0.632,812,0.109,115,Both sides,City or Town accepted road,,9,9,0,No Shoulder,36,Bituminous concrete road,0,No Shoulder,2,0,0,None,Large Urbanized Area,Urban minor arterial or rural major collector,Boston (MA-NH-RI),,Mainline roadway,Two-way traffic,No Access Control,,25,HIGHLAND AVENUE,MEDFORD CITY LINE,MEDFORD CITY LINE,MALDEN,Good,Level Terrain,,Pulled back from HPMS network estimation routine,,25,0,0,,,Minor Arterial
5598834,MALDEN,8/11/25,Property damage only (none injured),Open,1:28 AM,2025,No Apparent Injury (O),1,Local police,,25-34,25-34,,,01:00AM to 01:59AM,D1: (No improper driving) ,D1: Not Distracted,Collision with other light pole or other post/support,Yes,Dark - lighted roadway,Single vehicle crash,4,,,, PW20254646181,Dry,Not at junction,MAPC,0,0,No controls,"Two-way, divided, unprotected median",V1: Turning right,"V1:(Light truck(van, mini-van, pickup, sport utility))",V1:(No),V1:(No),V1: N,Clear,MIDDLESEX,25000609,"V1:(No, not federally reportable)","No, not federally reportable",Roadway,At Address,No hit and run,,V1:(Collision with light pole or other post/support),None,"No, school bus not involved",25,"Yes, device functioning", V1:(Collision with light  pole or other post/support),No,,,,,,,,233959.337,908965.3502,42.43046981,-71.0873084,10, CHANDLER RD Rte N,,,,,,,,,,,1154,,,,,,Both sides,City or Town accepted road,,0,0,0,No Shoulder,25,Bituminous concrete road,0,No Shoulder,2,0,0,None,Large Urbanized Area,Local,Boston (MA-NH-RI),,Mainline roadway,Two-way traffic,No Access Control,,,CHANDLER ROAD,GIRARD ROAD,CUSHING ROAD,MALDEN,Good,Rolling Terrain,,,,,0,0,,,Local
5598835,MALDEN,8/7/25,Property damage only (none injured),Open,5:48 PM,2025,No Apparent Injury (O),2,Local police,,25-34,35-44,,,05:00PM to 05:59PM,D1: (Inattention)  / D2: (No improper driving) ,,Collision with motor vehicle in traffic,Yes,Daylight,Angle,4,,,, PW20254646182,Dry,Not at junction,MAPC,0,0,No controls,"Two-way, divided, unprotected median",V1: Entering traffic lane / V2: Travelling straight ahead,V1:(Passenger car) / V2:(Passenger car),V1:(No) / V2:(No),V1:(No) / V2:(No),V1: N  / V2: N,Clear,MIDDLESEX,25000599,"V1:(No, not federally reportable) / V2:(No, not federally reportable)","No, not federally reportable",Roadway,At Address,No hit and run,,V1:(Collision with motor vehicle in traffic) / V2:(Collision with motor vehicle in traffic),None,"No, school bus not involved",25,"Yes, device functioning", V1:(Collision with motor vehicle in traffic) V2:(Collision with motor vehicle in traffic),No,,,,,,,,237697.0468,908451.8472,42.42567523,-71.04192014,75, BROADWAY Rte N,,,,,,,,,,,20559,2020,0.33,801,0.105,224,Both sides,City or Town accepted road,,6,6,0,No Shoulder,46,Bituminous concrete road,0,No Shoulder,4,0,0,None,Large Urbanized Area,Rural minor arterial or urban principal arterial,Boston (MA-NH-RI),,Mainline roadway,Two-way traffic,No Access Control,,35,BROADWAY,EVERETT CITY LINE,MELROSE CITY LINE,MALDEN,Good,Level Terrain,,Grown from Prior Year HPMS Network,,35,0,0,,,Principal Arterial - Other
5598836,MALDEN,7/22/25,Non-fatal injury,Open,8:03 AM,2025,Suspected Minor Injury (B),1,Local police,,21-24,21-24,<6,55-64,08:00AM to 08:59AM,D1: (No improper driving) ,D1: Not Distracted,Collision with pedestrian,Yes,Daylight,Single vehicle crash,4, VU2: Entering or crossing location / VU3: Entering or crossing location, VU2: Marked crosswalk at intersection (includes use of paint raised or other roadway material) / VU3: Marked crosswalk at intersection (includes use of paint raised or other roadway material), VU2: Pedestrian / VU3: Pedestrian, PW20254646184,Dry,T-intersection,MAPC,0,2,Pedestrian Crossing signal/beacon,"Two-way, not divided",V1: Turning left,V1:(Passenger car),V1:(No),"V1:(Yes, vehicle or trailer disabled)",V1: N,Clear,MIDDLESEX,25000560,"V1:(No, not federally reportable)","No, not federally reportable",Roadway,At Intersection,No hit and run,,V1:(Collision with pedestrian),None,"No, school bus not involved",25,"Yes, device functioning", V1:(Collision with pedestrian),No, VU2:(Crossing Roadway) VU3:(Crossing Roadway),, VU2: VU Crossing Sign / VU3: VU Crossing Sign,,,,,234425.4689,908961.6248,42.43041583,-71.08164404,, SAVIN ST Rte    / HIGHLAND AVE Rte,,,,,,,,,,,2819,2020,0.21,137,0,17,Both sides,City or Town accepted road,,5,5,0,No Shoulder,25,Bituminous concrete road,0,No Shoulder,2,0,0,None,Large Urbanized Area,Urban collector or rural minor collector,Boston (MA-NH-RI),,Mainline roadway,Two-way traffic,No Access Control,,99,SAVIN STREET,HOSPITAL ROAD,HIGHLAND AVENUE,MALDEN,Good,Level Terrain,,Grown from Prior Year HPMS Network,,99,0,0,,,Major Collector
5598837,MALDEN,7/25/25,Property damage only (none injured),Open,7:44 AM,2025,No Apparent Injury (O),2,Local police,,35-44,55-64,,,07:00AM to 07:59AM,D1: (No improper driving)  / D2: (Other improper action) ,D1: Not Distracted / D2: Not Distracted,Collision with motor vehicle in traffic,Yes,Daylight,Angle,4,,,, PW20254646185,Dry,T-intersection,MAPC,0,0,Stop signs,"Two-way, divided, unprotected median",V1: Travelling straight ahead / V2: Entering traffic lane,"V1:(Light truck(van, mini-van, pickup, sport utility)) / V2:(Light truck(van, mini-van, pickup, sport utility))",V1:(No) / V2:(No),"V1:(Yes, vehicle or trailer disabled) / V2:(No)",V1: E  / V2: N,Clear,MIDDLESEX,25000568,"V1:(No, not federally reportable) / V2:(No, not federally reportable)","No, not federally reportable",Roadway,At Intersection,No hit and run,,V1:(Collision with motor vehicle in traffic) / V2:(Collision with motor vehicle in traffic),None,"No, school bus not involved",25,"No, device not functioning", V1:(Collision with motor vehicle in traffic) V2:(Collision with motor vehicle in traffic),No,,,,,,,,237495.1562,909356.0625,42.43382517,-71.04431469,, LAUREL ST Rte N  / SALEM ST Rte E,,,,,,,,,,,1154,,,,,,Both sides,City or Town accepted road,,5,10,0,No Shoulder,30,Bituminous concrete road,0,No Shoulder,2,0,0,None,Large Urbanized Area,Local,Boston (MA-NH-RI),,Mainline roadway,Two-way traffic,No Access Control,,,LAUREL STREET,WEBSTER STREET,GRANITE STREET,MALDEN,Good,Level Terrain,,,,,0,0,,,Local
5598838,MALDEN,8/3/25,Property damage only (none injured),Open,7:56 PM,2025,No Apparent Injury (O),1,Local police,,45-54,45-54,,,07:00PM to 07:59PM,D1: (No improper driving) ,D1: Not Distracted,Collision with motor vehicle in traffic,Yes,Dark - lighted roadway,Angle,4,,,, PW20254646183,Dry,T-intersection,MAPC,0,0,No controls,"Two-way, divided, positive median barrier",V1: Travelling straight ahead,V1:(Passenger car),V1:(No),V1:(No),V1: E,Clear,MIDDLESEX,25000592,"V1:(No, not federally reportable)","No, not federally reportable",Roadway,At Intersection,"Yes, hit and run",,V1:(Collision with motor vehicle in traffic),None,"No, school bus not involved",30,Not reported, V1:(Collision with motor vehicle in traffic),No,,,,,,,,236113.8436,908498.9374,42.4261741,-71.06115532,, EASTERN AV Rte E  / WARREN AV Rte N,,,,,,,,,,,23152,2009,2,2,1,1,Both sides,City or Town accepted road,,7,7,0,No Shoulder,0,Bituminous concrete road,0,No Shoulder,1,0,0,None,Large Urbanized Area,Rural minor arterial or urban principal arterial,Boston (MA-NH-RI),,Mainline roadway,Two-way traffic,No Access Control,,99,EASTERN AVENUE,MAIN STREET,LYNN STREET,MALDEN,Good,Level Terrain,,Calculated from Partial Counts,8359,99,0,0,,,Principal Arterial - Other
5598839,MALDEN,8/9/25,Unknown,Open,1:19 PM,2025,Not reported,1,Local police,,,,,,01:00PM to 01:59PM,,,Collision with parked motor vehicle,Yes,Daylight,Angle,4,,,, PW20254646187,Unknown,Not at junction,MAPC,0,0,No controls,"Two-way, not divided",V1: Parked,V1:(Passenger car),V1:(No),V1:(No),V1: U,Clear,MIDDLESEX,25000605,"V1:(No, not federally reportable)","No, not federally reportable",Roadway,At Address,"Yes, hit and run",,V1:(Collision with parked motor vehicle),Unknown,"No, school bus not involved",25,"No, device not functioning", V1:(Collision with parked motor vehicle),No,,,,,,,,236549.1032,907737.2147,42.41929638,-71.05591446,228, BELMONT ST Rte 6,,,,,,,,,,,2822,2020,0.21,137,0,17,Both sides,City or Town accepted road,,8,8,0,No Shoulder,30,Bituminous concrete road,0,No Shoulder,2,0,0,None,Large Urbanized Area,Urban collector or rural minor collector,Boston (MA-NH-RI),,Mainline roadway,Two-way traffic,No Access Control,,99,BELMONT STREET,FERRY STREET,MAIN STREET,MALDEN,Good,Rolling Terrain,,Grown from Prior Year HPMS Network,,99,0,0,,,Major Collector
5598840,MALDEN,7/31/25,Property damage only (none injured),Open,10:02 AM,2025,No Apparent Injury (O),2,Local police,,35-44,35-44,,,10:00AM to 10:59AM,D1: (Visibility obstructed)  / D2: (No improper driving) ,D1: Not Distracted / D2: Not Distracted,Collision with motor vehicle in traffic,Yes,Daylight,Angle,4,,,, PW20254646186,Dry,T-intersection,MAPC,0,0,Stop signs,"Two-way, divided, unprotected median",V1: Turning left / V2: Travelling straight ahead,"V1:(Light truck(van, mini-van, pickup, sport utility)) / V2:(Light truck(van, mini-van, pickup, sport utility))",V1:(No) / V2:(No),V1:(No) / V2:(No),V1: S  / V2: W,Cloudy/Cloudy,MIDDLESEX,25000581,"V1:(No, not federally reportable) / V2:(No, not federally reportable)","No, not federally reportable",Roadway,At Intersection,No hit and run,,V1:(Collision with motor vehicle in traffic) / V2:(Collision with motor vehicle in traffic),None,"No, school bus not involved",30,Not reported, V1:(Collision with motor vehicle in traffic) V2:(Collision with motor vehicle in traffic),No,,,,,,,,234138.797,907572.7501,42.41792503,-71.08520984,, JOHN ST Rte S  / MEDFORD ST Rte W,,,,,,,,,,,1154,,,,,,Both sides,City or Town accepted road,,7,7,0,No Shoulder,23,Bituminous concrete road,0,No Shoulder,2,0,0,None,Large Urbanized Area,Local,Boston (MA-NH-RI),,Mainline roadway,Two-way traffic,No Access Control,,,JOHN STREET,MALDEN STREET,MEDFORD STREET,MALDEN,Good,Level Terrain,,,,,0,0,,,Local
5598841,MALDEN,7/22/25,Unknown,Open,3:25 PM,2025,Not reported,2,Local police,,,,,,03:00PM to 03:59PM,,,Collision with parked motor vehicle,Yes,Daylight,"Sideswipe, same direction",4,,,, PW20254646189,Dry,Not at junction,MAPC,0,0,No controls,Unknown,V1: Parked / V2: Backing,V1:(Passenger car) / V2:(Passenger car),V1:(No) / V2:(No),V1:(No) / V2:(No),V1: E  / V2: W,Clear,MIDDLESEX,25000562,"V1:(No, not federally reportable) / V2:(No, not federally reportable)","No, not federally reportable",Unknown,At Address,No hit and run,,V1:(Collision with parked motor vehicle) / V2:(Collision with parked motor vehicle),Unknown,"No, school bus not involved",25,"No, device not functioning", V1:(Collision with parked motor vehicle) V2:(Collision with parked motor vehicle),No,,,,,,,,234913.9125,907337.0565,42.41576887,-71.0758065,333, COMMERCIAL ST Rte W,,,,,,,,,,,,,,,,,Both sides,City or Town accepted road,,0,7,7,Stable - Unruttable compacted subgrade,60,Bituminous concrete road,7,Stable - Unruttable compacted subgrade,1,1,10,Raised Median,Large Urbanized Area,Urban minor arterial or rural major collector,Boston (MA-NH-RI),,Mainline roadway,Two-way traffic,No Access Control,,30,COMMERCIAL STREET,PLEASANT STREET,MEDFORD CITY LINE,MALDEN,Good,Level Terrain,,,,0,0,0,,,Minor Arterial
5598842,MALDEN,7/24/25,Unknown,Open,4:29 PM,2025,Not reported,1,Local police,,,,,,04:00PM to 04:59PM,,,Collision with motor vehicle in traffic,Yes,Daylight,"Sideswipe, same direction",4,,,, PW20254646188,Dry,Y-intersection,MAPC,0,0,Traffic control signal,"Two-way, not divided",V1: Parked,V1:(Passenger car),V1:(No),V1:(No),V1:,Clear,MIDDLESEX,25000567,"V1:(No, not federally reportable)","No, not federally reportable",Roadway,At Intersection,No hit and run,,V1:(Collision with motor vehicle in traffic),None,"No, school bus not involved",35,"Yes, device functioning", V1:(Collision with motor vehicle in traffic),No,,,,,,,,235216.7342,909514.9376,42.43536169,-71.07199459,, GROVE ST Rte N  / WASHINGTON ST Rte 6,,,,,,,,,,,1154,,,,,,Both sides,City or Town accepted road,,9,10,0,No Shoulder,30,Bituminous concrete road,0,No Shoulder,2,0,0,None,Large Urbanized Area,Local,Boston (MA-NH-RI),,Mainline roadway,One-way traffic,No Access Control,,,GROVE STREET,WASHINGTON STREET,WYOMING AVENUE,MALDEN,Good,Level Terrain,,,,,0,0,,,Local
5598843,MALDEN,8/10/25,Property damage only (none injured),Open,10:07 PM,2025,No Apparent Injury (O),2,Local police,,65-74,65-74,,,10:00PM to 10:59PM,D1: (No improper driving) ,D1: Not Distracted,Collision with motor vehicle in traffic,Yes,Dark - lighted roadway,Rear-end,4,,,, PW20254646195,Dry,Four-way intersection,MAPC,0,0,Traffic control signal,"Two-way, divided, unprotected median",V1: Slowing or stopped in traffic / V2: Travelling straight ahead,V1:(Passenger car) / V2:(Motorcycle),V1:(No) / V2:(No),V1:(No) / V2:(No),V1: N  / V2: N,Clear,MIDDLESEX,25000608,"V1:(No, not federally reportable) / V2:(No, not federally reportable)","No, not federally reportable",Roadway,At Intersection,"Yes, hit and run",,V1:(Collision with motor vehicle in traffic) / V2:(Collision with motor vehicle in traffic),None,"No, school bus not involved",25,"Yes, device functioning", V1:(Collision with motor vehicle in traffic) V2:(Collision with motor vehicle in traffic),No,,,,,,,,235580.6873,908453.6875,42.42579125,-71.06763675,, MAIN ST Rte    / IRVING ST Rte,,,,,,,,,,,10345,2020,0.164,213,0.01,28,Both sides,City or Town accepted road,,10,10,0,No Shoulder,48,Bituminous concrete road,0,No Shoulder,2,0,0,None,Large Urbanized Area,Rural minor arterial or urban principal arterial,Boston (MA-NH-RI),,Mainline roadway,Two-way traffic,No Access Control,,30,MAIN STREET,MELROSE CITY LINE,EVERETT CITY LINE,MALDEN,Good,Level Terrain,,Pulled back from HPMS network estimation routine,,30,0,0,,,Principal Arterial - Other
5598844,MALDEN,7/31/25,Unknown,Open,11:13 AM,2025,Not reported,1,Local police,,,,,,11:00AM to 11:59AM,,,Collision with motor vehicle in traffic,Yes,Daylight,"Sideswipe, same direction",4,,,, PW20254646194,Unknown,Not at junction,MAPC,0,0,Unknown,Unknown,V1: Parked,V1:(Passenger car),V1:(No),V1:(No),V1: Not Reported,Cloudy,MIDDLESEX,25000582,"V1:(No, not federally reportable)","No, not federally reportable",Roadway,At Address,"Yes, hit and run",,V1:(Collision with motor vehicle in traffic),Unknown,"No, school bus not involved",25,"No, device not functioning", V1:(Collision with motor vehicle in traffic),No,,,,,,,,236840.8314,909312.8598,42.43346743,-71.05226943,18, FAIRVIEW AV Rte N,,,,,,,,,,,1154,,,,,,Both sides,City or Town accepted road,,7,7,0,No Shoulder,24,Surface-treated road,0,No Shoulder,2,0,0,None,Large Urbanized Area,Local,Boston (MA-NH-RI),,Mainline roadway,Two-way traffic,No Access Control,,,FAIRVIEW AVENUE,GRANVILLE AVENUE,ROCKWELL STREET,MALDEN,Fair,Rolling Terrain,,,,,0,0,,,Local
5598845,MALDEN,7/26/25,Unknown,Open,2:04 PM,2025,Not reported,1,Local police,,,,,,02:00PM to 02:59PM,,,Collision with parked motor vehicle,Yes,Unknown,"Sideswipe, opposite direction",4,,,, PW20254646191,Unknown,Not at junction,MAPC,0,0,No controls,"Two-way, not divided",V1: Parked,V1:(Passenger car),V1:(No),V1:(No),V1:,Unknown,MIDDLESEX,25000573,"V1:(No, not federally reportable)","No, not federally reportable",Roadway,At Address,"Yes, hit and run",,V1:(Collision with parked motor vehicle),Unknown,"No, school bus not involved",25,Not reported, V1:(Collision with parked motor vehicle),No,,,,,,,,235929.6464,907914.7155,42.42092313,-71.06342993,49, JUDSON ST Rte W,,,,,,,,,,,1154,,,,,,Both sides,City or Town accepted road,,7,7,0,No Shoulder,25,Bituminous concrete road,0,No Shoulder,2,0,0,None,Large Urbanized Area,Local,Boston (MA-NH-RI),,Mainline roadway,Two-way traffic,No Access Control,,,JUDSON STREET,WALNUT STREET,MAIN STREET,MALDEN,Good,Level Terrain,,,,,0,0,,,Local