Crash Number,City Town Name,Crash Date,Crash Severity,Crash Status,Crash Time,Crash Year,Max Injury Severity Reported,Number of Vehicles,Police Agency Type,State Police Troop,Age of Driver - Youngest Known,Age of Driver - Oldest Known,Age of Vulnerable User - Youngest Known,Age of Vulnerable User - Oldest Known,Crash Hour,Driver Contributing Circumstances (All Drivers),Driver Distracted By (All Vehicles),First Harmful Event,Is Geocoded,Light Conditions,Manner of Collision,MassDOT District,Vulnerable User Action (All Persons),Vulnerable User Location (All Persons),Vulnerable User Type (All Persons),RMV Document Numbers,Road Surface Condition,Roadway Junction Type,RPA Abbreviation,Total Fatalities,Total Non-Fatal Injuries,Traffic Control Device Type,Trafficway Description,Vehicle Actions Prior to Crash (All Vehicles),Vehicle Configuration (All Vehicles),Vehicle Emergency Use (All Vehicles),Vehicle Towed From Scene (All Vehicles),Vehicle Travel Directions (All Vehicles),Weather Conditions,County Name,Crash Report IDs,FMCSA Reportable (All Vehicles),FMCSA Reportable (Crash),First Harmful Event Location,Geocoding Method,Hit and Run,Locality,Most Harmful Event (All Vehicles),Road Contributing Circumstance,School Bus Related,Speed Limit,Traffic Control Device Function,Vehicle Sequence of Events (All Vehicles),Work Zone Related,Vulnerable User Sequence of Events (All Persons),Vulnerable User Distracted By (All Persons),Vulnerable User Traffic Control Type (All persons),Vulnerable User Origin Destination (All Persons),Vulnerable User Contributing Circumstances (All Persons),Vulnerable User Alcohol Suspected Type (All Persons),Vulnerable User Drug Suspected Type (All Persons),X,Y,Latitude,Longitude,Street Number,Roadway,Near Intersection Roadway,Distance and Direction From Intersection,Milemarker,Milemarker Route,Distance and Direction From Milemarker,Exit Number,Exit Route,Distance and Direction From Exit,Landmark,Distance and Direction From Landmark,AADT-linked RD,AADT Year-linked RD,Peak % Single Unit Trucks-linked RD,Single-Unit Truck and Bus AADT-linked RD,Peak % Combo Trucks-linked RD,Combination Truck AADT-linked RD,Curb-linked RD-linked RD,Jurisdiction-linked RD,Truck Route-linked RD,Left Sidewalk Width-linked RD,Right Sidewalk Width-linked RD,Left Shoulder Width-linked RD,Left Shoulder Type-linked RD,Surface Width-linked RD,Surface Type-linked RD,Right Shoulder Width-linked RD,Right Shoulder Type-linked RD,Number of Travel Lanes-linked RD,Number of Opposing Travel Lanes-linked RD,Median Width-linked RD,Median Type-linked RD,Urban Type-linked RD,Functional Classification-linked RD,Urbanized Area-linked RD,Federal Aid Route Number-linked RD,Facility Type-linked RD,Street Operation-linked RD,Access Control-linked RD,Number of Peak Hour Lanes-linked RD,Speed Limit-linked RD,Street Name-linked RD,From Street Name-linked RD,To Street Name-linked RD,City-linked RD-linked RD,Structural Condition-linked RD,Terrain-linked RD,Urban Location Type-linked RD,AADT Derivation-linked RD,AADT Station Number-linked RD,Opposing Direction Speed Limit-linked RD,Undivided Left Shoulder Type-linked RD,Undivided Left Shoulder Width-linked RD,Truck Exclusion Type-linked RD,Truck Exclusion Time-linked RD,Federal Functional Classification-linked RD
5598846,MALDEN,8/10/25,Non-fatal injury,Open,6:31 PM,2025,Suspected Minor Injury (B),2,Local police,,21-24,65-74,,,06:00PM to 06:59PM,D1: (Visibility obstructed)  / D2: (Unknown) ,,Collision with motor vehicle in traffic,Yes,Daylight,Angle,4,,,, PW20254646193,Dry,Four-way intersection,MAPC,0,1,Stop signs,"Two-way, divided, unprotected median",V1: Travelling straight ahead / V2: Travelling straight ahead,V1:(Passenger car) / V2:(Motorcycle),V1:(No) / V2:(No),V1:(No) / V2:(No),V1: W  / V2: N,Clear/Clear,MIDDLESEX,25000607,"V1:(No, not federally reportable) / V2:(No, not federally reportable)","No, not federally reportable",Roadway,At Intersection,No hit and run,,V1:(Collision with motor vehicle in traffic) / V2:(Collision with motor vehicle in traffic),Obstruction in roadway,"No, school bus not involved",30,Not reported," V1:(Collision with motor vehicle in traffic) V2:(Collision with motor vehicle in traffic),(Ran off road left),(Other non-collision)",No,,,,,,,,234534.2658,908097.9377,42.42263564,-71.08037354,, HIGHLAND AV Rte N  / WHITMAN Rte W,,,,,,,,,,,14259,2020,0.632,812,0.109,115,Both sides,City or Town accepted road,,9,9,0,No Shoulder,36,Bituminous concrete road,0,No Shoulder,2,0,0,None,Large Urbanized Area,Urban minor arterial or rural major collector,Boston (MA-NH-RI),,Mainline roadway,Two-way traffic,No Access Control,,25,HIGHLAND AVENUE,MEDFORD CITY LINE,MEDFORD CITY LINE,MALDEN,Good,Level Terrain,,Pulled back from HPMS network estimation routine,,25,0,0,,,Minor Arterial
5598847,MALDEN,7/31/25,Unknown,Open,5:02 PM,2025,Not reported,2,Local police,,,,,,05:00PM to 05:59PM,,,Collision with parked motor vehicle,Yes,Daylight,"Sideswipe, same direction",4,,,, PW20254646196,Wet,Not at junction,MAPC,0,0,No controls,"Two-way, not divided",V1: Travelling straight ahead / V2: Parked,V1:(Passenger car) / V2:(Passenger car),V1:(No) / V2:(No),V1:(No) / V2:(No),V1: N  / V2: N,Rain,MIDDLESEX,25000583,"V1:(No, not federally reportable) / V2:(No, not federally reportable)","No, not federally reportable",Roadway,At Address,No hit and run,,"V1:(Collision with other fixed object (wall, building, tunnel, etc.)) / V2:(Collision with motor vehicle in traffic)",Other,"No, school bus not involved",25,Not reported," V1:(Collision with parked motor vehicle),(Collision with other movable object),(Collision with other fixed object(wall, building, tunnel, etc.)) V2:(Collision with motor vehicle in traffic)",No,,,,,,,,236130.2158,909373.5759,42.43404728,-71.06090166,117, PORTER ST Rte N,,,,,,,,,,,1154,,,,,,Both sides,City or Town accepted road,,7,7,0,No Shoulder,25,Bituminous concrete road,0,No Shoulder,2,0,0,None,Large Urbanized Area,Local,Boston (MA-NH-RI),,Mainline roadway,Two-way traffic,No Access Control,,,PORTER STREET,BAINBRIDGE STREET,SALEM STREET,MALDEN,Good,Rolling Terrain,,,,,0,0,,,Local
5598848,MALDEN,7/26/25,Property damage only (none injured),Open,11:14 PM,2025,No Apparent Injury (O),3,Local police,,25-34,25-34,,,11:00PM to 11:59PM,D1: (Unknown) ,,Collision with parked motor vehicle,Yes,Dark - unknown roadway lighting,"Sideswipe, same direction",4,,,, PW20254646192,Dry,Not at junction,MAPC,0,0,No controls,"Two-way, not divided",V1: Travelling straight ahead / V2: Parked / V3: Parked,V1:(Passenger car) / V2:(Passenger car) / V3:(Passenger car),V1:(No) / V2:(No) / V3:(No),"V1:(Yes, vehicle or trailer disabled) / V2:(No) / V3:(Yes, vehicle or trailer disabled)",V1: S  / V2:    / V3:,Clear,MIDDLESEX,25000575,"V1:(No, not federally reportable) / V2:(No, not federally reportable) / V3:(No, not federally reportable)","No, not federally reportable",Roadway,At Address,No hit and run,,V1:(Collision with parked motor vehicle) / V2:(Collision with motor vehicle in traffic) / V3:(Collision with motor vehicle in traffic),None,"No, school bus not involved",25,Not reported, V1:(Collision with parked motor vehicle) V2:(Collision with motor vehicle in traffic) V3:(Collision with motor vehicle in traffic),No,,,,,,,,236588.6432,908054.9758,42.42215518,-71.05541392,52, HARVARD ST Rte S,,,,,,,,,,,1154,,,,,,Both sides,City or Town accepted road,,7,7,0,No Shoulder,25,Surface-treated road,0,No Shoulder,2,0,0,None,Large Urbanized Area,Local,Boston (MA-NH-RI),,Mainline roadway,One-way traffic,No Access Control,,,HARVARD STREET,BOWDOIN STREET,FERRY STREET,MALDEN,Good,Level Terrain,,,,,0,0,,,Local
5598849,MALDEN,8/16/25,Property damage only (none injured),Open,8:52 AM,2025,No Apparent Injury (O),2,Local police,,21-24,45-54,,,08:00AM to 08:59AM,"D1: (Unknown)  / D2: (No improper driving),(No improper driving) ",D2: Not Distracted,Collision with motor vehicle in traffic,Yes,Daylight,Rear-to-rear,4,,,, PW20254646197,Dry,Not at junction,MAPC,0,0,No controls,"Two-way, not divided",V1: Backing / V2: Slowing or stopped in traffic,V1:(Passenger car) / V2:(Passenger car),V1:(No) / V2:(No),V1:(No) / V2:(No),V1: W  / V2: E,Clear,MIDDLESEX,25000620,"V1:(No, not federally reportable) / V2:(No, not federally reportable)","No, not federally reportable",Outside roadway,At Address,No hit and run,,V1:(Collision with motor vehicle in traffic) / V2:(Collision with motor vehicle in traffic),None,"No, school bus not involved",10,Not reported, V1:(Collision with motor vehicle in traffic) V2:(Collision with motor vehicle in traffic),No,,,,,,,,235520.4925,908390.5018,42.42522516,-71.06837209,185, CENTRE ST Rte 6,,,,,,,,,,,14589,2020,0.558,671,0.155,161,Both sides,City or Town accepted road,,0,8,0,No Shoulder,22,Bituminous concrete road,0,No Shoulder,2,2,5,Raised Median,Large Urbanized Area,Rural minor arterial or urban principal arterial,Boston (MA-NH-RI),,Mainline roadway,Two-way traffic,No Access Control,,30,CENTRE STREET,PLEASANT STREET,EASTERN AVENUE,MALDEN,Good,Level Terrain,,Pulled back from HPMS network estimation routine,,0,0,0,,,Principal Arterial - Other
5598850,MALDEN,8/2/25,Non-fatal injury,Open,1:24 AM,2025,Suspected Serious Injury (A),2,Local police,,35-44,45-54,,,01:00AM to 01:59AM,D1: (No improper driving)  / D2: (Failed to yield right of way) ,D1: Not Distracted / D2: Not Distracted,Collision with motor vehicle in traffic,Yes,Dark - lighted roadway,Angle,4,,,, PW20254646198,Dry,Not at junction,MAPC,0,1,No controls,"Two-way, not divided",V1: Travelling straight ahead / V2: Entering traffic lane,"V1:(Unknown heavy truck, cannot classify) / V2:(Motorcycle)",V1:(No) / V2:(No),"V1:(No) / V2:(Yes, vehicle or trailer disabled)",V1: N  / V2: S,Clear,MIDDLESEX,25000587,"V1:(No, not federally reportable) / V2:(No, not federally reportable)","No, not federally reportable",Roadway,At Address,No hit and run,,V1:(Collision with motor vehicle in traffic) / V2:(Collision with motor vehicle in traffic),None,"No, school bus not involved",35,Not reported, V1:(Collision with motor vehicle in traffic) V2:(Collision with motor vehicle in traffic),No,,,,,,,,238677.0537,910406.1952,42.44322123,-71.02988083,665, BROADWAY Rte N,,,,,,,,,,,10575,2020,,,,,Both sides,Massachusetts Department of Transportation,,5,,0,No Shoulder,26,Bituminous concrete road,8,Hardened bituminous mix or penetration,2,0,0,None,Large Urbanized Area,Rural minor arterial or urban principal arterial,Boston (MA-NH-RI),,Mainline roadway,Two-way traffic,No Access Control,,35,BROADWAY,EVERETT CITY LINE,MELROSE CITY LINE,MALDEN,Good,Level Terrain,,Pulled back from HPMS network estimation routine,,35,Surfaced shoulder exists – Portland Cement Concrete surface (PCC,8,,,Principal Arterial - Other
5598851,MALDEN,8/17/25,Non-fatal injury,Open,3:11 AM,2025,Suspected Minor Injury (B),2,Local police,,21-24,21-24,,,03:00AM to 03:59AM,D2: (Unknown) ,,Collision with parked motor vehicle,Yes,Dark - lighted roadway,Angle,4,,,, PW20254646199,Dry,Not at junction,MAPC,0,1,No controls,"Two-way, not divided",V1: Parked / V2: Travelling straight ahead,V1:(Passenger car) / V2:(Passenger car),V1:(No) / V2:(No),"V1:(No) / V2:(Yes, vehicle or trailer disabled)",V1: Not Reported / V2: W,Clear,MIDDLESEX,25000621,"V1:(No, not federally reportable) / V2:(No, not federally reportable)","No, not federally reportable",Roadway,At Address,No hit and run,,V1:(Collision with motor vehicle in traffic) / V2:(Collision with parked motor vehicle),Unknown,"No, school bus not involved",25,Not reported, V1:(Collision with motor vehicle in traffic) V2:(Collision with parked motor vehicle),No,,,,,,,,238754.6182,909531.5836,42.4353437,-71.02899675,1221, SALEM ST Rte W,,,,,,,,,,,2835,2020,0.21,139,0,17,Both sides,City or Town accepted road,,8,8,0,No Shoulder,32,Bituminous concrete road,0,No Shoulder,2,0,0,None,Large Urbanized Area,Urban collector or rural minor collector,Boston (MA-NH-RI),,Mainline roadway,Two-way traffic,No Access Control,,99,SALEM STREET,MAIN STREET ,,MALDEN,Good,Level Terrain,,Grown from Prior Year HPMS Network,,99,0,0,,,Major Collector
5598852,MALDEN,8/17/25,Property damage only (none injured),Open,6:44 PM,2025,Not Applicable,1,Local police,,35-44,35-44,,,06:00PM to 06:59PM,"D1: (No improper driving),(No improper driving) ",D1: Not Distracted,Other,Yes,Daylight,Unknown,4,,,, PW20254646201,Dry,Not at junction,MAPC,0,0,No controls,Unknown,V1: Parked,"V1:(Light truck(van, mini-van, pickup, sport utility))",V1:(No),V1:(No),V1: U,Clear/Clear,MIDDLESEX,25000622,"V1:(No, not federally reportable)","No, not federally reportable",Outside roadway,At Address,"Yes, hit and run",,V1:(Other),None,"No, school bus not involved",20,Not reported, V1:(Other),No,,,,,,,,237674.8454,908371.105,42.42494942,-71.04219519,52, BROADWAY Rte 6,,,,,,,,,,,21508,2020,,,,,Both sides,City or Town accepted road,,6,6,0,No Shoulder,46,Bituminous concrete road,0,No Shoulder,4,0,0,None,Large Urbanized Area,Rural minor arterial or urban principal arterial,Boston (MA-NH-RI),,Mainline roadway,Two-way traffic,No Access Control,,35,BROADWAY,EVERETT CITY LINE,MELROSE CITY LINE,MALDEN,Good,Level Terrain,,Pulled back from HPMS network estimation routine,,35,0,0,,,Principal Arterial - Other
5598853,MALDEN,8/3/25,Non-fatal injury,Open,3:06 AM,2025,Suspected Minor Injury (B),1,Local police,,,,25-34,25-34,03:00AM to 03:59AM,,,Collision with pedestrian,Yes,Dark - lighted roadway,Single vehicle crash,4," VU2: Walking, running or cycling", VU2: Not in roadway, VU2: Pedestrian, PW20254646200,Dry,Not at junction,MAPC,0,1,No controls,"Two-way, not divided",V1: Travelling straight ahead,V1:(Passenger car),V1:(No),V1:(No),V1: N,Clear,MIDDLESEX,25000590,"V1:(No, not federally reportable)","No, not federally reportable",Outside roadway,At Address,No hit and run,,V1:(Collision with pedestrian),Unknown,"No, school bus not involved",5,Not reported, V1:(Collision with pedestrian),No, VU2:(Other),,,,,,,238677.0537,910406.1952,42.44322123,-71.02988083,665, BROADWAY Rte N,,,,,,,,,,,10575,2020,,,,,Both sides,Massachusetts Department of Transportation,,5,,0,No Shoulder,26,Bituminous concrete road,8,Hardened bituminous mix or penetration,2,0,0,None,Large Urbanized Area,Rural minor arterial or urban principal arterial,Boston (MA-NH-RI),,Mainline roadway,Two-way traffic,No Access Control,,35,BROADWAY,EVERETT CITY LINE,MELROSE CITY LINE,MALDEN,Good,Level Terrain,,Pulled back from HPMS network estimation routine,,35,Surfaced shoulder exists – Portland Cement Concrete surface (PCC,8,,,Principal Arterial - Other
5598854,MALDEN,8/4/25,Property damage only (none injured),Open,2:17 PM,2025,No Apparent Injury (O),2,Local police,,35-44,45-54,,,02:00PM to 02:59PM,D1: (No improper driving)  / D2: (Inattention) ,,Collision with parked motor vehicle,Yes,Daylight,Angle,4,,,, PW20254646204,Dry,Not at junction,MAPC,0,0,No controls,Unknown,V1: Parked / V2: Other,"V1:(Single-unit truck (2-axle, 6-tires)) / V2:(Passenger car)",V1:(No) / V2:(No),V1:(No) / V2:(No),V1:    / V2: N,Clear/Clear,MIDDLESEX,25000595,"V1:(No, not federally reportable) / V2:(No, not federally reportable)","No, not federally reportable",Unknown,At Address,No hit and run,,V1:(Collision with motor vehicle in traffic) / V2:(Collision with parked motor vehicle),None,"No, school bus not involved",10,"No, device not functioning", V1:(Collision with motor vehicle in traffic) V2:(Collision with parked motor vehicle),No,,,,,,,,235453.6427,908245.9457,42.42392683,-71.06919328,95, MIDDLESEX ST Rte N,,,,,,,,,,,1154,,,,,,Both sides,City or Town accepted road,,7,7,0,No Shoulder,45,Bituminous concrete road,0,No Shoulder,2,0,0,None,Large Urbanized Area,Local,Boston (MA-NH-RI),,Mainline roadway,Two-way traffic,No Access Control,,,MIDDLESEX STREET,CENTRE STREET,CHARLES STREET,MALDEN,Good,Level Terrain,,,,,0,0,,,Local
5598855,MALDEN,8/5/25,Non-fatal injury,Open,9:46 PM,2025,Suspected Serious Injury (A),2,Local police,,25-34,25-34,,,09:00PM to 09:59PM,D1: (Failed to yield right of way)  / D2: (Unknown) ,,Collision with motor vehicle in traffic,Yes,Dark - lighted roadway,Angle,4,,,, PW20254646205,Dry,Four-way intersection,MAPC,0,1,Traffic control signal,"Two-way, not divided",V1: Turning left / V2: Travelling straight ahead,V1:(Passenger car) / V2:(Motorcycle),V1:(No) / V2:(No),"V1:(Yes, vehicle or trailer disabled) / V2:(Yes, vehicle or trailer disabled)",V1: W  / V2: S,Cloudy,MIDDLESEX,25000598,"V1:(No, not federally reportable) / V2:(No, not federally reportable)","No, not federally reportable",Roadway,At Intersection,No hit and run,,V1:(Collision with motor vehicle in traffic) / V2:(Collision with motor vehicle in traffic),None,"No, school bus not involved",25,"Yes, device functioning", V1:(Collision with motor vehicle in traffic) V2:(Collision with motor vehicle in traffic),No,,,,,,,,237952.3753,909401.6249,42.43421322,-71.03875514,, BROADWAY Rte S  / SALEM ST Rte W,,,,,,,,,,,10575,2020,,,,,Both sides,City or Town accepted road,,10,10,0,No Shoulder,44,Bituminous concrete road,0,No Shoulder,2,0,0,None,Large Urbanized Area,Rural minor arterial or urban principal arterial,Boston (MA-NH-RI),,Mainline roadway,Two-way traffic,No Access Control,,30,BROADWAY,EVERETT CITY LINE,MELROSE CITY LINE,MALDEN,Good,Level Terrain,,Pulled back from HPMS network estimation routine,,30,0,0,,,Principal Arterial - Other
5598856,MALDEN,8/22/25,Property damage only (none injured),Open,9:17 PM,2025,No Apparent Injury (O),1,Local police,,35-44,35-44,25-34,25-34,09:00PM to 09:59PM,D1: (Unknown) ,,Collision with pedestrian,Yes,Dark - unknown roadway lighting,Single vehicle crash,4," VU2: Walking, running or cycling", VU2: Unknown, VU2: Pedestrian, PW20254646202,Unknown,Four-way intersection,MAPC,0,0,No controls,"Two-way, not divided",V1: Turning left,V1:(Passenger car),V1:(No),"V1:(Yes, vehicle or trailer disabled)",V1: W,Cloudy,MIDDLESEX,25000631,"V1:(No, not federally reportable)","No, not federally reportable",Roadway,At Address,No hit and run,,V1:(Collision with pedestrian),Unknown,"No, school bus not involved",25,Not reported, V1:(Collision with pedestrian),No, VU2:(Crossing Roadway),,,,, VU2: No, VU2: No,239209.4828,910031.6495,42.43982279,-71.02343473,4, STONE LN Rte,,,,,,,,,,,,,,,,,,Unaccepted by city or town,,5,5,0,No Shoulder,0,0,0,No Shoulder,0,0,0,None,Large Urbanized Area,Local,Boston (MA-NH-RI),,,,No Access Control,,,QUARRY LANE,OVERLOOK RIDGE DRIVE,DEAD END,MALDEN,,Rolling Terrain,,,,,0,0,,,Local
5598857,MALDEN,8/3/25,Property damage only (none injured),Open,7:34 PM,2025,No Apparent Injury (O),2,Local police,,25-34,25-34,,,07:00PM to 07:59PM,D1: (Unknown) ,D1: Not Distracted,Collision with parked motor vehicle,Yes,Daylight,Rear-end,4,,,, PW20254646203,Dry,Not at junction,MAPC,0,0,No controls,"One-way, not divided",V1: Backing / V2: Parked,"V1:(Light truck(van, mini-van, pickup, sport utility)) / V2:(Light truck(van, mini-van, pickup, sport utility))",V1:(No) / V2:(No),V1:(No) / V2:(No),V1: W  / V2:,Clear,MIDDLESEX,25000593,"V1:(No, not federally reportable) / V2:(No, not federally reportable)","No, not federally reportable",Roadway,At Address,No hit and run,,V1:(Collision with parked motor vehicle) / V2:(Collision with motor vehicle in traffic),None,"No, school bus not involved",25,Not reported, V1:(Collision with parked motor vehicle) V2:(Collision with motor vehicle in traffic),No,,,,,,,,235222.1433,908519.6885,42.4264017,-71.07198955,180, EXCHANGE ST Rte E,,,,,,,,,,,12307,2020,0.232,602,0,74,Both sides,City or Town accepted road,,8,8,0,No Shoulder,44,Bituminous concrete road,0,No Shoulder,2,0,0,None,Large Urbanized Area,Urban minor arterial or rural major collector,Boston (MA-NH-RI),,Mainline roadway,One-way traffic,No Access Control,,20,EXCHANGE STREET,COMMERCIAL STREET,MAIN STREET,MALDEN,Good,Level Terrain,,Grown from Prior Year HPMS Network,,0,0,0,,,Minor Arterial
5598858,MALDEN,8/5/25,Property damage only (none injured),Open,3:58 PM,2025,No Apparent Injury (O),1,Local police,,45-54,45-54,,,03:00PM to 03:59PM,D1: (Unknown) ,,Collision with utility pole,Yes,Daylight,Single vehicle crash,4,,,, PW20254646206,Dry,T-intersection,MAPC,0,0,No controls,"Two-way, not divided",V1: Travelling straight ahead,V1:(Passenger car),V1:(No),"V1:(Yes, vehicle or trailer disabled)",V1: W,Cloudy,MIDDLESEX,25000596,"V1:(No, not federally reportable)","No, not federally reportable",Outside roadway,At Intersection,No hit and run,,V1:(Collision with utility pole),None,"No, school bus not involved",25,Not reported, V1:(Collision with utility pole),No,,,,,,,,239078.1875,909770.4998,42.43747839,-71.02504818,, KENNEDY DR Rte S  / SALEM ST Rte W,,,,,,,,,,,2831,2020,0.21,139,0,17,Both sides,City or Town accepted road,,10,10,0,No Shoulder,40,Bituminous concrete road,0,No Shoulder,2,0,0,None,Large Urbanized Area,Urban collector or rural minor collector,Boston (MA-NH-RI),,Mainline roadway,Two-way traffic,No Access Control,,99,KENNEDY DRIVE,SALEM STREET,KENNEDY DRIVE,MALDEN,Good,Rolling Terrain,,Grown from Prior Year HPMS Network,,99,0,0,,,Major Collector
5598859,MALDEN,8/23/25,Non-fatal injury,Open,6:49 PM,2025,Possible Injury (C),1,Local police,,25-34,25-34,15-Jun,15-Jun,06:00PM to 06:59PM,D1: (No improper driving) ,D1: Not Distracted,Collison with moped,Yes,Dawn,Single vehicle crash,4, VU2: Entering or crossing location, VU2: In roadway, VU2: Motorized Scooter Rider, PW20254646207,Dry,Not at junction,MAPC,0,1,Pedestrian Crossing signal/beacon,"Two-way, not divided",V1: Travelling straight ahead,V1:(Passenger car),V1:(No),V1:(No),V1: W,Clear,MIDDLESEX,25000636,"V1:(No, not federally reportable)","No, not federally reportable",Roadway,At Address,No hit and run,,V1:(Collision with unknown movable object),None,"No, school bus not involved",25,"Yes, device functioning", V1:(Collision with Other Vulnerable User),No, VU2:(Crossing Roadway),, VU2: None,, VU2:(Failure to use Proper Crosswalk),,,235164.7625,908613.488,42.42724872,-71.0726811,205, PLEASANT ST Rte W,,,,,,,,,,,,,,,,,,Unaccepted by city or town,,,,,,,,,,,,,,Large Urbanized Area,Local,Boston (MA-NH-RI),,Mainline roadway,,,,,PLEASANT STREET,MAIN STREET,CUL_DE_SAC,MALDEN,,,,,,,,,,,Local
5598860,MALDEN,8/4/25,Property damage only (none injured),Open,7:51 AM,2025,No Apparent Injury (O),3,Local police,,25-34,25-34,,,07:00AM to 07:59AM,D1: (Fatigued/asleep) ,,Collision with parked motor vehicle,Yes,Dark - roadway not lighted,Angle,4,,,, PW20254646208,Dry,Not at junction,MAPC,0,0,No controls,"Two-way, not divided",V1: Travelling straight ahead / V2: Parked / V3: Parked,"V1:(Passenger car) / V2:(Light truck(van, mini-van, pickup, sport utility)) / V3:(Passenger car)",V1:(No) / V2:(No) / V3:(No),V1:(No) / V2:(No) / V3:(No),V1: S  / V2:    / V3:,Clear/Clear,MIDDLESEX,25000594,"V1:(No, not federally reportable) / V2:(No, not federally reportable) / V3:(No, not federally reportable)","No, not federally reportable",Roadway,At Address,No hit and run,,V1:(Collision with parked motor vehicle) / V2:(Collision with motor vehicle in traffic) / V3:(Collision with parked motor vehicle),None,"No, school bus not involved",20,Not reported," V1:(Collision with parked motor vehicle) V2:(Collision with motor vehicle in traffic),(Collision with parked motor vehicle) V3:(Collision with parked motor vehicle)",No,,,,,,,,235612.0592,907537.4424,42.41754128,-71.06731202,62, JAMES ST Rte 6,,,,,,,,,,,1154,,,,,,Both sides,City or Town accepted road,,7,7,0,No Shoulder,25,Bituminous concrete road,0,No Shoulder,2,0,0,None,Large Urbanized Area,Local,Boston (MA-NH-RI),,Mainline roadway,Two-way traffic,No Access Control,,,JAMES STREET,WIGGLESWORTH STREET,CONVERSE AVENUE,MALDEN,Good,Level Terrain,,,,,0,0,,,Local
5598861,MALDEN,8/11/25,Unknown,Open,5:23 PM,2025,Unknown,1,Local police,,25-34,25-34,,,05:00PM to 05:59PM,"D1: (Operating vehicle in erratic, reckless, careless, negligent or aggressive manner),(Exceeded authorized speed limit) ","D1: Other activity (searching, eating, personal hygiene, etc.)",Collision with curb,Yes,Daylight,Single vehicle crash,4,,,, PW20254646210,Dry,Four-way intersection,MAPC,0,0,Stop signs,"Two-way, not divided",V1: Turning right,V1:(Passenger car),V1:(No),"V1:(Yes, vehicle or trailer disabled)",V1: W,Clear,MIDDLESEX,25000616,"V1:(No, not federally reportable)","No, not federally reportable",Outside roadway,At Address,"Yes, hit and run",,V1:(Collision with curb),None,"No, school bus not involved",25,"Yes, device functioning", V1:(Collision with curb),No,,,,,,,,236546.8189,908773.9474,42.4286297,-71.05587663,490, EASTERN AV Rte W,,,,,,,,,,,15417,2020,0.558,709,0.155,170,Both sides,City or Town accepted road,,6,6,0,No Shoulder,28,Bituminous concrete road,8,Hardened bituminous mix or penetration,2,0,0,None,Large Urbanized Area,Rural minor arterial or urban principal arterial,Boston (MA-NH-RI),,Mainline roadway,Two-way traffic,No Access Control,,30,EASTERN AVENUE,MAIN STREET,LYNN STREET,MALDEN,Good,Level Terrain,,Pulled back from HPMS network estimation routine,,30,Surfaced shoulder exists – Portland Cement Concrete surface (PCC,8,,,Principal Arterial - Other
5598862,MALDEN,8/15/25,Property damage only (none injured),Open,12:38 PM,2025,No Apparent Injury (O),3,Local police,,35-44,45-54,,,12:00PM to 12:59PM,D1: (No improper driving)  / D2: (No improper driving)  / D3: (No improper driving) ,D1: Not Distracted / D2: Not Distracted / D3: Not Distracted,Collision with tree,Yes,Daylight,"Sideswipe, same direction",4,,,, PW20254646211,Dry,Not at junction,MAPC,0,0,No controls,"Two-way, not divided",V1: Travelling straight ahead / V2: Travelling straight ahead / V3: Travelling straight ahead,V1:(Tractor/semi-trailer) / V2:(Passenger car) / V3:(Passenger car),V1:(No) / V2:(No) / V3:(No),"V1:(No) / V2:(No) / V3:(Yes, vehicle or trailer disabled)",V1: W  / V2: W  / V3: W,Clear,MIDDLESEX,25000617,"V1:(No, not federally reportable) / V2:(No, not federally reportable) / V3:(No, not federally reportable)","No, not federally reportable",Roadside,At Address,No hit and run,,V1:(Collision with tree) / V2:(Collision with tree) / V3:(Collision with tree),None,"No, school bus not involved",25,Not reported, V1:(Collision with tree) V2:(Collision with tree) V3:(Collision with tree),No,,,,,,,,234624.7652,907543.6949,42.41764203,-71.07930711,355, MEDFORD ST Rte W,,,,,,,,,,,18609,2020,0.477,912,0.068,111,Both sides,City or Town accepted road,,7,7,0,No Shoulder,46,Bituminous concrete road,0,No Shoulder,2,0,0,None,Large Urbanized Area,Urban minor arterial or rural major collector,Boston (MA-NH-RI),,Mainline roadway,Two-way traffic,No Access Control,,99,MEDFORD STREET,MEDFORD CITY LINE,MAIN STREET,MALDEN,Good,Level Terrain,,Grown from Prior Year HPMS Network,,99,0,0,,,Minor Arterial
5598863,MALDEN,8/23/25,Property damage only (none injured),Open,2:15 AM,2025,No Apparent Injury (O),2,Local police,,35-44,35-44,,,02:00AM to 02:59AM,D2: (No improper driving) ,D2: Not Distracted,Collision with motor vehicle in traffic,Yes,Dark - roadway not lighted,"Sideswipe, same direction",4,,,, PW20254646212,Dry,Not at junction,MAPC,0,0,No controls,"Two-way, not divided",V1: Travelling straight ahead / V2: Travelling straight ahead,V1:(Passenger car) / V2:(Passenger car),V1:(No) / V2:(No),V1:(No) / V2:(No),V1: N  / V2: N,Clear,MIDDLESEX,25000634,"V1:(No, not federally reportable) / V2:(No, not federally reportable)","No, not federally reportable",Roadway,At Address,"Yes, hit and run",,V1:(Collision with motor vehicle in traffic) / V2:(Collision with motor vehicle in traffic),None,"No, school bus not involved",25,Not reported, V1:(Collision with motor vehicle in traffic) V2:(Collision with motor vehicle in traffic),No,,,,,,,,237751.4822,908648.749,42.4274452,-71.04124581,126, BROADWAY Rte N,,,,,,,,,,,20559,2020,0.33,801,0.105,224,Both sides,City or Town accepted road,,6,6,0,No Shoulder,46,Bituminous concrete road,0,No Shoulder,4,0,0,None,Large Urbanized Area,Rural minor arterial or urban principal arterial,Boston (MA-NH-RI),,Mainline roadway,Two-way traffic,No Access Control,,35,BROADWAY,EVERETT CITY LINE,MELROSE CITY LINE,MALDEN,Good,Level Terrain,,Grown from Prior Year HPMS Network,,35,0,0,,,Principal Arterial - Other