Crash Number,City Town Name,Crash Date,Crash Severity,Crash Status,Crash Time,Crash Year,Max Injury Severity Reported,Number of Vehicles,Police Agency Type,State Police Troop,Age of Driver - Youngest Known,Age of Driver - Oldest Known,Age of Vulnerable User - Youngest Known,Age of Vulnerable User - Oldest Known,Crash Hour,Driver Contributing Circumstances (All Drivers),Driver Distracted By (All Vehicles),First Harmful Event,Is Geocoded,Light Conditions,Manner of Collision,MassDOT District,Vulnerable User Action (All Persons),Vulnerable User Location (All Persons),Vulnerable User Type (All Persons),RMV Document Numbers,Road Surface Condition,Roadway Junction Type,RPA Abbreviation,Total Fatalities,Total Non-Fatal Injuries,Traffic Control Device Type,Trafficway Description,Vehicle Actions Prior to Crash (All Vehicles),Vehicle Configuration (All Vehicles),Vehicle Emergency Use (All Vehicles),Vehicle Towed From Scene (All Vehicles),Vehicle Travel Directions (All Vehicles),Weather Conditions,County Name,Crash Report IDs,FMCSA Reportable (All Vehicles),FMCSA Reportable (Crash),First Harmful Event Location,Geocoding Method,Hit and Run,Locality,Most Harmful Event (All Vehicles),Road Contributing Circumstance,School Bus Related,Speed Limit,Traffic Control Device Function,Vehicle Sequence of Events (All Vehicles),Work Zone Related,Vulnerable User Sequence of Events (All Persons),Vulnerable User Distracted By (All Persons),Vulnerable User Traffic Control Type (All persons),Vulnerable User Origin Destination (All Persons),Vulnerable User Contributing Circumstances (All Persons),Vulnerable User Alcohol Suspected Type (All Persons),Vulnerable User Drug Suspected Type (All Persons),X,Y,Latitude,Longitude,Street Number,Roadway,Near Intersection Roadway,Distance and Direction From Intersection,Milemarker,Milemarker Route,Distance and Direction From Milemarker,Exit Number,Exit Route,Distance and Direction From Exit,Landmark,Distance and Direction From Landmark,AADT-linked RD,AADT Year-linked RD,Peak % Single Unit Trucks-linked RD,Single-Unit Truck and Bus AADT-linked RD,Peak % Combo Trucks-linked RD,Combination Truck AADT-linked RD,Curb-linked RD-linked RD,Jurisdiction-linked RD,Truck Route-linked RD,Left Sidewalk Width-linked RD,Right Sidewalk Width-linked RD,Left Shoulder Width-linked RD,Left Shoulder Type-linked RD,Surface Width-linked RD,Surface Type-linked RD,Right Shoulder Width-linked RD,Right Shoulder Type-linked RD,Number of Travel Lanes-linked RD,Number of Opposing Travel Lanes-linked RD,Median Width-linked RD,Median Type-linked RD,Urban Type-linked RD,Functional Classification-linked RD,Urbanized Area-linked RD,Federal Aid Route Number-linked RD,Facility Type-linked RD,Street Operation-linked RD,Access Control-linked RD,Number of Peak Hour Lanes-linked RD,Speed Limit-linked RD,Street Name-linked RD,From Street Name-linked RD,To Street Name-linked RD,City-linked RD-linked RD,Structural Condition-linked RD,Terrain-linked RD,Urban Location Type-linked RD,AADT Derivation-linked RD,AADT Station Number-linked RD,Opposing Direction Speed Limit-linked RD,Undivided Left Shoulder Type-linked RD,Undivided Left Shoulder Width-linked RD,Truck Exclusion Type-linked RD,Truck Exclusion Time-linked RD,Federal Functional Classification-linked RD
5598864,MALDEN,8/19/25,Property damage only (none injured),Open,1:46 PM,2025,No Apparent Injury (O),2,Local police,,25-34,45-54,,,01:00PM to 01:59PM,D1: (Unknown)  / D2: (Unknown) ,,Collision with motor vehicle in traffic,Yes,Daylight,Head-on,4,,,, PW20254646213,Dry,Not at junction,MAPC,0,0,No controls,"Two-way, not divided",V1: Turning left / V2: Travelling straight ahead,"V1:(Light truck(van, mini-van, pickup, sport utility)) / V2:(Passenger car)",V1:(No) / V2:(No),V1:(No) / V2:(No),V1: N  / V2: S,Clear,MIDDLESEX,25000626,"V1:(No, not federally reportable) / V2:(No, not federally reportable)","No, not federally reportable",Roadway,At Intersection,No hit and run,,V1:(Collision with motor vehicle in traffic) / V2:(Collision with motor vehicle in traffic),Unknown,"No, school bus not involved",20,Not reported, V1:(Collision with motor vehicle in traffic) V2:(Collision with motor vehicle in traffic),No,,,,,,,,237208.7654,910043.5627,42.4400281,-71.04775089,, MARSHALL AV Rte E  / WILLIAMS ST Rte S,,,,,,,,,,,1154,,,,,,Both sides,City or Town accepted road,,5,5,0,No Shoulder,18,Bituminous concrete road,3,Stable - Unruttable compacted subgrade,2,0,0,None,Large Urbanized Area,Local,Boston (MA-NH-RI),,Mainline roadway,Two-way traffic,No Access Control,,,MARSHALL AVENUE,CONWAY COURT,LEBANON STREET,MALDEN,Good,Rolling Terrain,,,,,0,0,,,Local
5598865,MALDEN,8/11/25,Non-fatal injury,Open,7:55 AM,2025,Possible Injury (C),2,Local police,,25-34,55-64,,,07:00AM to 07:59AM,D1: (No improper driving)  / D2: (No improper driving) ,D1: Not Distracted / D2: Not Distracted,Collision with motor vehicle in traffic,Yes,Daylight,Rear-end,4,,,, PW20254646214,Dry,Not at junction,MAPC,0,1,Traffic control signal,"Two-way, not divided",V1: Travelling straight ahead / V2: Travelling straight ahead,V1:(Passenger car) / V2:(Passenger car),V1:(No) / V2:(No),"V1:(Yes, vehicle or trailer disabled) / V2:(Yes, vehicle or trailer disabled)",V1: W  / V2: W,Clear,MIDDLESEX,25000611,"V1:(No, not federally reportable) / V2:(No, not federally reportable)","No, not federally reportable",Roadway,At Address,No hit and run,,V1:(Collision with motor vehicle in traffic) / V2:(Collision with motor vehicle in traffic),None,"No, school bus not involved",25,"Yes, device functioning", V1:(Collision with motor vehicle in traffic) V2:(Collision with motor vehicle in traffic),No,,,,,,,,234503.4136,908538.4174,42.42660245,-71.08072211,436, PLEASANT ST Rte W,,,,,,,,,,,13836,2020,0.558,638,0.155,153,Both sides,City or Town accepted road,,6,8,0,No Shoulder,24,Bituminous concrete road,0,No Shoulder,2,0,0,None,Large Urbanized Area,Rural minor arterial or urban principal arterial,Boston (MA-NH-RI),,Mainline roadway,Two-way traffic,No Access Control,,20,PLEASANT STREET,COMMERCIAL STREET,MEDFORD CITY LINE,MALDEN,Good,Level Terrain,,Pulled back from HPMS network estimation routine,,20,0,0,,,Principal Arterial - Other
5598867,MALDEN,8/13/25,Property damage only (none injured),Open,1:57 AM,2025,No Apparent Injury (O),1,Local police,,35-44,35-44,,,01:00AM to 01:59AM,"D1: (Inattention),(Inattention) ",D1: Not Distracted,Other,Yes,Dark - lighted roadway,Single vehicle crash,4,,,, PW20254646215,Dry,Not at junction,MAPC,0,0,No controls,"Two-way, divided, unprotected median",V1: Backing,V1:(Passenger car),V1:(No),V1:(No),V1: N,Clear/Clear,MIDDLESEX,25000615,"V1:(No, not federally reportable)","No, not federally reportable",Roadway,At Address,No hit and run,,"V1:(Collision with other fixed object (wall, building, tunnel, etc.))",None,"No, school bus not involved",25,"Yes, device functioning"," V1:(Collision with other fixed object(wall, building, tunnel, etc.))",No,,,,,,,,234760.4206,907606.2551,42.4181992,-71.07765515,330, PEARL ST Rte N,,,,,,,,,,,2754,2020,0.21,133,0,17,Both sides,City or Town accepted road,,10,10,0,No Shoulder,28,Bituminous concrete road,0,No Shoulder,2,0,0,None,Large Urbanized Area,Urban collector or rural minor collector,Boston (MA-NH-RI),,Mainline roadway,Two-way traffic,No Access Control,,99,PEARL STREET,EVERETT CITY LINE,PLEASANT STREET,MALDEN,Good,Level Terrain,,Grown from Prior Year HPMS Network,,99,0,0,,,Major Collector
5598868,MALDEN,8/15/25,Unknown,Open,4:27 PM,2025,Not reported,1,Local police,,,,,,04:00PM to 04:59PM,,,Collision with parked motor vehicle,Yes,Daylight,Angle,4,,,, PW20254646216,Dry,T-intersection,MAPC,0,0,No controls,"Two-way, not divided",V1: Parked,V1:(Passenger car),V1:(No),V1:(No),V1: S,Clear/Clear,MIDDLESEX,25000618,"V1:(No, not federally reportable)","No, not federally reportable",Roadway,At Address,"Yes, hit and run",,V1:(Collision with parked motor vehicle),Unknown,"No, school bus not involved",25,"No, device not functioning", V1:(Collision with parked motor vehicle),No,,,,,,,,234762.2802,907268.7552,42.41516076,-71.07765286,420, PEARL ST Rte S,,,,,,,,,,,1154,,,,,,None,Unaccepted by city or town,,0,0,0,No Shoulder,30,Bituminous concrete road,4,Hardened bituminous mix or penetration,2,0,0,None,Large Urbanized Area,Local,Boston (MA-NH-RI),,Mainline roadway,Two-way traffic,No Access Control,,,PEARL STREET,EVERETT CITY LINE,PLEASANT STREET,MALDEN,Good,Level Terrain,,,,,0,0,,,Local
5598869,MALDEN,8/11/25,Property damage only (none injured),Open,2:10 AM,2025,No Apparent Injury (O),1,Local police,,75-84,75-84,,,02:00AM to 02:59AM,"D1: (Unknown),(Unknown) ",,Other,Yes,Dusk,Single vehicle crash,4,,,, PW20254646220,Dry,Not at junction,MAPC,0,0,No controls,"Two-way, divided, unprotected median",V1: Travelling straight ahead,V1:(Passenger car),V1:(No),"V1:(Yes, vehicle or trailer disabled)",V1: S,Clear/Clear,MIDDLESEX,25000610,"V1:(No, not federally reportable)","No, not federally reportable",Roadway,At Address,No hit and run,,V1:(Other),None,"No, school bus not involved",25,"Yes, device functioning", V1:(Other),No,,,,,,,,234759.7911,907736.691,42.41937348,-71.07765495,290, PEARL ST Rte S,,,,,,,,,,,2754,2020,0.21,133,0,17,Both sides,City or Town accepted road,,10,10,0,No Shoulder,28,Bituminous concrete road,0,No Shoulder,2,0,0,None,Large Urbanized Area,Urban collector or rural minor collector,Boston (MA-NH-RI),,Mainline roadway,Two-way traffic,No Access Control,,99,PEARL STREET,EVERETT CITY LINE,PLEASANT STREET,MALDEN,Good,Level Terrain,,Grown from Prior Year HPMS Network,,99,0,0,,,Major Collector
5598870,MALDEN,8/12/25,Property damage only (none injured),Open,9:49 PM,2025,No Apparent Injury (O),3,Local police,,18-20,35-44,,,09:00PM to 09:59PM,D1: (Inattention)  / D2: (No improper driving)  / D3: (No improper driving) ,D2: Not Distracted / D3: Not Distracted,Collision with motor vehicle in traffic,Yes,Dark - roadway not lighted,Rear-end,4,,,, PW20254646219,Dry,Not at junction,MAPC,0,0,No controls,"Two-way, divided, unprotected median",V1: Travelling straight ahead / V2: Slowing or stopped in traffic / V3: Slowing or stopped in traffic,"V1:(Light truck(van, mini-van, pickup, sport utility)) / V2:(Light truck(van, mini-van, pickup, sport utility)) / V3:(Passenger car)",V1:(No) / V2:(No) / V3:(No),"V1:(Yes, vehicle or trailer disabled) / V2:(No) / V3:(No)",V1: S  / V2: S  / V3: S,Clear,MIDDLESEX,25000614,"V1:(No, not federally reportable) / V2:(No, not federally reportable) / V3:(No, not federally reportable)","No, not federally reportable",Roadway,At Address,No hit and run,,V1:(Collision with motor vehicle in traffic) / V2:(Collision with motor vehicle in traffic) / V3:(Collision with motor vehicle in traffic),None,"No, school bus not involved",25,"No, device not functioning", V1:(Collision with motor vehicle in traffic) V2:(Collision with motor vehicle in traffic) V3:(Collision with motor vehicle in traffic),No,,,,,,,,237976.2821,909492.2849,42.43502822,-71.03845864,354, BROADWAY Rte S,,,,,,,,,,,10575,2020,,,,,Both sides,City or Town accepted road,,10,10,0,No Shoulder,44,Bituminous concrete road,0,No Shoulder,2,0,0,None,Large Urbanized Area,Rural minor arterial or urban principal arterial,Boston (MA-NH-RI),,Mainline roadway,Two-way traffic,No Access Control,,30,BROADWAY,EVERETT CITY LINE,MELROSE CITY LINE,MALDEN,Good,Rolling Terrain,,Pulled back from HPMS network estimation routine,,30,0,0,,,Principal Arterial - Other
5598871,MALDEN,8/15/25,Property damage only (none injured),Open,3:00 PM,2025,No Apparent Injury (O),1,Local police,,25-34,25-34,,,03:00PM to 03:59PM,D1: (No improper driving) ,D1: Not Distracted,Collision with motor vehicle in traffic,Yes,Daylight,Rear-end,4,,,, PW20254646218,Dry,Four-way intersection,MAPC,0,0,Traffic control signal,"Two-way, not divided",V1: Travelling straight ahead,V1:(Passenger car),V1:(No),"V1:(Yes, vehicle or trailer disabled)",V1: E,Clear,MIDDLESEX,25000619,"V1:(No, not federally reportable)","No, not federally reportable",Roadway,At Intersection,"Yes, hit and run",,V1:(Collision with motor vehicle in traffic),None,"No, school bus not involved",25,"Yes, device functioning", V1:(Collision with motor vehicle in traffic),No,,,,,,,,235065.9532,908433.6873,42.42563451,-71.07389272,, COMMERCIAL ST Rte 6  / CENTRE ST Rte 60 E,,,,,,,,,,,14655,2020,0.477,718,0.068,88,Both sides,City or Town accepted road,,7,7,0,No Shoulder,46,Bituminous concrete road,0,No Shoulder,4,0,0,None,Large Urbanized Area,Urban minor arterial or rural major collector,Boston (MA-NH-RI),,Mainline roadway,Two-way traffic,No Access Control,,30,COMMERCIAL STREET,PLEASANT STREET,MEDFORD CITY LINE,MALDEN,Good,Level Terrain,,Grown from Prior Year HPMS Network,,30,0,0,,,Minor Arterial
5598872,MALDEN,8/10/25,Unknown,Open,11:02 AM,2025,Not reported,1,Local police,,,,,,11:00AM to 11:59AM,,,Collision with motor vehicle in traffic,Yes,Unknown,Unknown,4,,,, PW20254646222,Unknown,Not at junction,MAPC,0,0,No controls,"One-way, not divided",V1: Parked,V1:(Passenger car),V1:(No),V1:(No),V1: W,Unknown,MIDDLESEX,25000606,"V1:(No, not federally reportable)","No, not federally reportable",Unknown,At Address,"Yes, hit and run",,V1:(Collision with motor vehicle in traffic),Unknown,"No, school bus not involved",25,Not reported, V1:(Collision with motor vehicle in traffic),No,,,,,,,,236198.0769,909388.0292,42.43417425,-71.06007604,301, BAINBRIDGE STREET, PORTER STREET,250 feet E  of,,,,,,,,,1154,,,,,,Both sides,City or Town accepted road,,7,7,0,No Shoulder,23,Surface-treated road,0,No Shoulder,2,0,0,None,Large Urbanized Area,Local,Boston (MA-NH-RI),,Mainline roadway,One-way traffic,No Access Control,,,BAINBRIDGE STREET,ROCKWELL STREET,MOUNT VERNON STREET,MALDEN,Good,Rolling Terrain,,,,,0,0,,,Local
5598873,MALDEN,8/20/25,Property damage only (none injured),Open,7:37 AM,2025,No Apparent Injury (O),1,Local police,,35-44,35-44,,,07:00AM to 07:59AM,D1: (Inattention) ,,Collision with other light pole or other post/support,Yes,Daylight,Single vehicle crash,4,,,, PW20254646223,Dry,Four-way intersection,MAPC,0,0,Traffic control signal,"Two-way, not divided",V1: Turning right,"V1:(Single-unit truck (2-axle, 6-tires))",V1:(No),V1:(No),V1: W,Clear,MIDDLESEX,25000627,"V1:(No, not federally reportable)","No, not federally reportable",Roadside,At Intersection,No hit and run,,V1:(Collision with light pole or other post/support),None,"No, school bus not involved",25,"Yes, device functioning", V1:(Collision with light  pole or other post/support),No,,,,,,,,236318.2571,908007.0904,42.42173674,-71.05870232,, CROSS ST Rte W  / FERRY ST Rte S,,,,,,,,,,,6501,2020,,,,,Both sides,City or Town accepted road,,7,7,0,No Shoulder,25,Bituminous concrete road,0,No Shoulder,2,0,0,None,Large Urbanized Area,Urban minor arterial or rural major collector,Boston (MA-NH-RI),,Mainline roadway,Two-way traffic,No Access Control,,25,CROSS STREET,MAIN STREET,BRYANT STREET,MALDEN,Good,Level Terrain,,Pulled back from HPMS network estimation routine,,25,0,0,,,Minor Arterial
5598874,MALDEN,8/8/25,Property damage only (none injured),Open,11:24 AM,2025,No Apparent Injury (O),2,Local police,,35-44,45-54,,,11:00AM to 11:59AM,"D1: (No improper driving)  / D2: (Operating vehicle in erratic, reckless, careless, negligent or aggressive manner) ",D1: Not Distracted / D2: Not Distracted,Collision with motor vehicle in traffic,Yes,Daylight,Rear-end,4,,,, PW20254646224,Dry,T-intersection,MAPC,0,0,Traffic control signal,"One-way, not divided",V1: Slowing or stopped in traffic / V2: Travelling straight ahead,V1:(Passenger car) / V2:(Passenger car),V1:(No) / V2:(No),V1:(No) / V2:(No),V1: S  / V2: S,Clear,MIDDLESEX,25000603,"V1:(No, not federally reportable) / V2:(No, not federally reportable)","No, not federally reportable",Roadway,At Intersection,"Yes, hit and run",,V1:(Collision with motor vehicle in traffic) / V2:(Collision with motor vehicle in traffic),None,"No, school bus not involved",30,"Yes, device functioning", V1:(Collision with motor vehicle in traffic) V2:(Collision with motor vehicle in traffic),No,,,,,,,,237401.5781,908920.8753,42.42991189,-71.04548013,, EASTERN AV Rte E  / MAPLEWOOD ST Rte S,,,,,,,,,,,16037,2020,0.558,738,0.155,176,Both sides,City or Town accepted road,,6,6,0,No Shoulder,28,Bituminous concrete road,8,Hardened bituminous mix or penetration,2,0,0,None,Large Urbanized Area,Rural minor arterial or urban principal arterial,Boston (MA-NH-RI),,Mainline roadway,Two-way traffic,No Access Control,,30,EASTERN AVENUE,MAIN STREET,LYNN STREET,MALDEN,Good,Level Terrain,,Pulled back from HPMS network estimation routine,,30,Surfaced shoulder exists – Portland Cement Concrete surface (PCC,8,,,Principal Arterial - Other
5598875,MALDEN,8/18/25,Property damage only (none injured),Open,10:58 PM,2025,No Apparent Injury (O),1,Local police,,25-34,25-34,,,10:00PM to 10:59PM,D1: (Unknown) ,,Collision with unknown fixed object,Yes,Dark - lighted roadway,Single vehicle crash,4,,,, PW20254646225,Dry,Driveway,MAPC,0,0,No controls,"Two-way, not divided",V1: Backing,V1:(Passenger car),V1:(No),V1:(No),V1: E,Clear,MIDDLESEX,25000625,"V1:(No, not federally reportable)","No, not federally reportable",Outside roadway,At Address,No hit and run,,V1:(Collision with fence),None,"No, school bus not involved",25,"Yes, device functioning", V1:(Collision with fence),No,,,,,,,,235837.6014,907558.4132,42.41771974,-71.06457042,18, ACORN ST Rte E,,,,,,,,,,,1154,,,,,,Both sides,City or Town accepted road,,7,7,0,No Shoulder,25,Bituminous concrete road,0,No Shoulder,2,0,0,None,Large Urbanized Area,Local,Boston (MA-NH-RI),,Mainline roadway,Two-way traffic,No Access Control,,,ACORN STREET,HANCOCK STREET,MAIN STREET,MALDEN,Good,Mountainous Terrain,,,,,0,0,,,Local
5598876,MALDEN,8/23/25,Unknown,Open,2:55 AM,2025,Not reported,1,Local police,,,,,,02:00AM to 02:59AM,,,Collision with parked motor vehicle,Yes,Dusk,"Sideswipe, same direction",4,,,, PW20254646227,Dry,Not at junction,MAPC,0,0,Traffic control signal,"Two-way, not divided",V1: Parked,V1:(Passenger car),V1:(No),V1:(No),V1: E,Clear/Clear,MIDDLESEX,25000635,"V1:(No, not federally reportable)","No, not federally reportable",Roadway,Operator Designated,No hit and run,,V1:(Collision with motor vehicle in traffic),Unknown,"No, school bus not involved",25,"Yes, device functioning", V1:(Collision with motor vehicle in traffic),No,,,,,,,,233822.0835,908542.7287,42.42667111,-71.0890011,, MURRAY HILL ROAD, MURRAY HILL PARK,150 feet W  of,,,,,,,,,2858,2020,0.21,139,8,18,Both sides,City or Town accepted road,,5,6,0,No Shoulder,25,Bituminous concrete road,0,No Shoulder,2,0,0,None,Large Urbanized Area,Urban collector or rural minor collector,Boston (MA-NH-RI),,Mainline roadway,Two-way traffic,No Access Control,,99,MURRAY HILL ROAD,MALDEN CITY LINE,FELLS AVENUE,MALDEN,Fair,Level Terrain,,Grown from Prior Year HPMS Network,,99,0,0,,,Major Collector
5598877,MALDEN,8/18/25,Property damage only (none injured),Open,12:29 PM,2025,No Apparent Injury (O),2,Local police,,25-34,35-44,,,12:00PM to 12:59PM,D1: (No improper driving)  / D2: (No improper driving) ,D1: Not Distracted / D2: Not Distracted,Collision with motor vehicle in traffic,Yes,Daylight,Angle,4,,,, PW20254646226,Dry,Not at junction,MAPC,0,0,Traffic control signal,"Two-way, not divided",V1: Overtaking/passing / V2: Entering traffic lane,V1:(Passenger car) / V2:(Passenger car),V1:(No) / V2:(No),V1:(No) / V2:(No),V1: S  / V2: E,Clear,MIDDLESEX,25000624,"V1:(No, not federally reportable) / V2:(No, not federally reportable)","No, not federally reportable",Roadway,At Address,No hit and run,,V1:(Collision with motor vehicle in traffic) / V2:(Collision with motor vehicle in traffic),None,"No, school bus not involved",20,"Yes, device functioning", V1:(Collision with motor vehicle in traffic) V2:(Collision with motor vehicle in traffic),No,,,,,,,,237846.9252,909006.6872,42.43066292,-71.04006256,214, BROADWAY Rte S,,,,,,,,,,,24974,2020,0.33,974,0.105,275,Both sides,City or Town accepted road,,10,10,0,No Shoulder,44,Bituminous concrete road,0,No Shoulder,2,0,0,None,Large Urbanized Area,Rural minor arterial or urban principal arterial,Boston (MA-NH-RI),,Mainline roadway,Two-way traffic,No Access Control,,30,BROADWAY,EVERETT CITY LINE,MELROSE CITY LINE,MALDEN,Good,Level Terrain,,Grown from Prior Year HPMS Network,,30,0,0,,,Principal Arterial - Other
5598878,MALDEN,8/21/25,Non-fatal injury,Open,1:16 PM,2025,Possible Injury (C),3,Local police,,35-44,55-64,,,01:00PM to 01:59PM,D1: (Unknown)  / D2: (Unknown)  / D3: (Unknown) ,,Collision with motor vehicle in traffic,Yes,Daylight,Rear-end,4,,,, PW20254646228,Dry,T-intersection,MAPC,0,2,No controls,"Two-way, not divided",V1: Travelling straight ahead / V2: Slowing or stopped in traffic / V3: Slowing or stopped in traffic,"V1:(Light truck(van, mini-van, pickup, sport utility)) / V2:(Passenger car) / V3:(Passenger car)",V1:(No) / V2:(No) / V3:(No),"V1:(Yes, vehicle or trailer disabled) / V2:(No) / V3:(No)",V1: E  / V2: E  / V3: E,Cloudy,MIDDLESEX,25000628,"V1:(No, not federally reportable) / V2:(No, not federally reportable) / V3:(No, not federally reportable)","No, not federally reportable",Roadway,At Intersection,No hit and run,,V1:(Collision with motor vehicle in traffic) / V2:(Collision with motor vehicle in traffic) / V3:(Collision with motor vehicle in traffic),None,"No, school bus not involved",25,Not reported, V1:(Collision with motor vehicle in traffic) V2:(Collision with motor vehicle in traffic) V3:(Collision with motor vehicle in traffic),No,,,,,,,,239196.0468,909325.6875,42.43346806,-71.02364595,, LYNN ST Rte E  / OLIVER ST Rte S,,,,,,,,,,,21023,2020,0.477,1029,0.068,126,Both sides,City or Town accepted road,,5,5,0,No Shoulder,32,Bituminous concrete road,0,No Shoulder,2,0,0,None,Large Urbanized Area,Urban collector or rural minor collector,Boston (MA-NH-RI),,Mainline roadway,Two-way traffic,No Access Control,,99,LYNN STREET,EVERETT CITY LINE,REVERE CITY LINE,MALDEN,Good,Level Terrain,,Grown from Prior Year HPMS Network,,99,0,0,,,Major Collector
5598879,MALDEN,8/23/25,Unknown,Open,9:16 PM,2025,Not reported,2,Local police,,,,,,09:00PM to 09:59PM,,,Collision with parked motor vehicle,Yes,Dark - lighted roadway,"Sideswipe, same direction",4,,,, PW20254646233,Dry,Not at junction,MAPC,0,0,No controls,"Two-way, not divided",V1: Parked / V2: Travelling straight ahead,"V1:(Passenger car) / V2:(Light truck(van, mini-van, pickup, sport utility))",V1:(No) / V2:(No),V1:(No) / V2:(No),V1: Not Reported / V2: S,Clear,MIDDLESEX,25000637,"V1:(No, not federally reportable) / V2:(No, not federally reportable)","No, not federally reportable",Roadway,At Address,"Yes, hit and run",,V1:(Collision with parked motor vehicle) / V2:(Collision with parked motor vehicle),Unknown,"No, school bus not involved",25,"No, device not functioning", V1:(Collision with parked motor vehicle) V2:(Collision with parked motor vehicle),No,,,,,,,,235842.3787,907865.8805,42.42048751,-71.0644933,87, HIGH ST Rte S,,,,,,,,,,,2824,2020,0.21,137,0,17,Both sides,City or Town accepted road,,9,9,0,No Shoulder,30,Bituminous concrete road,0,No Shoulder,2,0,0,None,Large Urbanized Area,Urban collector or rural minor collector,Boston (MA-NH-RI),,Mainline roadway,Two-way traffic,No Access Control,,99,HIGH STREET,CROSS STREET,FERRY STREET,MALDEN,Fair,Level Terrain,,Grown from Prior Year HPMS Network,,99,0,0,,,Major Collector
5598880,MALDEN,8/18/25,Non-fatal injury,Open,4:09 PM,2025,Possible Injury (C),2,Local police,,21-24,25-34,,,04:00PM to 04:59PM,D1: (Unknown)  / D2: (Unknown) ,,Collision with motor vehicle in traffic,Yes,Daylight,Rear-end,4,,,, PW20254646229,Dry,Y-intersection,MAPC,0,3,Stop signs,"One-way, not divided",V1: Slowing or stopped in traffic / V2: Travelling straight ahead,V1:(Passenger car) / V2:(Passenger car),V1:(No) / V2:(No),V1:(No) / V2:(No),V1: E  / V2: E,Clear,MIDDLESEX,25000623,"V1:(No, not federally reportable) / V2:(No, not federally reportable)","No, not federally reportable",Roadway,At Address,No hit and run,,V1:(Collision with motor vehicle in traffic) / V2:(Collision with motor vehicle in traffic),Unknown,"No, school bus not involved",25,"Yes, device functioning", V1:(Collision with motor vehicle in traffic) V2:(Collision with motor vehicle in traffic),No,,,,,,,,236087.9536,908481.2691,42.42601624,-71.06147103,237, EASTERN AV Rte E,,,,,,,,,,,20546,2020,0.33,800,0.105,226,Both sides,City or Town accepted road,,6,6,0,No Shoulder,18,Bituminous concrete road,0,No Shoulder,1,0,0,None,Large Urbanized Area,Rural minor arterial or urban principal arterial,Boston (MA-NH-RI),,Mainline roadway,One-way traffic,No Access Control,,30,EASTERN AVENUE,MAIN STREET,LYNN STREET,MALDEN,Good,Level Terrain,,Grown from Prior Year HPMS Network,,30,Surfaced shoulder exists – Portland Cement Concrete surface (PCC,2,,,Principal Arterial - Other
5598881,MALDEN,8/25/25,Property damage only (none injured),Open,2:43 PM,2025,No Apparent Injury (O),2,Local police,,18-20,25-34,,,02:00PM to 02:59PM,D1: (No improper driving)  / D2: (Failure to keep in proper lane or running off road) ,D1: Not Distracted,Collision with motor vehicle in traffic,Yes,Daylight,"Sideswipe, same direction",4,,,, PW20254646231,Dry,Not at junction,MAPC,0,0,No controls,"Two-way, not divided",V1: Travelling straight ahead / V2: Travelling straight ahead,"V1:(Passenger car) / V2:(Light truck(van, mini-van, pickup, sport utility))",V1:(No) / V2:(No),V1:(No) / V2:(No),V1: W  / V2: W,Clear,MIDDLESEX,25000639,"V1:(No, not federally reportable) / V2:(No, not federally reportable)","No, not federally reportable",Roadway,At Address,No hit and run,,V1:(Collision with motor vehicle in traffic) / V2:(Collision with motor vehicle in traffic),None,"No, school bus not involved",25,Not reported, V1:(Collision with motor vehicle in traffic) V2:(Collision with motor vehicle in traffic),No,,,,,,,,237496.6671,908929.5323,42.42998526,-71.04432402,906, EASTERN AV Rte W,,,,,,,,,,,16102,2020,0.558,740,0.155,177,Both sides,City or Town accepted road,,6,6,0,No Shoulder,28,Bituminous concrete road,0,No Shoulder,2,0,0,None,Large Urbanized Area,Rural minor arterial or urban principal arterial,Boston (MA-NH-RI),,Mainline roadway,Two-way traffic,No Access Control,,30,EASTERN AVENUE,MAIN STREET,LYNN STREET,MALDEN,Good,Level Terrain,,Pulled back from HPMS network estimation routine,,30,Surfaced shoulder exists – Portland Cement Concrete surface (PCC,8,,,Principal Arterial - Other
5598882,MALDEN,8/22/25,Non-fatal injury,Open,1:40 PM,2025,Suspected Minor Injury (B),1,Local police,,75-84,75-84,35-44,35-44,01:00PM to 01:59PM,D1: (Unknown) ,,Collision with motor vehicle in traffic,Yes,Daylight,Angle,4, VU2: Entering or crossing location, VU2: Marked crosswalk at intersection (includes use of paint raised or other roadway material), VU2: Bicyclist, PW20254646230,Dry,Four-way intersection,MAPC,0,1,Flashing traffic control signal,"Two-way, not divided",V1: Travelling straight ahead,V1:(Passenger car),V1:(No),V1:(No),V1: N,Clear,MIDDLESEX,25000630,"V1:(No, not federally reportable)","No, not federally reportable",Roadway,Operator Designated,No hit and run,,V1:(Collision with motor vehicle in traffic),Unknown,"No, school bus not involved",25,"Yes, device functioning", V1:(Collision with motor vehicle in traffic),No, VU2:(Crossing Roadway),, VU2: VU Crossing Signal,,, VU2: No, VU2: No,237391.4616,908992.3712,42.43055602,-71.04559844,, MAPLEWOOD STREET, WAITE STREET EXTENSION,200 feet S  of,,,,NORTHERN STR,,,,,6501,2020,,,,,Both sides,City or Town accepted road,,9,9,0,No Shoulder,30,Bituminous concrete road,0,No Shoulder,2,0,0,None,Large Urbanized Area,Urban minor arterial or rural major collector,Boston (MA-NH-RI),,Mainline roadway,Two-way traffic,No Access Control,,30,MAPLEWOOD STREET,SALEM STREET,DEAD END,MALDEN,Good,Level Terrain,,Pulled back from HPMS network estimation routine,,30,0,0,,,Minor Arterial