Crash Number,City Town Name,Crash Date,Crash Severity,Crash Status,Crash Time,Crash Year,Max Injury Severity Reported,Number of Vehicles,Police Agency Type,State Police Troop,Age of Driver - Youngest Known,Age of Driver - Oldest Known,Age of Vulnerable User - Youngest Known,Age of Vulnerable User - Oldest Known,Crash Hour,Driver Contributing Circumstances (All Drivers),Driver Distracted By (All Vehicles),First Harmful Event,Is Geocoded,Light Conditions,Manner of Collision,MassDOT District,Vulnerable User Action (All Persons),Vulnerable User Location (All Persons),Vulnerable User Type (All Persons),RMV Document Numbers,Road Surface Condition,Roadway Junction Type,RPA Abbreviation,Total Fatalities,Total Non-Fatal Injuries,Traffic Control Device Type,Trafficway Description,Vehicle Actions Prior to Crash (All Vehicles),Vehicle Configuration (All Vehicles),Vehicle Emergency Use (All Vehicles),Vehicle Towed From Scene (All Vehicles),Vehicle Travel Directions (All Vehicles),Weather Conditions,County Name,Crash Report IDs,FMCSA Reportable (All Vehicles),FMCSA Reportable (Crash),First Harmful Event Location,Geocoding Method,Hit and Run,Locality,Most Harmful Event (All Vehicles),Road Contributing Circumstance,School Bus Related,Speed Limit,Traffic Control Device Function,Vehicle Sequence of Events (All Vehicles),Work Zone Related,Vulnerable User Sequence of Events (All Persons),Vulnerable User Distracted By (All Persons),Vulnerable User Traffic Control Type (All persons),Vulnerable User Origin Destination (All Persons),Vulnerable User Contributing Circumstances (All Persons),Vulnerable User Alcohol Suspected Type (All Persons),Vulnerable User Drug Suspected Type (All Persons),X,Y,Latitude,Longitude,Street Number,Roadway,Near Intersection Roadway,Distance and Direction From Intersection,Milemarker,Milemarker Route,Distance and Direction From Milemarker,Exit Number,Exit Route,Distance and Direction From Exit,Landmark,Distance and Direction From Landmark,AADT-linked RD,AADT Year-linked RD,Peak % Single Unit Trucks-linked RD,Single-Unit Truck and Bus AADT-linked RD,Peak % Combo Trucks-linked RD,Combination Truck AADT-linked RD,Curb-linked RD-linked RD,Jurisdiction-linked RD,Truck Route-linked RD,Left Sidewalk Width-linked RD,Right Sidewalk Width-linked RD,Left Shoulder Width-linked RD,Left Shoulder Type-linked RD,Surface Width-linked RD,Surface Type-linked RD,Right Shoulder Width-linked RD,Right Shoulder Type-linked RD,Number of Travel Lanes-linked RD,Number of Opposing Travel Lanes-linked RD,Median Width-linked RD,Median Type-linked RD,Urban Type-linked RD,Functional Classification-linked RD,Urbanized Area-linked RD,Federal Aid Route Number-linked RD,Facility Type-linked RD,Street Operation-linked RD,Access Control-linked RD,Number of Peak Hour Lanes-linked RD,Speed Limit-linked RD,Street Name-linked RD,From Street Name-linked RD,To Street Name-linked RD,City-linked RD-linked RD,Structural Condition-linked RD,Terrain-linked RD,Urban Location Type-linked RD,AADT Derivation-linked RD,AADT Station Number-linked RD,Opposing Direction Speed Limit-linked RD,Undivided Left Shoulder Type-linked RD,Undivided Left Shoulder Width-linked RD,Truck Exclusion Type-linked RD,Truck Exclusion Time-linked RD,Federal Functional Classification-linked RD
5598883,MALDEN,8/25/25,Property damage only (none injured),Open,7:26 PM,2025,No Apparent Injury (O),2,Local police,,35-44,35-44,,,07:00PM to 07:59PM,D1: (Unknown) ,,Collision with parked motor vehicle,Yes,Dark - unknown roadway lighting,"Sideswipe, same direction",4,,,, PW20254646232,Wet,Not at junction,MAPC,0,0,No controls,"Two-way, not divided",V1: Travelling straight ahead / V2: Parked,"V1:(Passenger car) / V2:(Light truck(van, mini-van, pickup, sport utility))",V1:(No) / V2:(No),"V1:(Yes, vehicle or trailer disabled) / V2:(No)",V1: N  / V2: N,Cloudy,MIDDLESEX,25000640,"V1:(No, not federally reportable) / V2:(No, not federally reportable)","No, not federally reportable",Roadway,At Address,No hit and run,,V1:(Collision with parked motor vehicle) / V2:(Collision with parked motor vehicle),Unknown,"No, school bus not involved",15,Not reported, V1:(Collision with parked motor vehicle) V2:(Collision with parked motor vehicle),No,,,,,,,,237588.1114,909239.7728,42.43277379,-71.04319258,34, SPRUCE ST Rte N,,,,,,,,,,,1154,,,,,,Both sides,City or Town accepted road,,5,5,0,No Shoulder,30,Surface-treated road,0,No Shoulder,2,0,0,None,Large Urbanized Area,Local,Boston (MA-NH-RI),,Mainline roadway,Two-way traffic,No Access Control,,,SPRUCE STREET,WEBSTER STREET,SALEM STREET,MALDEN,Good,Level Terrain,,,,,0,0,,,Local
5598884,MALDEN,8/23/25,Unknown,Open,1:08 AM,2025,Not reported,1,Local police,,,,,,01:00AM to 01:59AM,,,Collision with parked motor vehicle,Yes,Dark - lighted roadway,Rear-end,4,,,, PW20254646234,Dry,Not at junction,MAPC,0,0,No controls,"Two-way, not divided",V1: Parked,V1:(Passenger car),V1:(No),V1:(No),V1: E,Clear,MIDDLESEX,25000633,"V1:(No, not federally reportable)","No, not federally reportable",Roadway,At Address,"Yes, hit and run",,V1:(Collision with motor vehicle in traffic),None,"No, school bus not involved",25,"Yes, device functioning", V1:(Collision with motor vehicle in traffic),No,,,,,,,,234539.0559,907438.563,42.41669938,-71.08035475,71, AVON ST Rte E,,,,,,,,,,,1154,,,,,,Both sides,City or Town accepted road,,8,8,0,No Shoulder,25,Bituminous concrete road,0,No Shoulder,2,0,0,None,Large Urbanized Area,Local,Boston (MA-NH-RI),,Mainline roadway,One-way traffic,No Access Control,,,AVON STREET,PEARL STREET,QUINCY STREET,MALDEN,Good,Level Terrain,,,,,0,0,,,Local
5598886,MALDEN,8/25/25,Non-fatal injury,Open,1:41 PM,2025,Suspected Minor Injury (B),2,Local police,,35-44,35-44,,,01:00PM to 01:59PM,D1: (Inattention)  / D2: (No improper driving) ,D1: Not Distracted / D2: Not Distracted,Collision with motor vehicle in traffic,Yes,Daylight,Rear-end,4,,,, PW20254646237,Dry,Not at junction,MAPC,0,2,Traffic control signal,"Two-way, not divided",V1: Travelling straight ahead / V2: Slowing or stopped in traffic,V1:(Passenger car) / V2:(Passenger car),V1:(No) / V2:(No),V1:(No) / V2:(No),V1: W  / V2: W,Clear,MIDDLESEX,25000638,"V1:(No, not federally reportable) / V2:(No, not federally reportable)","No, not federally reportable",Roadway,At Address,No hit and run,,V1:(Collision with motor vehicle in traffic) / V2:(Collision with motor vehicle in traffic),None,"No, school bus not involved",30,"Yes, device functioning", V1:(Collision with motor vehicle in traffic) V2:(Collision with motor vehicle in traffic),No,,,,,,,,237279.3425,908908.4534,42.42980591,-71.04696636,800, EASTERN AV Rte W,,,,,,,,,,,15979,2020,0.558,735,0.155,176,Both sides,City or Town accepted road,,6,6,0,No Shoulder,28,Bituminous concrete road,8,Hardened bituminous mix or penetration,2,0,0,None,Large Urbanized Area,Rural minor arterial or urban principal arterial,Boston (MA-NH-RI),,Mainline roadway,Two-way traffic,No Access Control,,30,EASTERN AVENUE,MAIN STREET,LYNN STREET,MALDEN,Good,Level Terrain,,Pulled back from HPMS network estimation routine,,30,Surfaced shoulder exists – Portland Cement Concrete surface (PCC,8,,,Principal Arterial - Other
5598888,MALDEN,8/28/25,Unknown,Open,8:18 AM,2025,Not reported,1,Local police,,,,,,08:00AM to 08:59AM,,,Collision with parked motor vehicle,Yes,Unknown,"Sideswipe, same direction",4,,,, PW20254646235,Dry,Not at junction,MAPC,0,0,No controls,"Two-way, not divided",V1: Parked,V1:(Passenger car),V1:(No),V1:(No),V1: W,Unknown,MIDDLESEX,25000643,"V1:(No, not federally reportable)","No, not federally reportable",Roadside,At Address,"Yes, hit and run",,V1:(Collision with motor vehicle in traffic),None,"No, school bus not involved",25,"Yes, device functioning", V1:(Collision with motor vehicle in traffic),No,,,,,,,,236146.8888,908216.7275,42.42363196,-71.06077143,29, CLAYTON ST Rte W,,,,,,,,,,,1154,,,,,,Both sides,City or Town accepted road,,7,7,0,No Shoulder,25,Bituminous concrete road,0,No Shoulder,2,0,0,None,Large Urbanized Area,Local,Boston (MA-NH-RI),,Mainline roadway,One-way traffic,No Access Control,,,CLAYTON STREET,WARREN AVENUE,FERRY STREET,MALDEN,Fair,Level Terrain,,,,,0,0,,,Local
5598889,MALDEN,8/28/25,Non-fatal injury,Open,8:55 PM,2025,Suspected Minor Injury (B),1,Local police,,,,35-44,35-44,08:00PM to 08:59PM,D1: (Unknown) ,,Collision with pedestrian,Yes,Dark - unknown roadway lighting,Angle,4, VU2: Other, VU2: In roadway, VU2: Pedestrian, PW20254646238,Unknown,Not at junction,MAPC,0,1,Unknown,"Two-way, not divided",V1: Travelling straight ahead,V1:(Other),V1:(No),V1:(No),V1: N,Clear,MIDDLESEX,25000645,"V1:(No, not federally reportable)","No, not federally reportable",Roadway,At Address,No hit and run,,V1:(Collision with pedestrian),Unknown,"No, school bus not involved",25,Not reported, V1:(Collision with pedestrian),No, VU2:(Crossing Roadway),,,,, VU2: No, VU2: No,239124.1603,909237.2906,42.43267588,-71.02452556,505, LYNN ST Rte N,,,,,,,,,,,21023,2020,0.477,1029,0.068,126,Both sides,City or Town accepted road,,7,7,0,No Shoulder,32,Bituminous concrete road,0,No Shoulder,2,0,0,None,Large Urbanized Area,Urban collector or rural minor collector,Boston (MA-NH-RI),,Mainline roadway,Two-way traffic,No Access Control,,99,LYNN STREET,EVERETT CITY LINE,REVERE CITY LINE,MALDEN,Good,Level Terrain,,Grown from Prior Year HPMS Network,,99,0,0,,,Major Collector
5598890,MALDEN,8/30/25,Non-fatal injury,Open,7:51 AM,2025,Possible Injury (C),2,Local police,,45-54,45-54,,,07:00AM to 07:59AM,D1: (No improper driving)  / D2: (No improper driving) ,D1: Not Distracted / D2: Not Distracted,Collision with motor vehicle in traffic,Yes,Daylight,Angle,4,,,, PW20254646240,Dry,Four-way intersection,MAPC,0,3,Traffic control signal,"Two-way, not divided",V1: Travelling straight ahead / V2: Travelling straight ahead,"V1:(Light truck(van, mini-van, pickup, sport utility)) / V2:(Light truck(van, mini-van, pickup, sport utility))",V1:(No) / V2:(No),"V1:(Yes, vehicle or trailer disabled) / V2:(Yes, vehicle or trailer disabled)",V1: W  / V2: N,Clear,MIDDLESEX,25000651,"V1:(No, not federally reportable) / V2:(No, not federally reportable)","No, not federally reportable",Roadway,At Intersection,No hit and run,,V1:(Collision with motor vehicle in traffic) / V2:(Collision with motor vehicle in traffic),None,"No, school bus not involved",30,"Yes, device functioning", V1:(Collision with motor vehicle in traffic) V2:(Collision with motor vehicle in traffic),No,,,,,,,,234760.3752,907543.2502,42.417632,-71.0776595,, MEDFORD ST Rte    / PEARL ST Rte,,,,,,,,,,,18609,2020,0.477,912,0.068,111,Both sides,City or Town accepted road,,7,7,0,No Shoulder,46,Bituminous concrete road,0,No Shoulder,2,0,0,None,Large Urbanized Area,Urban minor arterial or rural major collector,Boston (MA-NH-RI),,Mainline roadway,Two-way traffic,No Access Control,,99,MEDFORD STREET,MEDFORD CITY LINE,MAIN STREET,MALDEN,Good,Level Terrain,,Grown from Prior Year HPMS Network,,99,0,0,,,Minor Arterial
5598891,MALDEN,8/29/25,Property damage only (none injured),Open,6:32 PM,2025,No Apparent Injury (O),1,Local police,,35-44,35-44,,,06:00PM to 06:59PM,D1: (No improper driving) ,D1: Not Distracted,Collision with motor vehicle in traffic,Yes,Daylight,"Sideswipe, same direction",4,,,, PW20254646242,Wet,Not at junction,MAPC,0,0,No controls,"Two-way, divided, unprotected median",V1: Travelling straight ahead,V1:(Passenger car),V1:(No),V1:(No),V1: E,Clear,MIDDLESEX,25000648,"V1:(No, not federally reportable)","No, not federally reportable",Roadway,At Address,"Yes, hit and run",,V1:(Collision with motor vehicle in traffic),Unknown,"No, school bus not involved",25,Not reported, V1:(Collision with motor vehicle in traffic),No,,,,,,,,237279.3425,908908.4534,42.42980591,-71.04696636,800, EASTERN AV Rte E,,,,,,,,,,,15979,2020,0.558,735,0.155,176,Both sides,City or Town accepted road,,6,6,0,No Shoulder,28,Bituminous concrete road,8,Hardened bituminous mix or penetration,2,0,0,None,Large Urbanized Area,Rural minor arterial or urban principal arterial,Boston (MA-NH-RI),,Mainline roadway,Two-way traffic,No Access Control,,30,EASTERN AVENUE,MAIN STREET,LYNN STREET,MALDEN,Good,Level Terrain,,Pulled back from HPMS network estimation routine,,30,Surfaced shoulder exists – Portland Cement Concrete surface (PCC,8,,,Principal Arterial - Other
5598892,MALDEN,8/29/25,Non-fatal injury,Open,7:56 AM,2025,Possible Injury (C),2,Local police,,25-34,25-34,,,07:00AM to 07:59AM,D1: (Unknown)  / D2: (Unknown) ,,Collision with motor vehicle in traffic,Yes,Daylight,Rear-end,4,,,, PW20254646241,Wet,Not at junction,MAPC,0,1,No controls,"Two-way, not divided",V1: Travelling straight ahead / V2: Travelling straight ahead,V1:(Passenger car) / V2:(Passenger car),V1:(No) / V2:(No),"V1:(Yes, vehicle or trailer disabled) / V2:(No)",V1: E  / V2: E,Rain/Cloudy,MIDDLESEX,25000647,"V1:(No, not federally reportable) / V2:(No, not federally reportable)","No, not federally reportable",Roadway,At Address,No hit and run,,V1:(Collision with motor vehicle in traffic) / V2:(Collision with motor vehicle in traffic),Unknown,"No, school bus not involved",25,Not reported, V1:(Collision with motor vehicle in traffic) V2:(Collision with motor vehicle in traffic),No,,,,,,,,237968.0762,908984.8964,42.43046086,-71.03859172,1114, EASTERN AV Rte E,,,,,,,,,,,16580,2020,0.558,762,0.155,182,Both sides,City or Town accepted road,,6,6,0,No Shoulder,24,Bituminous concrete road,0,No Shoulder,2,0,0,None,Large Urbanized Area,Rural minor arterial or urban principal arterial,Boston (MA-NH-RI),,Mainline roadway,Two-way traffic,No Access Control,,30,EASTERN AVENUE,MAIN STREET,LYNN STREET,MALDEN,Good,Level Terrain,,Pulled back from HPMS network estimation routine,,30,0,0,,,Principal Arterial - Other
5598894,MALDEN,8/26/25,Property damage only (none injured),Open,7:39 AM,2025,No Apparent Injury (O),1,Local police,,21-24,21-24,,,07:00AM to 07:59AM,D1: (Unknown) ,,Collision with motor vehicle in traffic,Yes,Daylight,Rear-end,4,,,, PW20254646244,Dry,Four-way intersection,MAPC,0,0,Traffic control signal,"Two-way, not divided",V1: Slowing or stopped in traffic,V1:(Passenger car),V1:(No),V1:(No),V1: S,Clear,MIDDLESEX,25000641,"V1:(No, not federally reportable)","No, not federally reportable",Roadway,At Intersection,No hit and run,,V1:(Collision with motor vehicle in traffic),None,"No, school bus not involved",30,"Yes, device functioning", V1:(Collision with motor vehicle in traffic),No,,,,,,,,234924.2501,907544.1252,42.41763255,-71.07566839,, COMMERCIAL ST Rte    / MEDFORD ST Rte,,,,,,,,,,,13022,2020,0.477,638,0.068,78,Both sides,City or Town accepted road,,7,7,0,No Shoulder,46,Bituminous concrete road,0,No Shoulder,4,0,0,None,Large Urbanized Area,Urban minor arterial or rural major collector,Boston (MA-NH-RI),,Mainline roadway,Two-way traffic,No Access Control,,30,COMMERCIAL STREET,PLEASANT STREET,MEDFORD CITY LINE,MALDEN,Good,Level Terrain,,Grown from Prior Year HPMS Network,,30,0,0,,,Minor Arterial
5598895,MALDEN,8/31/25,Property damage only (none injured),Open,5:57 PM,2025,No Apparent Injury (O),2,Local police,,55-64,55-64,,,05:00PM to 05:59PM,D1: (No improper driving)  / D2: (Unknown) ,D1: Not Distracted,Collision with parked motor vehicle,Yes,Daylight,"Sideswipe, same direction",4,,,, PW20254646245,Dry,Not at junction,MAPC,0,0,No controls,"Two-way, not divided",V1: Parked / V2: Travelling straight ahead,V1:(Passenger car) / V2:(Passenger car),V1:(No) / V2:(No),V1:(No) / V2:(No),V1: W  / V2: W,Clear,MIDDLESEX,25000653,"V1:(No, not federally reportable) / V2:(No, not federally reportable)","No, not federally reportable",Roadway,At Address,"Yes, hit and run",,V1:(Collision with parked motor vehicle) / V2:(Collision with parked motor vehicle),None,"No, school bus not involved",25,Not reported, V1:(Collision with parked motor vehicle) V2:(Collision with parked motor vehicle),No,,,,,,,,235717.3687,907611.3883,42.41820217,-71.06602796,9, MEDFORD ST Rte W,,,,,,,,,,,18609,2020,0.477,912,0.068,111,Both sides,City or Town accepted road,,9,9,0,No Shoulder,30,Bituminous concrete road,0,No Shoulder,2,0,0,None,Large Urbanized Area,Urban minor arterial or rural major collector,Boston (MA-NH-RI),,Mainline roadway,Two-way traffic,No Access Control,,99,MEDFORD STREET,MEDFORD CITY LINE,MAIN STREET,MALDEN,Good,Level Terrain,,Grown from Prior Year HPMS Network,,99,0,0,,,Minor Arterial
5598901,MALDEN,8/26/25,Non-fatal injury,Open,10:45 PM,2025,Possible Injury (C),2,Local police,,21-24,21-24,,,10:00PM to 10:59PM,D1: (No improper driving) ,,Collision with motor vehicle in traffic,Yes,Dark - lighted roadway,"Sideswipe, same direction",4,,,, PW20254646251,Dry,Four-way intersection,MAPC,0,3,Unknown,"Two-way, divided, unprotected median",V1: Travelling straight ahead / V2: Turning right,V1:(Passenger car) / V2:(Passenger car),V1:(No) / V2:(No),V1:(No) / V2:(No),V1: S  / V2: W,Clear,MIDDLESEX,25000642,"V1:(No, not federally reportable) / V2:(No, not federally reportable)","No, not federally reportable",Roadway,At Intersection,"Yes, hit and run",,V1:(Collision with motor vehicle in traffic) / V2:(Collision with motor vehicle in traffic),None,"No, school bus not involved",25,"Yes, device functioning", V1:(Collision with motor vehicle in traffic) V2:(Collision with motor vehicle in traffic),No,,,,,,,,235065.9532,908433.6873,42.42563451,-71.07389272,, CENTRE ST Rte W  / COMMERCIAL ST Rte S,,,,,,,,,,,14218,2020,0.558,653,0.155,156,Both sides,City or Town accepted road,,0,8,0,No Shoulder,22,Bituminous concrete road,0,No Shoulder,2,2,5,Raised Median,Large Urbanized Area,Rural minor arterial or urban principal arterial,Boston (MA-NH-RI),,Mainline roadway,Two-way traffic,No Access Control,,30,CENTRE STREET,PLEASANT STREET,EASTERN AVENUE,MALDEN,Good,Level Terrain,,Pulled back from HPMS network estimation routine,,0,0,0,,,Principal Arterial - Other
5598903,MALDEN,7/21/25,Property damage only (none injured),Open,8:28 AM,2025,No Apparent Injury (O),2,Local police,,18-20,55-64,,,08:00AM to 08:59AM,D1: (No improper driving)  / D2: (No improper driving) ,D1: Not Distracted / D2: Not Distracted,Collision with motor vehicle in traffic,Yes,Daylight,Angle,4,,,, PW20254646190,Dry,T-intersection,MAPC,0,0,Traffic control signal,"Two-way, not divided",V1: Travelling straight ahead / V2: Entering traffic lane,"V1:(Tractor/semi-trailer) / V2:(Light truck(van, mini-van, pickup, sport utility))",V1:(No) / V2:(No),V1:(No) / V2:(No),V1: S  / V2: S,Clear,MIDDLESEX,25000556,"V1:(No, not federally reportable) / V2:(No, not federally reportable)","No, not federally reportable",Roadway,Operator Designated,No hit and run,,V1:(Collision with motor vehicle in traffic) / V2:(Collision with motor vehicle in traffic),None,"No, school bus not involved",25,"Yes, device functioning", V1:(Collision with motor vehicle in traffic) V2:(Collision with motor vehicle in traffic),No,,,,,,,,235586.9902,908470.5952,42.42594317,-71.06755912,, MAIN STREET, IRVING STREET,50 feet N  of,,,,,,,,,10345,2020,0.164,213,0.01,28,Both sides,City or Town accepted road,,10,10,0,No Shoulder,48,Bituminous concrete road,0,No Shoulder,2,0,0,None,Large Urbanized Area,Rural minor arterial or urban principal arterial,Boston (MA-NH-RI),,Mainline roadway,Two-way traffic,No Access Control,,30,MAIN STREET,MELROSE CITY LINE,EVERETT CITY LINE,MALDEN,Good,Level Terrain,,Pulled back from HPMS network estimation routine,,30,0,0,,,Principal Arterial - Other
5598904,MALDEN,9/1/25,Non-fatal injury,Open,10:51 PM,2025,Suspected Minor Injury (B),5,Local police,,21-24,21-24,,,10:00PM to 10:59PM,"D1: (Operating vehicle in erratic, reckless, careless, negligent or aggressive manner) ",,Collision with motor vehicle in traffic,Yes,Dark - lighted roadway,"Sideswipe, same direction",4,,,, PW20254646252,Dry,Not at junction,MAPC,0,1,No controls,"Two-way, not divided",V1: Travelling straight ahead / V2: Parked / V3: Parked / V4: Parked / V5: Parked,"V1:(Light truck(van, mini-van, pickup, sport utility)) / V2:(Passenger car) / V3:(Passenger car) / V4:(Passenger car) / V5:(Light truck(van, mini-van, pickup, sport utility))",V1:(No) / V2:(No) / V3:(No) / V4:(No) / V5:(No),"V1:(Yes, vehicle or trailer disabled) / V2:(No) / V3:(No) / V4:(No) / V5:(No)",V1: S  / V2: N  / V3: S  / V4: S  / V5: S,Clear/Clear,MIDDLESEX,25000654,"V1:(No, not federally reportable) / V2:(No, not federally reportable) / V3:(No, not federally reportable) / V4:(No, not federally reportable) / V5:(No, not federally reportable)","No, not federally reportable",Roadway,At Intersection,No hit and run,,V1:(Collision with motor vehicle in traffic) / V2:(Collision with motor vehicle in traffic) / V3:(Collision with motor vehicle in traffic) / V4:(Collision with motor vehicle in traffic) / V5:(Collision with motor vehicle in traffic),None,"No, school bus not involved",20,Not reported, V1:(Collision with motor vehicle in traffic) V2:(Collision with motor vehicle in traffic) V3:(Collision with motor vehicle in traffic) V4:(Collision with motor vehicle in traffic) V5:(Collision with motor vehicle in traffic),No,,,,,,,,236023.5939,907783.5625,42.41973809,-71.0622966,, TUFTS STREET / CROSS STREET,,,,,,,,,,,1154,,,,,,Both sides,City or Town accepted road,,7,7,0,No Shoulder,25,Surface-treated road,0,No Shoulder,2,0,0,None,Large Urbanized Area,Local,Boston (MA-NH-RI),,Mainline roadway,Two-way traffic,No Access Control,,,TUFTS STREET,CROSS STREET,LOWELL STREET,MALDEN,Good,Rolling Terrain,,,,,0,0,,,Local
5598905,MALDEN,8/8/25,Property damage only (none injured),Open,2:04 PM,2025,No Apparent Injury (O),1,Local police,,35-44,35-44,21-24,21-24,02:00PM to 02:59PM,D1: (No improper driving) ,,Collision with pedestrian,Yes,Daylight,Angle,4, VU2: None, VU2: In roadway, VU2: Pedestrian, PW20254646209,Dry,Not at junction,MAPC,0,0,No controls,"One-way, not divided",V1: Backing,"V1:(Light truck(van, mini-van, pickup, sport utility))",V1:(No),V1:(No),V1: N,Clear,MIDDLESEX,25000604,"V1:(No, not federally reportable)","No, not federally reportable",Roadway,At Address,No hit and run,,V1:(Collision with pedestrian),None,"No, school bus not involved",25,Not reported, V1:(Collision with pedestrian),No, VU2:(Approaching or leaving vehicle), VU2:(Not Distracted), VU2: None, VU2: Going to or from a Delivery Vehicle, VU2:(None),,,236601.0711,908732.3703,42.42825286,-71.05521999,91, FAULKNER ST Rte S,,,,,,,,,,,1154,,,,,,Both sides,City or Town accepted road,,7,7,0,No Shoulder,24,Bituminous concrete road,0,No Shoulder,2,0,0,None,Large Urbanized Area,Local,Boston (MA-NH-RI),,Mainline roadway,One-way traffic,No Access Control,,,FAULKNER STREET,CROSS STREET,SALEM STREET,MALDEN,Good,Level Terrain,,,,,0,0,,,Local
5598906,MALDEN,8/11/25,Unknown,Open,8:11 PM,2025,Not reported,2,Local police,,,,,,08:00PM to 08:59PM,,,Collision with parked motor vehicle,Yes,Unknown,Unknown,4,,,, PW20254646217,Unknown,Not at junction,MAPC,0,0,No controls,Unknown,V1: Parked / V2: Unknown,"V1:(Light truck(van, mini-van, pickup, sport utility)) / V2:(Passenger car)",V1:(No) / V2:(No),V1:(No) / V2:(No),V1: U  / V2: U,Unknown,MIDDLESEX,25000613,"V1:(No, not federally reportable) / V2:(No, not federally reportable)","No, not federally reportable",Unknown,At Address,"Yes, hit and run",,V1:(Unknown) / V2:(Collision with parked motor vehicle),Unknown,"No, school bus not involved",25,Not reported,,No,,,,,,,,237689.2123,908422.9158,42.42541515,-71.04201723,60, BROADWAY Rte 6,,,,,,,,,,,20559,2020,0.33,801,0.105,224,Both sides,City or Town accepted road,,6,6,0,No Shoulder,46,Bituminous concrete road,0,No Shoulder,4,0,0,None,Large Urbanized Area,Rural minor arterial or urban principal arterial,Boston (MA-NH-RI),,Mainline roadway,Two-way traffic,No Access Control,,35,BROADWAY,EVERETT CITY LINE,MELROSE CITY LINE,MALDEN,Good,Level Terrain,,Grown from Prior Year HPMS Network,,35,0,0,,,Principal Arterial - Other
5598907,MALDEN,8/21/25,Property damage only (none injured),Open,7:24 AM,2025,No Apparent Injury (O),2,Local police,,21-24,25-34,,,07:00AM to 07:59AM,D1: (No improper driving)  / D2: (Inattention) ,D1: Not Distracted,Collision with motor vehicle in traffic,Yes,Daylight,Angle,4,,,, PW20254646221,Dry,T-intersection,MAPC,0,0,No controls,"Two-way, not divided",V1: Travelling straight ahead / V2: Entering traffic lane,"V1:(Light truck(van, mini-van, pickup, sport utility)) / V2:(Passenger car)",V1:(No) / V2:(No),V1:(No) / V2:(No),V1: N  / V2: E,Clear,MIDDLESEX,25000629,"V1:(No, not federally reportable) / V2:(No, not federally reportable)","No, not federally reportable",Roadway,At Intersection,"Yes, hit and run",,V1:(Collision with motor vehicle in traffic) / V2:(Collision with motor vehicle in traffic),None,"No, school bus not involved",30,"Yes, device functioning", V1:(Collision with motor vehicle in traffic) V2:(Collision with motor vehicle in traffic),No,,,,,,,,235811.6096,907680.4375,42.41881946,-71.06487865,, CROSS ST Rte S  / GREENWOOD CT Rte E,,,,,,,,,,,3581,2020,,,,,Both sides,City or Town accepted road,,9,9,0,No Shoulder,42,Bituminous concrete road,0,No Shoulder,2,0,0,None,Large Urbanized Area,Urban collector or rural minor collector,Boston (MA-NH-RI),,Mainline roadway,Two-way traffic,No Access Control,,99,CROSS STREET,MAIN STREET,BRYANT STREET,MALDEN,Good,Level Terrain,,Pulled back from HPMS network estimation routine,,99,0,0,,,Major Collector
5599189,MALDEN,11/8/25,Non-fatal injury,Open,6:29 AM,2025,Suspected Minor Injury (B),2,State police,A,25-34,55-64,,,06:00AM to 06:59AM,D1: (Followed too closely)  / D2: (No improper driving) ,D2: Not Distracted,Collision with motor vehicle in traffic,Yes,Daylight,Rear-end,4,,,, PW20254646560,Wet,Not at junction,MAPC,0,1,No controls,"Two-way, divided, positive median barrier",V1: Travelling straight ahead / V2: Slowing or stopped in traffic,"V1:(Passenger car) / V2:(Light truck(van, mini-van, pickup, sport utility))",V1:(No) / V2:(No),"V1:(Yes, vehicle or trailer disabled) / V2:(Yes, other reason not disabled)",V1: S  / V2: S,Rain/Rain,SUFFOLK, 2025-ATrp-10730,"V1:(No, not federally reportable) / V2:(No, not federally reportable)","No, not federally reportable",Roadway,Operator Designated,No hit and run,,V1:(Collision with motor vehicle in traffic) / V2:(Collision with motor vehicle in traffic),"Road surface condition (wet, icy, snow, slush, etc.)","No, school bus not involved",50,Not reported," V1:(Collision with motor vehicle in traffic),(Collision with median barrier) V2:(Collision with motor vehicle in traffic)",No,,,,,,,,238829.0087,910021.8277,42.43975341,-71.0280597,, BENNETT HIGHWAY Rte US1 S, RAMP-RT 1 SB TO SALEM ST (LYNN ST),1600 feet W  of,,,,,,,,,77794,2014,0.269,3357,0.08,2748,Right side only,Massachusetts Department of Transportation,,0,0,2,Hardened bituminous mix or penetration,24,Bituminous concrete road,10,Hardened bituminous mix or penetration,2,2,4,Positive Barrier – rigid,Large Urbanized Area,Rural or urban principal arterial,Boston (MA-NH-RI),,Mainline roadway,Two-way traffic,Full Access Control,2,50,BENNETT HIGHWAY,,RAMP-RT 1 SB TO SALEM ST (LYNN ST),MALDEN,Deficient,Level Terrain,,Grown,8006,0,0,0,,,Principal Arterial - Other Freeways or Expressways