Crash Number,City Town Name,Crash Date,Crash Severity,Crash Status,Crash Time,Crash Year,Max Injury Severity Reported,Number of Vehicles,Police Agency Type,State Police Troop,Age of Driver - Youngest Known,Age of Driver - Oldest Known,Age of Vulnerable User - Youngest Known,Age of Vulnerable User - Oldest Known,Crash Hour,Driver Contributing Circumstances (All Drivers),Driver Distracted By (All Vehicles),First Harmful Event,Is Geocoded,Light Conditions,Manner of Collision,MassDOT District,Vulnerable User Action (All Persons),Vulnerable User Location (All Persons),Vulnerable User Type (All Persons),RMV Document Numbers,Road Surface Condition,Roadway Junction Type,RPA Abbreviation,Total Fatalities,Total Non-Fatal Injuries,Traffic Control Device Type,Trafficway Description,Vehicle Actions Prior to Crash (All Vehicles),Vehicle Configuration (All Vehicles),Vehicle Emergency Use (All Vehicles),Vehicle Towed From Scene (All Vehicles),Vehicle Travel Directions (All Vehicles),Weather Conditions,County Name,Crash Report IDs,FMCSA Reportable (All Vehicles),FMCSA Reportable (Crash),First Harmful Event Location,Geocoding Method,Hit and Run,Locality,Most Harmful Event (All Vehicles),Road Contributing Circumstance,School Bus Related,Speed Limit,Traffic Control Device Function,Vehicle Sequence of Events (All Vehicles),Work Zone Related,Vulnerable User Sequence of Events (All Persons),Vulnerable User Distracted By (All Persons),Vulnerable User Traffic Control Type (All persons),Vulnerable User Origin Destination (All Persons),Vulnerable User Contributing Circumstances (All Persons),Vulnerable User Alcohol Suspected Type (All Persons),Vulnerable User Drug Suspected Type (All Persons),X,Y,Latitude,Longitude,Street Number,Roadway,Near Intersection Roadway,Distance and Direction From Intersection,Milemarker,Milemarker Route,Distance and Direction From Milemarker,Exit Number,Exit Route,Distance and Direction From Exit,Landmark,Distance and Direction From Landmark,AADT-linked RD,AADT Year-linked RD,Peak % Single Unit Trucks-linked RD,Single-Unit Truck and Bus AADT-linked RD,Peak % Combo Trucks-linked RD,Combination Truck AADT-linked RD,Curb-linked RD-linked RD,Jurisdiction-linked RD,Truck Route-linked RD,Left Sidewalk Width-linked RD,Right Sidewalk Width-linked RD,Left Shoulder Width-linked RD,Left Shoulder Type-linked RD,Surface Width-linked RD,Surface Type-linked RD,Right Shoulder Width-linked RD,Right Shoulder Type-linked RD,Number of Travel Lanes-linked RD,Number of Opposing Travel Lanes-linked RD,Median Width-linked RD,Median Type-linked RD,Urban Type-linked RD,Functional Classification-linked RD,Urbanized Area-linked RD,Federal Aid Route Number-linked RD,Facility Type-linked RD,Street Operation-linked RD,Access Control-linked RD,Number of Peak Hour Lanes-linked RD,Speed Limit-linked RD,Street Name-linked RD,From Street Name-linked RD,To Street Name-linked RD,City-linked RD-linked RD,Structural Condition-linked RD,Terrain-linked RD,Urban Location Type-linked RD,AADT Derivation-linked RD,AADT Station Number-linked RD,Opposing Direction Speed Limit-linked RD,Undivided Left Shoulder Type-linked RD,Undivided Left Shoulder Width-linked RD,Truck Exclusion Type-linked RD,Truck Exclusion Time-linked RD,Federal Functional Classification-linked RD
5599712,MALDEN,9/2/25,Property damage only (none injured),Open,4:16 PM,2025,No Apparent Injury (O),2,Local police,,45-54,45-54,,,04:00PM to 04:59PM,D1: (Unknown)  / D2: (Unknown) ,,Collision with motor vehicle in traffic,Yes,Daylight,Angle,4,,,, PW20254647125,Dry,Four-way intersection,MAPC,0,0,Traffic control signal,"Two-way, divided, unprotected median",V1: Travelling straight ahead / V2: Travelling straight ahead,V1:(Passenger car) / V2:(Passenger car),V1:(No) / V2:(No),V1:(No) / V2:(No),V1: N  / V2: E,Clear,MIDDLESEX,25000657,"V1:(No, not federally reportable) / V2:(No, not federally reportable)","No, not federally reportable",Roadway,At Intersection,No hit and run,,V1:(Collision with motor vehicle in traffic) / V2:(Collision with motor vehicle in traffic),Unknown,"No, school bus not involved",25,"Yes, device functioning", V1:(Collision with motor vehicle in traffic) V2:(Collision with motor vehicle in traffic),No,,,,,,,,235436.7872,907608.9951,42.41819342,-71.06943716,, MADISON ST Rte N  / MEDFORD ST Rte E,,,,,,,,,,,3581,2020,,,,,Both sides,City or Town accepted road,,7,7,0,No Shoulder,30,Bituminous concrete road,0,No Shoulder,2,0,0,None,Large Urbanized Area,Urban collector or rural minor collector,Boston (MA-NH-RI),,Mainline roadway,Two-way traffic,No Access Control,,99,MADISON STREET,BELL ROCK STREET,MAIN STREET,MALDEN,Good,Level Terrain,,Pulled back from HPMS network estimation routine,,99,0,0,,,Major Collector
5599715,MALDEN,9/2/25,Property damage only (none injured),Open,6:51 AM,2025,No Apparent Injury (O),2,Local police,,21-24,65-74,,,06:00AM to 06:59AM,"D1: (No improper driving)  / D2: (Disregarded traffic signs, signals, road markings),(Inattention) ",D1: Not Distracted,Collision with motor vehicle in traffic,Yes,Daylight,Angle,4,,,, PW20254647127,Dry,Four-way intersection,MAPC,0,0,Traffic control signal,"Two-way, not divided",V1: Travelling straight ahead / V2: Travelling straight ahead,"V1:(Light truck(van, mini-van, pickup, sport utility)) / V2:(Light truck(van, mini-van, pickup, sport utility))",V1:(No) / V2:(No),"V1:(No) / V2:(Yes, vehicle or trailer disabled)",V1: S  / V2: E,Clear,MIDDLESEX,25000658,"V1:(No, not federally reportable) / V2:(No, not federally reportable)","No, not federally reportable",Roadway,At Intersection,No hit and run,,V1:(Collision with motor vehicle in traffic) / V2:(Collision with motor vehicle in traffic),None,"No, school bus not involved",25,"Yes, device functioning", V1:(Collision with motor vehicle in traffic) V2:(Collision with motor vehicle in traffic),No,,,,,,,,234760.3752,907543.2502,42.417632,-71.0776595,, MEDFORD ST Rte E  / PEARL ST Rte S,,,,,,,,,,,18609,2020,0.477,912,0.068,111,Both sides,City or Town accepted road,,7,7,0,No Shoulder,46,Bituminous concrete road,0,No Shoulder,2,0,0,None,Large Urbanized Area,Urban minor arterial or rural major collector,Boston (MA-NH-RI),,Mainline roadway,Two-way traffic,No Access Control,,99,MEDFORD STREET,MEDFORD CITY LINE,MAIN STREET,MALDEN,Good,Level Terrain,,Grown from Prior Year HPMS Network,,99,0,0,,,Minor Arterial
5599716,MALDEN,9/5/25,Unknown,Open,3:53 PM,2025,Unknown,1,Local police,,,,,,03:00PM to 03:59PM,D1: (Unknown) ,,Unknown,Yes,Unknown,Unknown,4,,,, PW20254647129,Unknown,Not at junction,MAPC,0,0,No controls,"Two-way, not divided",V1: Unknown,V1:(Other),V1:(No),V1:(No),V1: U,Unknown,MIDDLESEX,25000663,"V1:(No, not federally reportable)","No, not federally reportable",Unknown,At Address,"Yes, hit and run",,V1:(Unknown),Unknown,"No, school bus not involved",25,"No, device not functioning",,No,,,,,,,,237051.0747,909148.0857,42.43197409,-71.04972494,539, SALEM ST Rte 6,,,,,,,,,,,13514,2020,0.477,661,0.068,81,Both sides,City or Town accepted road,,9,9,0,No Shoulder,40,Bituminous concrete road,0,No Shoulder,2,0,0,None,Large Urbanized Area,Urban minor arterial or rural major collector,Boston (MA-NH-RI),,Mainline roadway,Two-way traffic,No Access Control,,30,SALEM STREET,MAIN STREET ,,MALDEN,Good,Level Terrain,,Grown from Prior Year HPMS Network,,30,0,0,,,Minor Arterial
5599717,MALDEN,9/7/25,Unknown,Open,7:01 AM,2025,Not reported,2,Local police,,,,,,07:00AM to 07:59AM,,,Collision with parked motor vehicle,Yes,Dark - lighted roadway,"Sideswipe, same direction",4,,,, PW20254647128,Dry,Not at junction,MAPC,0,0,No controls,"Two-way, not divided",V1: Parked / V2: Travelling straight ahead,V1:(Passenger car) / V2:(Other),V1:(No) / V2:(No),V1:(No) / V2:(No),V1: S  / V2: S,Cloudy,MIDDLESEX,25000667,"V1:(No, not federally reportable) / V2:(No, not federally reportable)","No, not federally reportable",Roadway,At Address,"Yes, hit and run",,V1:(Collision with parked motor vehicle) / V2:(Collision with parked motor vehicle),None,"No, school bus not involved",25,Not reported, V1:(Collision with parked motor vehicle) V2:(Collision with parked motor vehicle),No,,,,,,,,236264.7233,907487.9789,42.41706591,-71.05938537,50, BOSTON Rte S,,,,,,,,,,,1154,,,,,,Both sides,City or Town accepted road,,7,7,0,No Shoulder,25,Bituminous concrete road,0,No Shoulder,2,0,0,None,Large Urbanized Area,Local,Boston (MA-NH-RI),,Mainline roadway,Two-way traffic,No Access Control,,,BOSTON STREET,LOWELL STREET,BELMONT STREET,MALDEN,Good,Level Terrain,,,,,0,0,,,Local
5599718,MALDEN,9/8/25,Property damage only (none injured),Open,8:29 AM,2025,No Apparent Injury (O),2,Local police,,21-24,25-34,,,08:00AM to 08:59AM,D1: (No improper driving)  / D2: (No improper driving) ,D1: Not Distracted / D2: Not Distracted,Collision with parked motor vehicle,Yes,Daylight,"Sideswipe, opposite direction",4,,,, PW20254647130,Dry,Not at junction,MAPC,0,0,No controls,"Two-way, not divided",V1: Parked / V2: Travelling straight ahead,"V1:(Tractor/semi-trailer) / V2:(Light truck(van, mini-van, pickup, sport utility))",V1:(No) / V2:(No),V1:(No) / V2:(No),V1: N  / V2: S,Clear,MIDDLESEX,25000668,"V1:(No, not federally reportable) / V2:(No, not federally reportable)","No, not federally reportable",Roadway,At Address,No hit and run,,V1:(Collision with motor vehicle in traffic) / V2:(Collision with parked motor vehicle),None,"No, school bus not involved",25,"Yes, device functioning", V1:(Collision with motor vehicle in traffic) V2:(Collision with parked motor vehicle),No,,,,,,,,234833.9558,908126.2683,42.42287736,-71.07673035,157, PEARL ST Rte S,,,,,,,,,,,2754,2020,0.21,133,0,17,Both sides,City or Town accepted road,,8,8,0,No Shoulder,24,Bituminous concrete road,0,No Shoulder,2,0,0,None,Large Urbanized Area,Urban collector or rural minor collector,Boston (MA-NH-RI),,Mainline roadway,Two-way traffic,No Access Control,,99,PEARL STREET,EVERETT CITY LINE,PLEASANT STREET,MALDEN,Good,Level Terrain,,Grown from Prior Year HPMS Network,,99,0,0,,,Major Collector
5599719,MALDEN,9/8/25,Non-fatal injury,Open,12:46 PM,2025,Suspected Minor Injury (B),1,Local police,,35-44,35-44,25-34,25-34,12:00PM to 12:59PM,"D1: (Unknown),(Unknown) ",,Collision with pedestrian,Yes,Daylight,Head-on,4, VU2: Entering or crossing location, VU2: Marked crosswalk at intersection (includes use of paint raised or other roadway material), VU2: Motorized Scooter Rider, PW20254647131,Dry,T-intersection,MAPC,0,1,Traffic control signal,"Two-way, not divided",V1: Turning left,V1:(Passenger car),V1:(No),V1:(No),V1: N,Clear/Clear,MIDDLESEX,25000669,"V1:(No, not federally reportable)","No, not federally reportable",Roadway,At Intersection,No hit and run,,V1:(Collision with pedestrian),None,"No, school bus not involved",25,"Yes, device functioning", V1:(Collision with pedestrian),No, VU2:(Traveling straight ahead),,,, VU2:(None), VU2: No, VU2: No,235619.9531,908753.25,42.42848627,-71.06714115,, FLORENCE ST Rte E  / MAIN ST Rte N,,,,,,,,,,,2640,2020,0.21,128,0,16,Both sides,City or Town accepted road,,0,10,0,No Shoulder,64,Bituminous concrete road,0,No Shoulder,2,2,5,Raised Median,Large Urbanized Area,Urban collector or rural minor collector,Boston (MA-NH-RI),,Mainline roadway,Two-way traffic,No Access Control,,99,FLORENCE STREET,PLEASANT STREET,MAIN STREET,MALDEN,Good,Level Terrain,,Grown from Prior Year HPMS Network,,99,0,0,,,Major Collector
5599720,MALDEN,9/11/25,Unknown,Open,12:29 PM,2025,Not reported,1,Local police,,,,,,12:00PM to 12:59PM,,,Collision with parked motor vehicle,Yes,Dark - unknown roadway lighting,Unknown,4,,,, PW20254647132,Dry,Not at junction,MAPC,0,0,No controls,"Two-way, not divided",V1: Parked,V1:(Passenger car),V1:(No),V1:(No),V1: Not Reported,Clear,MIDDLESEX,25000672,"V1:(No, not federally reportable)","No, not federally reportable",Shoulder - paved,At Address,"Yes, hit and run",,V1:(Collision with motor vehicle in traffic),None,"No, school bus not involved",10,"No, device not functioning", V1:(Collision with motor vehicle in traffic),No,,,,,,,,239161.7054,909880.4791,42.43846428,-71.02402567,27, VINING STREET, SALEM STREET,300 feet N  of,,,,,,,,,1154,,,,,,Both sides,City or Town accepted road,,0,6,0,No Shoulder,25,Surface-treated road,0,No Shoulder,2,0,0,None,Large Urbanized Area,Local,Boston (MA-NH-RI),,Mainline roadway,Two-way traffic,No Access Control,,,VINING STREET,SALEM STREET,DEAD END,MALDEN,Good,Mountainous Terrain,,,,,0,0,,,Local
5599721,MALDEN,9/14/25,Non-fatal injury,Open,8:48 AM,2025,Possible Injury (C),2,Local police,,45-54,45-54,,,08:00AM to 08:59AM,"D1: (Swerving or avoiding due to wind, slippery surface, vehicle, object, vulnerable user in roadway) ",D1: Not Distracted,Collision with parked motor vehicle,Yes,Daylight,Head-on,4,,,, PW20254647133,Dry,Not at junction,MAPC,0,1,No controls,"Two-way, divided, unprotected median",V1: Travelling straight ahead / V2: Parked,V1:(Passenger car) / V2:(Passenger car),V1:(No) / V2:(No),"V1:(Yes, vehicle or trailer disabled) / V2:(No)",V1: N  / V2: S,Clear,MIDDLESEX,25000681,"V1:(No, not federally reportable) / V2:(No, not federally reportable)","No, not federally reportable",Roadway,Operator Designated,No hit and run,,V1:(Collision with parked motor vehicle) / V2:(Collision with motor vehicle in traffic),None,"No, school bus not involved",25,"Yes, device functioning", V1:(Collision with parked motor vehicle) V2:(Collision with motor vehicle in traffic),No,,,,,,,,235846.2574,907956.3972,42.42130221,-71.06444056,, HIGH STREET, NEWHALL STREET,100 feet S  of,,,,,,,,,2824,2020,0.21,137,0,17,Both sides,City or Town accepted road,,9,9,0,No Shoulder,30,Bituminous concrete road,0,No Shoulder,2,0,0,None,Large Urbanized Area,Urban collector or rural minor collector,Boston (MA-NH-RI),,Mainline roadway,Two-way traffic,No Access Control,,99,HIGH STREET,CROSS STREET,FERRY STREET,MALDEN,Fair,Level Terrain,,Grown from Prior Year HPMS Network,,99,0,0,,,Major Collector
5599722,MALDEN,9/11/25,Non-fatal injury,Open,3:56 PM,2025,Suspected Minor Injury (B),1,Local police,,45-54,45-54,35-44,35-44,03:00PM to 03:59PM,D1: (Unknown) ,,Collision with parked motor vehicle,Yes,Daylight,Angle,4," VU2: Walking, running or cycling", VU2: In roadway, VU2: Motorized Bicyclist, PW20254647135,Dry,T-intersection,MAPC,0,1,No controls,"Two-way, divided, unprotected median",V1: Parked,"V1:(Light truck(van, mini-van, pickup, sport utility))",V1:(No),V1:(No),V1: N,Clear,MIDDLESEX,25000673,"V1:(No, not federally reportable)","No, not federally reportable",Roadway,At Intersection,No hit and run,,"V1:(Collision with cyclist (bicycle, tricycle, unicycle, pedal car))",None,"No, school bus not involved",25,Not reported, V1:(Collision with cyclist),No," VU2:(Walking/Cycling Along Roadway with Traffic (In or Adjacent to Travel Lane)),(Collision with door opening of parked car - Front left)",, VU2: None, VU2: Going to or from Transit,, VU2: No, VU2: No,235597.5936,908915.4373,42.42994739,-71.06740286,, BARRETT LN Rte    / MAIN ST Rte,,,,,,,,,,,1154,,,,,,None,Unaccepted by city or town,,0,0,0,No Shoulder,8,Gravel or stone road,0,No Shoulder,1,0,0,None,Large Urbanized Area,Local,Boston (MA-NH-RI),,Mainline roadway,Two-way traffic,No Access Control,,,BARRETT LANE,HUDSON STREET,MAIN STREET ,MALDEN,Deficient,Level Terrain,,,,,0,0,,,Local
5599723,MALDEN,9/2/25,Unknown,Open,12:17 PM,2025,Not reported,1,Local police,,,,,,12:00PM to 12:59PM,,,Collision with utility pole,Yes,Daylight,Single vehicle crash,4,,,, PW20254647134,Dry,Four-way intersection,MAPC,0,0,Stop signs,"Two-way, not divided",V1: Backing,V1:(Single-unit truck (3-or-more axles)),V1:(No),V1:(No),V1: S,Clear,MIDDLESEX,25000656,"V1:(No, not federally reportable)","No, not federally reportable",Roadway,At Intersection,"Yes, hit and run",,V1:(Collision with utility pole),None,"No, school bus not involved",25,"Yes, device functioning", V1:(Collision with utility pole),No,,,,,,,,237055.1408,909038.0623,42.43098341,-71.04968258,, BRANCH ST Rte S  / WAITE ST EXT Rte W,,,,,,,,,,,1154,,,,,,Both sides,City or Town accepted road,,6,6,0,No Shoulder,26,Bituminous concrete road,0,No Shoulder,2,0,0,None,Large Urbanized Area,Local,Boston (MA-NH-RI),,Mainline roadway,Two-way traffic,No Access Control,,,BRANCH STREET,SALEM STREET,DEAD END,MALDEN,Good,Level Terrain,,,,,0,0,,,Local
5599725,MALDEN,9/3/25,Non-fatal injury,Open,10:06 AM,2025,Suspected Minor Injury (B),2,Local police,,35-44,65-74,,,10:00AM to 10:59AM,"D1: (No improper driving)  / D2: (Disregarded traffic signs, signals, road markings),(Failed to yield right of way) ",,Collision with motor vehicle in traffic,Yes,Daylight,Angle,4,,,, PW20254647138,Dry,Four-way intersection,MAPC,0,1,Stop signs,"Two-way, divided, unprotected median",V1: Travelling straight ahead / V2: Travelling straight ahead,"V1:(Passenger car) / V2:(Light truck(van, mini-van, pickup, sport utility))",V1:(No) / V2:(No),"V1:(Yes, vehicle or trailer disabled) / V2:(No)",V1: E  / V2: S,Clear,MIDDLESEX,25000660,"V1:(No, not federally reportable) / V2:(No, not federally reportable)","No, not federally reportable",Roadway,At Intersection,No hit and run,,V1:(Collision with motor vehicle in traffic) / V2:(Collision with motor vehicle in traffic),None,"No, school bus not involved",25,"Yes, device functioning", V1:(Collision with motor vehicle in traffic) V2:(Collision with motor vehicle in traffic),No,,,,,,,,236253.6251,908595.0622,42.42703297,-71.05945074,, EASTERN AV Rte    / FRANKLIN ST Rte,,,,,,,,,,,15154,2020,0.558,698,0.155,167,Both sides,City or Town accepted road,,6,6,0,No Shoulder,28,Bituminous concrete road,8,Hardened bituminous mix or penetration,2,0,0,None,Large Urbanized Area,Rural minor arterial or urban principal arterial,Boston (MA-NH-RI),,Mainline roadway,Two-way traffic,No Access Control,,30,EASTERN AVENUE,MAIN STREET,LYNN STREET,MALDEN,Good,Level Terrain,,Pulled back from HPMS network estimation routine,,30,Surfaced shoulder exists – Portland Cement Concrete surface (PCC,8,,,Principal Arterial - Other
5599726,MALDEN,9/12/25,Property damage only (none injured),Open,3:39 PM,2025,No Apparent Injury (O),2,Local police,,55-64,75-84,,,03:00PM to 03:59PM,D1: (No improper driving)  / D2: (No improper driving) ,D1: Not Distracted / D2: Not Distracted,Collision with parked motor vehicle,Yes,Daylight,"Sideswipe, same direction",4,,,, PW20254647143,Dry,Not at junction,MAPC,0,0,No controls,"Two-way, divided, unprotected median",V1: Parked / V2: Travelling straight ahead,V1:(Passenger car) / V2:(Passenger car),V1:(No) / V2:(No),V1:(No) / V2:(No),V1: S  / V2: S,Clear,MIDDLESEX,25000677,"V1:(No, not federally reportable) / V2:(No, not federally reportable)","No, not federally reportable",Roadway,At Address,No hit and run,,V1:(Collision with parked motor vehicle) / V2:(Collision with parked motor vehicle),None,"No, school bus not involved",25,Not reported, V1:(Collision with parked motor vehicle) V2:(Collision with parked motor vehicle),No,,,,,,,,235555.1789,909256.1847,42.43301691,-71.06789732,746, MAIN ST Rte S,,,,,,,,,,,10345,2020,0.164,213,0.01,28,Both sides,City or Town accepted road,,10,10,0,No Shoulder,26,Bituminous concrete road,0,No Shoulder,2,0,0,None,Large Urbanized Area,Rural minor arterial or urban principal arterial,Boston (MA-NH-RI),,Mainline roadway,Two-way traffic,No Access Control,,30,MAIN STREET,MELROSE CITY LINE,EVERETT CITY LINE,MALDEN,Good,Level Terrain,,Pulled back from HPMS network estimation routine,,30,0,0,,,Principal Arterial - Other
5599727,MALDEN,9/2/25,Property damage only (none injured),Open,8:19 AM,2025,No Apparent Injury (O),2,Local police,,25-34,55-64,,,08:00AM to 08:59AM,D1: (No improper driving)  / D2: (No improper driving) ,D1: Not Distracted / D2: Not Distracted,Collision with motor vehicle in traffic,Yes,Daylight,"Sideswipe, same direction",4,,,, PW20254647139,Dry,Four-way intersection,MAPC,0,0,Traffic control signal,"Two-way, not divided",V1: Turning left / V2: Turning left,V1:(Truck tractor (bobtail)) / V2:(Passenger car),V1:(No) / V2:(No),V1:(No) / V2:(No),V1: W  / V2: W,Clear,MIDDLESEX,25000655,"V1:(No, not federally reportable) / V2:(No, not federally reportable)","No, not federally reportable",Roadway,At Intersection,No hit and run,,V1:(Collision with motor vehicle in traffic) / V2:(Collision with motor vehicle in traffic),None,"No, school bus not involved",25,"Yes, device functioning", V1:(Collision with motor vehicle in traffic) V2:(Collision with motor vehicle in traffic),No,,,,,,,,234578.0935,907544.1252,42.41764798,-71.07987414,, MEDFORD ST Rte    / HIGHLAND AVE Rte,,,,,,,,,,,18609,2020,0.477,912,0.068,111,Both sides,City or Town accepted road,,7,7,0,No Shoulder,46,Bituminous concrete road,0,No Shoulder,2,0,0,None,Large Urbanized Area,Urban minor arterial or rural major collector,Boston (MA-NH-RI),,Mainline roadway,Two-way traffic,No Access Control,,99,MEDFORD STREET,MEDFORD CITY LINE,MAIN STREET,MALDEN,Good,Level Terrain,,Grown from Prior Year HPMS Network,,99,0,0,,,Minor Arterial
5599728,MALDEN,9/14/25,Non-fatal injury,Open,9:05 PM,2025,Suspected Minor Injury (B),1,Local police,,25-34,25-34,21-24,21-24,09:00PM to 09:59PM,D1: (Unknown) ,,Collision with pedestrian,Yes,Dark - lighted roadway,Single vehicle crash,4, VU2: Entering or crossing location, VU2: Marked crosswalk at intersection (includes use of paint raised or other roadway material), VU2: Pedestrian, PW20254647141,Dry,Four-way intersection,MAPC,0,1,Traffic control signal,"Two-way, not divided",V1: Turning right,V1:(Passenger car),V1:(No),V1:(No),V1: N,Clear,MIDDLESEX,25000684,"V1:(No, not federally reportable)","No, not federally reportable",Roadway,At Address,No hit and run,,V1:(Collision with pedestrian),None,"No, school bus not involved",25,"Yes, device functioning", V1:(Collision with pedestrian),No," VU2:(Crossing Roadway),(Collision with motor vehicle in transport)",, VU2: None, VU2: Other, VU2:(None), VU2: No, VU2: No,235594.6845,908222.1283,42.42370599,-71.06748094,259, MAIN ST Rte N,,,,,,,,,,,10345,2020,0.164,213,0.01,28,Both sides,City or Town accepted road,,10,10,0,No Shoulder,48,Bituminous concrete road,0,No Shoulder,2,0,0,None,Large Urbanized Area,Rural minor arterial or urban principal arterial,Boston (MA-NH-RI),,Mainline roadway,Two-way traffic,No Access Control,,30,MAIN STREET,MELROSE CITY LINE,EVERETT CITY LINE,MALDEN,Good,Level Terrain,,Pulled back from HPMS network estimation routine,,30,0,0,,,Principal Arterial - Other
5599729,MALDEN,9/22/25,Non-fatal injury,Open,7:42 AM,2025,Suspected Minor Injury (B),2,Local police,,25-34,35-44,,,07:00AM to 07:59AM,"D1: (No improper driving),(No improper driving)  / D2: (No improper driving),(No improper driving) ",D1: Not Distracted / D2: Not Distracted,Collision with motor vehicle in traffic,Yes,Daylight,Rear-end,4,,,, PW20254647145,Dry,Not at junction,MAPC,0,1,No controls,"Two-way, not divided",V1: Slowing or stopped in traffic / V2: Slowing or stopped in traffic,"V1:(Light truck(van, mini-van, pickup, sport utility)) / V2:(Light truck(van, mini-van, pickup, sport utility))",V1:(No) / V2:(No),V1:(No) / V2:(No),V1: W  / V2: W,Clear/Clear,MIDDLESEX,25000696,"V1:(No, not federally reportable) / V2:(No, not federally reportable)","No, not federally reportable",Roadway,At Address,No hit and run,,V1:(Collision with motor vehicle in traffic) / V2:(Collision with motor vehicle in traffic),None,"No, school bus not involved",20,Not reported, V1:(Collision with motor vehicle in traffic) V2:(Collision with motor vehicle in traffic),No,,,,,,,,238573.8548,909455.6779,42.43466933,-71.03119868,1, BEACH Rte W,,,,,,,,,,,10743,2020,0.477,527,0.068,64,Both sides,City or Town accepted road,,9,9,0,No Shoulder,40,Bituminous concrete road,0,No Shoulder,2,0,0,None,Large Urbanized Area,Urban minor arterial or rural major collector,Boston (MA-NH-RI),,Mainline roadway,Two-way traffic,No Access Control,,30,BEACH STREET,REVERE CITY LINE,SALEM STREET,MALDEN,Good,Level Terrain,,Grown from Prior Year HPMS Network,,30,0,0,,,Minor Arterial
5599730,MALDEN,9/5/25,Non-fatal injury,Open,10:48 PM,2025,Possible Injury (C),1,Local police,,21-24,21-24,,,10:00PM to 10:59PM,D1: (No improper driving) ,D1: Not Distracted,Other,Yes,Dark - lighted roadway,Single vehicle crash,4,,,, PW20254647140,Dry,T-intersection,MAPC,0,1,No controls,"Two-way, divided, unprotected median",V1: Travelling straight ahead,V1:(Motorcycle),V1:(No),V1:(No),V1: E,Clear,MIDDLESEX,25000664,"V1:(No, not federally reportable)","No, not federally reportable",Roadway,At Intersection,No hit and run,,V1:(Other),None,"No, school bus not involved",35,Not reported, V1:(Other),No,,,,,,,,235439.5468,908978.1875,42.4305195,-71.06931963,, DARTMOUTH ST Rte    / MOUNTAIN AVE Rte,,,,,,,,,,,,,,,,,None,Unaccepted by city or town,,,5,0,No Shoulder,0,0,0,No Shoulder,0,0,0,None,Large Urbanized Area,Local,Boston (MA-NH-RI),,,Two-way traffic,No Access Control,,0,DARTMOUTH STREET,PLEASANT STREET,MOUNTAIN AVENUE,MALDEN,0,Level Terrain,,,,,0,0,,,Local
5599731,MALDEN,9/13/25,Property damage only (none injured),Open,5:05 PM,2025,No Apparent Injury (O),1,Local police,,45-54,45-54,,,05:00PM to 05:59PM,D1: (No improper driving) ,D1: Not Distracted,Collision with parked motor vehicle,Yes,Daylight,"Sideswipe, same direction",4,,,, PW20254647148,Dry,Not at junction,MAPC,0,0,No controls,"One-way, not divided",V1: Parked,V1:(Passenger car),V1:(No),V1:(No),V1: S,Cloudy,MIDDLESEX,25000680,"V1:(No, not federally reportable)","No, not federally reportable",Roadway,At Address,"Yes, hit and run",,V1:(Collision with parked motor vehicle),None,"No, school bus not involved",30,"Yes, device functioning", V1:(Collision with parked motor vehicle),No,,,,,,,,237278.8094,909335.3378,42.43364897,-71.04694528,9, COLUMBIA ST Rte S,,,,,,,,,,,1154,,,,,,Both sides,City or Town accepted road,,7,7,0,No Shoulder,24,Bituminous concrete road,0,No Shoulder,2,0,0,None,Large Urbanized Area,Local,Boston (MA-NH-RI),,Mainline roadway,One-way traffic,No Access Control,,,COLUMBIA STREET,SYLVAN STREET,SALEM STREET,MALDEN,Good,Level Terrain,,,,,0,0,,,Local
5599732,MALDEN,9/15/25,Non-fatal injury,Open,5:07 PM,2025,Possible Injury (C),2,Local police,,25-34,55-64,,,05:00PM to 05:59PM,D1: (Failed to yield right of way)  / D2: (Unknown) ,D1: Not Distracted / D2: Not Distracted,Collision with motor vehicle in traffic,Yes,Daylight,Angle,4,,,, PW20254647144,Dry,Not at junction,MAPC,0,2,No controls,"Two-way, not divided",V1: Turning left / V2: Travelling straight ahead,"V1:(Passenger car) / V2:(Light truck(van, mini-van, pickup, sport utility))",V1:(No) / V2:(No),"V1:(No) / V2:(Yes, vehicle or trailer disabled)",V1: E  / V2: N,Clear,MIDDLESEX,25000685,"V1:(No, not federally reportable) / V2:(No, not federally reportable)","No, not federally reportable",Roadway,At Address,No hit and run,,V1:(Collision with motor vehicle in traffic) / V2:(Collision with motor vehicle in traffic),Traffic congestion related,"No, school bus not involved",25,"No, device not functioning", V1:(Collision with motor vehicle in traffic) V2:(Collision with motor vehicle in traffic),No,,,,,,,,239117.5984,909139.1468,42.43179267,-71.02461196,200, BEACH STREET, LYNN STREET,150 feet E  of,,,,,,,,,17337,2020,0.558,797,0.155,190,Both sides,Massachusetts Department of Transportation,,6,6,0,No Shoulder,28,Bituminous concrete road,0,No Shoulder,2,0,0,None,Large Urbanized Area,Rural minor arterial or urban principal arterial,Boston (MA-NH-RI),,Mainline roadway,Two-way traffic,No Access Control,,35,BEACH STREET,REVERE CITY LINE,SALEM STREET,MALDEN,Good,Level Terrain,,Pulled back from HPMS network estimation routine,,35,0,0,,,Principal Arterial - Other