Crash Number,City Town Name,Crash Date,Crash Severity,Crash Status,Crash Time,Crash Year,Max Injury Severity Reported,Number of Vehicles,Police Agency Type,State Police Troop,Age of Driver - Youngest Known,Age of Driver - Oldest Known,Age of Vulnerable User - Youngest Known,Age of Vulnerable User - Oldest Known,Crash Hour,Driver Contributing Circumstances (All Drivers),Driver Distracted By (All Vehicles),First Harmful Event,Is Geocoded,Light Conditions,Manner of Collision,MassDOT District,Vulnerable User Action (All Persons),Vulnerable User Location (All Persons),Vulnerable User Type (All Persons),RMV Document Numbers,Road Surface Condition,Roadway Junction Type,RPA Abbreviation,Total Fatalities,Total Non-Fatal Injuries,Traffic Control Device Type,Trafficway Description,Vehicle Actions Prior to Crash (All Vehicles),Vehicle Configuration (All Vehicles),Vehicle Emergency Use (All Vehicles),Vehicle Towed From Scene (All Vehicles),Vehicle Travel Directions (All Vehicles),Weather Conditions,County Name,Crash Report IDs,FMCSA Reportable (All Vehicles),FMCSA Reportable (Crash),First Harmful Event Location,Geocoding Method,Hit and Run,Locality,Most Harmful Event (All Vehicles),Road Contributing Circumstance,School Bus Related,Speed Limit,Traffic Control Device Function,Vehicle Sequence of Events (All Vehicles),Work Zone Related,Vulnerable User Sequence of Events (All Persons),Vulnerable User Distracted By (All Persons),Vulnerable User Traffic Control Type (All persons),Vulnerable User Origin Destination (All Persons),Vulnerable User Contributing Circumstances (All Persons),Vulnerable User Alcohol Suspected Type (All Persons),Vulnerable User Drug Suspected Type (All Persons),X,Y,Latitude,Longitude,Street Number,Roadway,Near Intersection Roadway,Distance and Direction From Intersection,Milemarker,Milemarker Route,Distance and Direction From Milemarker,Exit Number,Exit Route,Distance and Direction From Exit,Landmark,Distance and Direction From Landmark,AADT-linked RD,AADT Year-linked RD,Peak % Single Unit Trucks-linked RD,Single-Unit Truck and Bus AADT-linked RD,Peak % Combo Trucks-linked RD,Combination Truck AADT-linked RD,Curb-linked RD-linked RD,Jurisdiction-linked RD,Truck Route-linked RD,Left Sidewalk Width-linked RD,Right Sidewalk Width-linked RD,Left Shoulder Width-linked RD,Left Shoulder Type-linked RD,Surface Width-linked RD,Surface Type-linked RD,Right Shoulder Width-linked RD,Right Shoulder Type-linked RD,Number of Travel Lanes-linked RD,Number of Opposing Travel Lanes-linked RD,Median Width-linked RD,Median Type-linked RD,Urban Type-linked RD,Functional Classification-linked RD,Urbanized Area-linked RD,Federal Aid Route Number-linked RD,Facility Type-linked RD,Street Operation-linked RD,Access Control-linked RD,Number of Peak Hour Lanes-linked RD,Speed Limit-linked RD,Street Name-linked RD,From Street Name-linked RD,To Street Name-linked RD,City-linked RD-linked RD,Structural Condition-linked RD,Terrain-linked RD,Urban Location Type-linked RD,AADT Derivation-linked RD,AADT Station Number-linked RD,Opposing Direction Speed Limit-linked RD,Undivided Left Shoulder Type-linked RD,Undivided Left Shoulder Width-linked RD,Truck Exclusion Type-linked RD,Truck Exclusion Time-linked RD,Federal Functional Classification-linked RD
5599733,MALDEN,9/3/25,Unknown,Open,12:01 PM,2025,Not reported,1,Local police,,,,,,12:00PM to 12:59PM,,,Collision with parked motor vehicle,Yes,Unknown,Angle,4,,,, PW20254647146,Unknown,Four-way intersection,MAPC,0,0,No controls,"Two-way, not divided",V1: Parked,"V1:(Light truck(van, mini-van, pickup, sport utility))",V1:(No),V1:(No),V1: S,Unknown,MIDDLESEX,25000661,"V1:(No, not federally reportable)","No, not federally reportable",Roadside,At Address,No hit and run,,V1:(Collision with motor vehicle in traffic),Unknown,"No, school bus not involved",25,Not reported, V1:(Collision with motor vehicle in traffic),No,,,,,,,,235371.932,907603.9954,42.41815136,-71.07022545,107, MEDFORD ST Rte,,,,,,,,,,,18609,2020,0.477,912,0.068,111,Both sides,City or Town accepted road,,9,9,0,No Shoulder,30,Bituminous concrete road,0,No Shoulder,2,0,0,None,Large Urbanized Area,Urban minor arterial or rural major collector,Boston (MA-NH-RI),,Mainline roadway,Two-way traffic,No Access Control,,99,MEDFORD STREET,MEDFORD CITY LINE,MAIN STREET,MALDEN,Good,Level Terrain,,Grown from Prior Year HPMS Network,,99,0,0,,,Minor Arterial
5599734,MALDEN,9/12/25,Property damage only (none injured),Open,3:00 PM,2025,No Apparent Injury (O),2,Local police,,21-24,21-24,,,03:00PM to 03:59PM,"D1: (No improper driving)  / D2: (Disregarded traffic signs, signals, road markings) ",D1: Not Distracted,Collision with motor vehicle in traffic,Yes,Daylight,Angle,4,,,, PW20254647142,Dry,Four-way intersection,MAPC,0,0,No controls,"Two-way, not divided",V1: Travelling straight ahead / V2: Travelling straight ahead,V1:(Passenger car) / V2:(Passenger car),V1:(No) / V2:(No),"V1:(Yes, vehicle or trailer disabled) / V2:(No)",V1: E  / V2: S,Clear,MIDDLESEX,25000676,"V1:(No, not federally reportable) / V2:(No, not federally reportable)","No, not federally reportable",Roadway,At Intersection,No hit and run,,V1:(Collision with motor vehicle in traffic) / V2:(Collision with motor vehicle in traffic),Unknown,"No, school bus not involved",20,Not reported, V1:(Collision with motor vehicle in traffic) V2:(Collision with motor vehicle in traffic),No,,,,,,,,239002.1719,909036.5627,42.43087494,-71.02602161,, HANCOCK RD Rte E  / MONROE ST Rte S,,,,,,,,,,,1154,,,,,,Right side only,City or Town accepted road,,0,8,0,No Shoulder,30,Bituminous concrete road,0,No Shoulder,2,0,0,None,Large Urbanized Area,Local,Boston (MA-NH-RI),,Mainline roadway,One-way traffic,No Access Control,,,HANCOCK ROAD,BLAINE STREET,BEACH STREET,MALDEN,Good,Level Terrain,,,,,0,0,,,Local
5599735,MALDEN,9/14/25,Property damage only (none injured),Open,1:26 PM,2025,Not Applicable,1,Local police,,25-34,25-34,,,01:00PM to 01:59PM,,,Collision with parked motor vehicle,Yes,Daylight,"Sideswipe, same direction",4,,,, PW20254647147,Dry,Not at junction,MAPC,0,0,No controls,"Two-way, not divided",V1: Parked,V1:(Passenger car),V1:(No),V1:(No),V1:,Clear,MIDDLESEX,25000682,"V1:(No, not federally reportable)","No, not federally reportable",Roadway,At Address,"Yes, hit and run",,V1:(Collision with motor vehicle in traffic),None,"No, school bus not involved",25,Not reported, V1:(Collision with motor vehicle in traffic),No,,,,,,,,235443.8691,909150.7371,42.43207268,-71.06925652,33, CLIFTON ST Rte W,,,,,,,,,,,2651,2020,0.21,129,0,16,Both sides,City or Town accepted road,,7,7,0,No Shoulder,25,Bituminous concrete road,0,No Shoulder,2,0,0,None,Large Urbanized Area,Urban collector or rural minor collector,Boston (MA-NH-RI),,Mainline roadway,Two-way traffic,No Access Control,,99,CLIFTON STREET,WASHINGTON STREET,MAIN STREET ,MALDEN,Good,Level Terrain,,Grown from Prior Year HPMS Network,,99,0,0,,,Major Collector
5599736,MALDEN,9/14/25,Non-fatal injury,Open,4:00 PM,2025,Suspected Serious Injury (A),2,Local police,,45-54,45-54,,,04:00PM to 04:59PM,D1: (Unknown) ,,Collision with curb,Yes,Daylight,Single vehicle crash,4,,,, PW20254647151,Dry,Not at junction,MAPC,0,1,No controls,"Two-way, not divided",V1: Travelling straight ahead / V2: Parked,V1:(Passenger car) / V2:(Passenger car),V1:(No) / V2:(No),"V1:(Yes, vehicle or trailer disabled) / V2:(Yes, vehicle or trailer disabled)",V1: E  / V2: Not Reported,Clear,MIDDLESEX,25000683,"V1:(No, not federally reportable) / V2:(No, not federally reportable)","No, not federally reportable",Roadway,At Address,No hit and run,,V1:(Overturn/rollover) / V2:(Collision with other movable object),None,"No, school bus not involved",25,"Yes, device functioning"," V1:(Collision with curb),(Collision with tree),(Collision with parked motor vehicle),(Overturn/rollover) V2:(Collision with other movable object)",No,,,,,,,,234969.6517,908829.6307,42.42920333,-71.07503895,40, MAPLE ST Rte E,,,,,,,,,,,2581,2020,0.561,182,0.055,12,Both sides,City or Town accepted road,,7,7,0,No Shoulder,25,Bituminous concrete road,0,No Shoulder,2,0,0,None,Large Urbanized Area,Urban collector or rural minor collector,Boston (MA-NH-RI),,Mainline roadway,Two-way traffic,No Access Control,1,30,MAPLE STREET,SUMMER STREET,FELLSWAY EAST,MALDEN,Good,Level Terrain,,Grown from Prior Year HPMS Network,,99,0,0,,,Major Collector
5599737,MALDEN,9/17/25,Property damage only (none injured),Open,5:32 PM,2025,No Apparent Injury (O),1,Local police,,25-34,25-34,,,05:00PM to 05:59PM,D1: (Other improper action) ,D1: Not Distracted,Collision with unknown fixed object,Yes,Daylight,Single vehicle crash,4,,,, PW20254647153,Dry,Not at junction,MAPC,0,0,No controls,Unknown,V1: Travelling straight ahead,V1:(Passenger car),V1:(No),"V1:(Yes, vehicle or trailer disabled)",V1: N,Clear,MIDDLESEX,25000688,"V1:(No, not federally reportable)","No, not federally reportable",Outside roadway,Operator Designated,No hit and run,,"V1:(Collision with other fixed object (wall, building, tunnel, etc.))",None,"No, school bus not involved",5,"No, device not functioning"," V1:(Collision with other fixed object(wall, building, tunnel, etc.))",No,,,,,,,,237685.5784,908409.874,42.42529792,-71.04206224,, BROADWAY Rte SR99 S, HADLEY STREET,400 feet N  of,,,,,,,,,20559,2020,0.33,801,0.105,224,Both sides,City or Town accepted road,,6,6,0,No Shoulder,46,Bituminous concrete road,0,No Shoulder,4,0,0,None,Large Urbanized Area,Rural minor arterial or urban principal arterial,Boston (MA-NH-RI),,Mainline roadway,Two-way traffic,No Access Control,,35,BROADWAY,EVERETT CITY LINE,MELROSE CITY LINE,MALDEN,Good,Level Terrain,,Grown from Prior Year HPMS Network,,35,0,0,,,Principal Arterial - Other
5599738,MALDEN,9/30/25,Unknown,Open,8:43 AM,2025,Not reported,1,Local police,,,,,,08:00AM to 08:59AM,,,Collision with other light pole or other post/support,Yes,Daylight,Unknown,4,,,, PW20254647155,Dry,Four-way intersection,MAPC,0,0,Traffic control signal,"Two-way, divided, unprotected median",V1: Unknown,V1:(Truck/trailer),V1:(No),V1:(No),V1: U,Clear,MIDDLESEX,25000718,"V1:(No, not federally reportable)","No, not federally reportable",Unknown,At Intersection,"Yes, hit and run",,V1:(Collision with light pole or other post/support),None,"No, school bus not involved",25,"Yes, device functioning", V1:(Collision with light  pole or other post/support),No,,,,,,,,234475.2502,908533.8123,42.42656223,-71.08106461,, HIGHLAND AV Rte 6  / PLEASANT ST Rte 6,,,,,,,,,,,14259,2020,0.632,812,0.109,115,Both sides,City or Town accepted road,,9,9,0,No Shoulder,36,Bituminous concrete road,0,No Shoulder,2,0,0,None,Large Urbanized Area,Urban minor arterial or rural major collector,Boston (MA-NH-RI),,Mainline roadway,Two-way traffic,No Access Control,,25,HIGHLAND AVENUE,MEDFORD CITY LINE,MEDFORD CITY LINE,MALDEN,Good,Level Terrain,,Pulled back from HPMS network estimation routine,,25,0,0,,,Minor Arterial
5599739,MALDEN,9/23/25,Property damage only (none injured),Open,3:02 PM,2025,No Apparent Injury (O),1,Local police,,25-34,25-34,,,03:00PM to 03:59PM,D1: (Unknown) ,D1: Not Distracted,Collision with motor vehicle in traffic,Yes,Daylight,"Sideswipe, same direction",4,,,, PW20254647156,Dry,Four-way intersection,MAPC,0,0,No controls,"Two-way, divided, unprotected median",V1: Changing lanes,V1:(Passenger car),V1:(No),V1:(No),V1: S,Clear/Clear,MIDDLESEX,25000703,"V1:(No, not federally reportable)","No, not federally reportable",Roadway,At Address,"Yes, hit and run",,V1:(Collision with motor vehicle in traffic),None,"No, school bus not involved",30,Not reported, V1:(Collision with motor vehicle in traffic),No,,,,,,,,237997.1991,909434.386,42.43450597,-71.03820824,932, SALEM ST Rte N,,,,,,,,,,,1154,,,,,,Both sides,City or Town accepted road,,7,7,0,No Shoulder,30,Bituminous concrete road,0,No Shoulder,2,0,0,None,Large Urbanized Area,Local,Boston (MA-NH-RI),,Mainline roadway,Two-way traffic,No Access Control,,,SALEM STREET,MAIN STREET ,,MALDEN,Good,Level Terrain,,,,,0,0,,,Local
5599740,MALDEN,9/19/25,Non-fatal injury,Open,10:16 AM,2025,Suspected Serious Injury (A),1,Local police,,25-34,25-34,55-64,55-64,10:00AM to 10:59AM,D1: (No improper driving) ,D1: Not Distracted,Collision with pedestrian,Yes,Daylight,Angle,4, VU2: Entering or crossing location, VU2: Marked crosswalk at intersection (includes use of paint raised or other roadway material), VU2: Bicyclist, PW20254647149,Dry,Unknown,MAPC,0,1,Pedestrian Crossing signal/beacon,Unknown,V1: Turning right,V1:(Passenger car),V1:(No),V1:(No),V1: N,Clear,MIDDLESEX,25000690,"V1:(No, not federally reportable)","No, not federally reportable",Roadway,Off Intersection,No hit and run,,"V1:(Collision with cyclist (bicycle, tricycle, unicycle, pedal car))",None,"No, school bus not involved",25,"Yes, device functioning", V1:(Collision with cyclist),No, VU2:(Walking/Cycling Along Roadway Against Traffic (In or Adjacent to Travel Lane)),,,,, VU2: No, VU2: No,235899.1093,908488.3124,42.42608836,-71.06376532,, HOLDEN ST  N, CENTRE ST Rte,,,,,,,,,,3581,2020,,,,,Both sides,City or Town accepted road,,7,7,0,No Shoulder,36,Bituminous concrete road,0,No Shoulder,2,0,0,None,Large Urbanized Area,Urban collector or rural minor collector,Boston (MA-NH-RI),,Mainline roadway,One-way traffic,No Access Control,,99,HOLDEN STREET,SALEM STREET,CENTRE STREET,MALDEN,Good,Level Terrain,,Pulled back from HPMS network estimation routine,,99,0,0,,,Major Collector
5599741,MALDEN,9/8/25,Property damage only (none injured),Open,12:33 PM,2025,No Apparent Injury (O),1,Local police,,21-24,21-24,,,12:00PM to 12:59PM,D1: (Unknown) ,,Collision with unknown fixed object,Yes,Daylight,Angle,4,,,, PW20254647152,Dry,Not at junction,MAPC,0,0,No controls,"Two-way, not divided",V1: Travelling straight ahead,"V1:(Single-unit truck (2-axle, 6-tires))",V1:(No),V1:(No),V1: N,Clear,MIDDLESEX,25000670,"V1:(No, not federally reportable)","No, not federally reportable",Outside roadway,At Address,No hit and run,,V1:(Collision with curb),None,"No, school bus not involved",25,"No, device not functioning", V1:(Collision with curb),No,,,,,,,,236327.9584,908330.0786,42.42464399,-71.05856413,68, LINWOOD ST Rte N,,,,,,,,,,,1154,,,,,,Both sides,City or Town accepted road,,7,7,0,No Shoulder,25,Bituminous concrete road,0,No Shoulder,2,0,0,None,Large Urbanized Area,Local,Boston (MA-NH-RI),,Mainline roadway,Two-way traffic,No Access Control,,,LINWOOD STREET,EASTERN AVENUE,UPHAM STREET,MALDEN,Good,Level Terrain,,,,,0,0,,,Local
5599742,MALDEN,9/4/25,Property damage only (none injured),Open,8:09 AM,2025,No Apparent Injury (O),2,Local police,,25-34,25-34,,,08:00AM to 08:59AM,D1: (Unknown)  / D2: (Unknown) ,,Collision with motor vehicle in traffic,Yes,Daylight,"Sideswipe, same direction",4,,,, PW20254647150,Dry,Not at junction,MAPC,0,0,Traffic control signal,"Two-way, divided, unprotected median",V1: Slowing or stopped in traffic / V2: Travelling straight ahead,V1:(Passenger car) / V2:(Passenger car),V1:(No) / V2:(No),V1:(No) / V2:(No),V1: N  / V2: N,Clear,MIDDLESEX,25000662,"V1:(No, not federally reportable) / V2:(No, not federally reportable)","No, not federally reportable",Unknown,At Address,No hit and run,,V1:(Collision with motor vehicle in traffic) / V2:(Collision with motor vehicle in traffic),Unknown,"No, school bus not involved",25,"Yes, device functioning", V1:(Collision with motor vehicle in traffic) V2:(Collision with motor vehicle in traffic),No,,,,,,,,235765.9779,907569.3607,42.41782158,-71.06543996,77, MAIN ST Rte N,,,,,,,,,,,10345,2020,0.164,213,0.01,28,Both sides,City or Town accepted road,,10,10,0,No Shoulder,34,Bituminous concrete road,0,No Shoulder,2,0,0,None,Large Urbanized Area,Rural minor arterial or urban principal arterial,Boston (MA-NH-RI),,Mainline roadway,Two-way traffic,No Access Control,,30,MAIN STREET,MELROSE CITY LINE,EVERETT CITY LINE,MALDEN,Good,Rolling Terrain,,Pulled back from HPMS network estimation routine,,30,0,0,,,Principal Arterial - Other
5599743,MALDEN,9/16/25,Property damage only (none injured),Open,10:38 AM,2025,Not reported,1,Local police,,,,,,10:00AM to 10:59AM,,,Other,Yes,Daylight,Single vehicle crash,4,,,, PW20254647154,Dry,Not at junction,MAPC,0,0,No controls,"Two-way, not divided",V1: Parked,V1:(Passenger car),V1:(No),V1:(No),V1: W,Clear,MIDDLESEX,25000686,"V1:(No, not federally reportable)","No, not federally reportable",Unknown,At Address,No hit and run,,V1:(Unknown),Unknown,"No, school bus not involved",25,"No, device not functioning",,No,,,,,,,,235276.1614,908202.1732,42.42354082,-71.07135254,99, CHARLES ST Rte W,,,,,,,,,,,14942,2020,0.477,732,0.068,89,Both sides,City or Town accepted road,,7,7,0,No Shoulder,45,Bituminous concrete road,0,No Shoulder,2,0,0,None,Large Urbanized Area,Urban minor arterial or rural major collector,Boston (MA-NH-RI),,Mainline roadway,Two-way traffic,No Access Control,,99,CHARLES STREET,MAIN STREET,FELLSWAY,MALDEN,Good,Level Terrain,,Grown from Prior Year HPMS Network,,99,0,0,,,Minor Arterial
5599744,MALDEN,9/27/25,Property damage only (none injured),Open,3:41 PM,2025,No Apparent Injury (O),1,Local police,,35-44,35-44,,,03:00PM to 03:59PM,D1: (No improper driving) ,D1: Manually operating an electronic device,Collision with motor vehicle in traffic,Yes,Daylight,"Sideswipe, opposite direction",4,,,, PW20254647157,Dry,Not at junction,MAPC,0,0,No controls,"Two-way, not divided",V1: Travelling straight ahead,V1:(Passenger car),V1:(No),V1:(No),V1: N,Clear/Clear,MIDDLESEX,25000716,"V1:(No, not federally reportable)","No, not federally reportable",Roadway,At Address,No hit and run,,V1:(Collision with motor vehicle in traffic),"Shoulders (none, low, soft)","No, school bus not involved",30,Not reported, V1:(Collision with motor vehicle in traffic),No,,,,,,,,234362.7162,909273.0864,42.43322254,-71.0823881,620, HIGHLAND AV Rte N,,,,,,,,,,,14259,2020,0.632,812,0.109,115,Both sides,City or Town accepted road,,5,5,0,No Shoulder,40,Bituminous concrete road,0,No Shoulder,2,0,0,None,Large Urbanized Area,Urban minor arterial or rural major collector,Boston (MA-NH-RI),,Mainline roadway,Two-way traffic,No Access Control,,30,HIGHLAND AVENUE,MEDFORD CITY LINE,MEDFORD CITY LINE,MALDEN,Good,Level Terrain,,Pulled back from HPMS network estimation routine,,30,0,0,,,Minor Arterial
5599745,MALDEN,9/19/25,Property damage only (none injured),Open,2:26 PM,2025,No Apparent Injury (O),2,Local police,,25-34,55-64,,,02:00PM to 02:59PM,D1: (Fatigued/asleep)  / D2: (No improper driving) ,D1: Not Distracted / D2: Not Distracted,Collision with motor vehicle in traffic,Yes,Daylight,Angle,4,,,, PW20254647159,Dry,Not at junction,MAPC,0,0,No controls,"Two-way, not divided",V1: Travelling straight ahead / V2: Travelling straight ahead,"V1:(Passenger car) / V2:(Light truck(van, mini-van, pickup, sport utility))",V1:(No) / V2:(No),"V1:(Yes, vehicle or trailer disabled) / V2:(Yes, vehicle or trailer disabled)",V1: N  / V2: S,Clear,MIDDLESEX,25000691,"V1:(No, not federally reportable) / V2:(No, not federally reportable)","No, not federally reportable",Roadway,At Address,No hit and run,,V1:(Collision with motor vehicle in traffic) / V2:(Collision with motor vehicle in traffic),None,"No, school bus not involved",25,Not reported, V1:(Collision with motor vehicle in traffic) V2:(Collision with motor vehicle in traffic),No,,,,,,,,234438.9266,908842.8061,42.42934557,-71.08148758,501, HIGHLAND AV Rte N,,,,,,,,,,,14259,2020,0.632,812,0.109,115,Both sides,City or Town accepted road,,8,9,0,No Shoulder,28,Bituminous concrete road,0,No Shoulder,2,0,0,None,Large Urbanized Area,Urban minor arterial or rural major collector,Boston (MA-NH-RI),,Mainline roadway,Two-way traffic,No Access Control,,30,HIGHLAND AVENUE,MEDFORD CITY LINE,MEDFORD CITY LINE,MALDEN,Good,Level Terrain,,Pulled back from HPMS network estimation routine,,30,0,0,,,Minor Arterial
5599746,MALDEN,9/12/25,Unknown,Open,7:13 AM,2025,Not reported,1,Local police,,,,,,07:00AM to 07:59AM,,,Collision with other light pole or other post/support,Yes,Unknown,Unknown,4,,,, PW20254647161,Dry,Not at junction,MAPC,0,0,No controls,Unknown,V1: Unknown,V1:(Passenger car),V1:(No),V1:(No),V1: U,Unknown,MIDDLESEX,25000675,"V1:(No, not federally reportable)","No, not federally reportable",Unknown,At Address,No hit and run,,V1:(Unknown),Unknown,"No, school bus not involved",25,Not reported,,No,,,,,,,,235303.7898,909265.7553,42.43311449,-71.07095182,65, CLINTON ST Rte 6,,,,,,,,,,,1154,,,,,,Both sides,City or Town accepted road,,7,7,0,No Shoulder,25,Bituminous concrete road,0,No Shoulder,2,0,0,None,Large Urbanized Area,Local,Boston (MA-NH-RI),,Mainline roadway,Two-way traffic,No Access Control,,,CLINTON STREET,LINDEN AVENUE,MAIN STREET,MALDEN,Good,Level Terrain,,,,,0,0,,,Local
5599747,MALDEN,9/10/25,Non-fatal injury,Open,9:16 PM,2025,Suspected Minor Injury (B),2,Local police,,25-34,55-64,,,09:00PM to 09:59PM,D1: (No improper driving)  / D2: (Unknown) ,D1: Not Distracted,Collision with motor vehicle in traffic,Yes,Dark - lighted roadway,Angle,4,,,, PW20254647160,Dry,T-intersection,MAPC,0,1,No controls,"Two-way, not divided",V1: Travelling straight ahead / V2: Turning left,"V1:(Light truck(van, mini-van, pickup, sport utility)) / V2:(Passenger car)",V1:(No) / V2:(No),"V1:(Yes, vehicle or trailer disabled) / V2:(Yes, vehicle or trailer disabled)",V1: N  / V2: E,Clear,MIDDLESEX,25000671,"V1:(No, not federally reportable) / V2:(No, not federally reportable)","No, not federally reportable",Roadway,At Intersection,No hit and run,,V1:(Collision with motor vehicle in traffic) / V2:(Collision with motor vehicle in traffic),None,"No, school bus not involved",25,"No, device not functioning", V1:(Collision with motor vehicle in traffic) V2:(Collision with motor vehicle in traffic),No,,,,,,,,235841.559,907287.8534,42.41528383,-71.06453912,, BELMONT ST Rte E  / MAIN ST Rte N,,,,,,,,,,,3581,2020,,,,,Both sides,City or Town accepted road,,8,8,0,No Shoulder,30,Bituminous concrete road,0,No Shoulder,2,0,0,None,Large Urbanized Area,Urban collector or rural minor collector,Boston (MA-NH-RI),,Mainline roadway,Two-way traffic,No Access Control,,99,BELMONT STREET,FERRY STREET,MAIN STREET,MALDEN,Good,Level Terrain,,Pulled back from HPMS network estimation routine,,99,0,0,,,Major Collector
5599748,MALDEN,9/22/25,Unknown,Open,9:15 PM,2025,Unknown,1,Local police,,35-44,35-44,,,09:00PM to 09:59PM,"D1: (Unknown),(Unknown) ",,Collision with utility pole,Yes,Dark - roadway not lighted,Single vehicle crash,4,,,, PW20254647158,Dry,Not at junction,MAPC,0,0,No controls,"Two-way, not divided",V1: Travelling straight ahead,"V1:(Light truck(van, mini-van, pickup, sport utility))",V1:(No),"V1:(Yes, vehicle or trailer disabled)",V1: S,Clear/Clear,MIDDLESEX,25000699,"V1:(No, not federally reportable)","No, not federally reportable",Roadway,At Address,No hit and run,,V1:(Collision with utility pole),None,"No, school bus not involved",20,Not reported, V1:(Collision with utility pole),No,,,,,,,,238017.8494,909631.0931,42.43627581,-71.03794433,394, BROADWAY Rte S,,,,,,,,,,,23069,2009,2,2,1,1,Right side only,City or Town accepted road,,0,10,0,No Shoulder,16,Bituminous concrete road,0,No Shoulder,1,1,10,Unprotected,Large Urbanized Area,Rural minor arterial or urban principal arterial,Boston (MA-NH-RI),,Mainline roadway,Two-way traffic,No Access Control,,30,BROADWAY,EVERETT CITY LINE,MELROSE CITY LINE,MALDEN,Good,Level Terrain,,Calculated from Partial Counts,5693,0,0,0,,,Principal Arterial - Other
5599749,MALDEN,9/25/25,Unknown,Open,10:35 AM,2025,Not reported,2,Local police,,,,,,10:00AM to 10:59AM,,,Collision with parked motor vehicle,Yes,Dark - roadway not lighted,"Sideswipe, opposite direction",4,,,, PW20254647164,Dry,Not at junction,MAPC,0,0,No controls,Unknown,V1: Travelling straight ahead / V2: Travelling straight ahead,"V1:(Passenger car) / V2:(Light truck(van, mini-van, pickup, sport utility))",V1:(No) / V2:(No),V1:(No) / V2:(No),V1: U  / V2: U,Clear,MIDDLESEX,25000707,"V1:(No, not federally reportable) / V2:(No, not federally reportable)","No, not federally reportable",Outside roadway,At Address,"Yes, hit and run",,V1:(Collision with parked motor vehicle) / V2:(Collision with parked motor vehicle),None,"No, school bus not involved",25,Not reported, V1:(Collision with parked motor vehicle) V2:(Collision with parked motor vehicle),No,,,,,,,,238677.0537,910406.1952,42.44322123,-71.02988083,665, BROADWAY Rte 6,,,,,,,,,,,10575,2020,,,,,Both sides,Massachusetts Department of Transportation,,5,,0,No Shoulder,26,Bituminous concrete road,8,Hardened bituminous mix or penetration,2,0,0,None,Large Urbanized Area,Rural minor arterial or urban principal arterial,Boston (MA-NH-RI),,Mainline roadway,Two-way traffic,No Access Control,,35,BROADWAY,EVERETT CITY LINE,MELROSE CITY LINE,MALDEN,Good,Level Terrain,,Pulled back from HPMS network estimation routine,,35,Surfaced shoulder exists – Portland Cement Concrete surface (PCC,8,,,Principal Arterial - Other
5599750,MALDEN,9/11/25,Non-fatal injury,Open,5:12 PM,2025,Suspected Minor Injury (B),2,Local police,,25-34,25-34,,,05:00PM to 05:59PM,D1: (Operating defective equipment) ,D1: Not Distracted,Collision with parked motor vehicle,Yes,Daylight,Rear-end,4,,,, PW20254647162,Dry,Not at junction,MAPC,0,1,No controls,"Two-way, not divided",V1: Travelling straight ahead / V2: Parked,V1:(Passenger car) / V2:(Passenger car),V1:(No) / V2:(No),"V1:(Yes, vehicle or trailer disabled) / V2:(No)",V1: W  / V2:,Clear,MIDDLESEX,25000674,"V1:(No, not federally reportable) / V2:(No, not federally reportable)","No, not federally reportable",Roadway,Operator Designated,No hit and run,,V1:(Collision with parked motor vehicle) / V2:(Collision with motor vehicle in traffic),None,"No, school bus not involved",30,Not reported, V1:(Collision with parked motor vehicle) V2:(Collision with motor vehicle in traffic),No,,,,,,,,236276.7679,908609.6312,42.42716306,-71.0591686,, EASTERN AVENUE Rte SR60 E, FRANKLIN STREET,100 feet E  of,,,,,,,,,15279,2020,0.558,702,0.155,168,Both sides,City or Town accepted road,,6,6,0,No Shoulder,28,Bituminous concrete road,8,Hardened bituminous mix or penetration,2,0,0,None,Large Urbanized Area,Rural minor arterial or urban principal arterial,Boston (MA-NH-RI),,Mainline roadway,Two-way traffic,No Access Control,,30,EASTERN AVENUE,MAIN STREET,LYNN STREET,MALDEN,Good,Level Terrain,,Pulled back from HPMS network estimation routine,,30,Surfaced shoulder exists – Portland Cement Concrete surface (PCC,8,,,Principal Arterial - Other
5599751,MALDEN,9/23/25,Property damage only (none injured),Open,9:14 PM,2025,No Apparent Injury (O),2,Local police,,18-20,25-34,,,09:00PM to 09:59PM,D1: (No improper driving)  / D2: (No improper driving) ,D1: Not Distracted / D2: Not Distracted,Collision with motor vehicle in traffic,Yes,Dark - lighted roadway,Angle,4,,,, PW20254647166,Dry,Four-way intersection,MAPC,0,0,Traffic control signal,"Two-way, divided, unprotected median",V1: Travelling straight ahead / V2: Travelling straight ahead,V1:(Passenger car) / V2:(Passenger car),V1:(No) / V2:(No),V1:(No) / V2:(No),V1: S  / V2: E,Clear,MIDDLESEX,25000704,"V1:(No, not federally reportable) / V2:(No, not federally reportable)","No, not federally reportable",Roadway,At Intersection,No hit and run,,V1:(Collision with motor vehicle in traffic) / V2:(Collision with motor vehicle in traffic),None,"No, school bus not involved",20,"Yes, device functioning", V1:(Collision with motor vehicle in traffic) V2:(Collision with motor vehicle in traffic),No,,,,,,,,235610.9998,908176.5624,42.42329503,-71.0672855,, MAIN ST Rte    / MADISON ST Rte,,,,,,,,,,,10345,2020,0.164,213,0.01,28,Both sides,City or Town accepted road,,10,10,0,No Shoulder,48,Bituminous concrete road,0,No Shoulder,2,0,0,None,Large Urbanized Area,Rural minor arterial or urban principal arterial,Boston (MA-NH-RI),,Mainline roadway,Two-way traffic,No Access Control,,30,MAIN STREET,MELROSE CITY LINE,EVERETT CITY LINE,MALDEN,Good,Level Terrain,,Pulled back from HPMS network estimation routine,,30,0,0,,,Principal Arterial - Other