Crash Number,City Town Name,Crash Date,Crash Severity,Crash Status,Crash Time,Crash Year,Max Injury Severity Reported,Number of Vehicles,Police Agency Type,State Police Troop,Age of Driver - Youngest Known,Age of Driver - Oldest Known,Age of Vulnerable User - Youngest Known,Age of Vulnerable User - Oldest Known,Crash Hour,Driver Contributing Circumstances (All Drivers),Driver Distracted By (All Vehicles),First Harmful Event,Is Geocoded,Light Conditions,Manner of Collision,MassDOT District,Vulnerable User Action (All Persons),Vulnerable User Location (All Persons),Vulnerable User Type (All Persons),RMV Document Numbers,Road Surface Condition,Roadway Junction Type,RPA Abbreviation,Total Fatalities,Total Non-Fatal Injuries,Traffic Control Device Type,Trafficway Description,Vehicle Actions Prior to Crash (All Vehicles),Vehicle Configuration (All Vehicles),Vehicle Emergency Use (All Vehicles),Vehicle Towed From Scene (All Vehicles),Vehicle Travel Directions (All Vehicles),Weather Conditions,County Name,Crash Report IDs,FMCSA Reportable (All Vehicles),FMCSA Reportable (Crash),First Harmful Event Location,Geocoding Method,Hit and Run,Locality,Most Harmful Event (All Vehicles),Road Contributing Circumstance,School Bus Related,Speed Limit,Traffic Control Device Function,Vehicle Sequence of Events (All Vehicles),Work Zone Related,Vulnerable User Sequence of Events (All Persons),Vulnerable User Distracted By (All Persons),Vulnerable User Traffic Control Type (All persons),Vulnerable User Origin Destination (All Persons),Vulnerable User Contributing Circumstances (All Persons),Vulnerable User Alcohol Suspected Type (All Persons),Vulnerable User Drug Suspected Type (All Persons),X,Y,Latitude,Longitude,Street Number,Roadway,Near Intersection Roadway,Distance and Direction From Intersection,Milemarker,Milemarker Route,Distance and Direction From Milemarker,Exit Number,Exit Route,Distance and Direction From Exit,Landmark,Distance and Direction From Landmark,AADT-linked RD,AADT Year-linked RD,Peak % Single Unit Trucks-linked RD,Single-Unit Truck and Bus AADT-linked RD,Peak % Combo Trucks-linked RD,Combination Truck AADT-linked RD,Curb-linked RD-linked RD,Jurisdiction-linked RD,Truck Route-linked RD,Left Sidewalk Width-linked RD,Right Sidewalk Width-linked RD,Left Shoulder Width-linked RD,Left Shoulder Type-linked RD,Surface Width-linked RD,Surface Type-linked RD,Right Shoulder Width-linked RD,Right Shoulder Type-linked RD,Number of Travel Lanes-linked RD,Number of Opposing Travel Lanes-linked RD,Median Width-linked RD,Median Type-linked RD,Urban Type-linked RD,Functional Classification-linked RD,Urbanized Area-linked RD,Federal Aid Route Number-linked RD,Facility Type-linked RD,Street Operation-linked RD,Access Control-linked RD,Number of Peak Hour Lanes-linked RD,Speed Limit-linked RD,Street Name-linked RD,From Street Name-linked RD,To Street Name-linked RD,City-linked RD-linked RD,Structural Condition-linked RD,Terrain-linked RD,Urban Location Type-linked RD,AADT Derivation-linked RD,AADT Station Number-linked RD,Opposing Direction Speed Limit-linked RD,Undivided Left Shoulder Type-linked RD,Undivided Left Shoulder Width-linked RD,Truck Exclusion Type-linked RD,Truck Exclusion Time-linked RD,Federal Functional Classification-linked RD
5599752,MALDEN,9/22/25,Property damage only (none injured),Open,5:51 PM,2025,No Apparent Injury (O),1,Local police,,>84,>84,,,05:00PM to 05:59PM,D1: (No improper driving) ,D1: Not Distracted,Collision with motor vehicle in traffic,Yes,Daylight,"Sideswipe, same direction",4,,,, PW20254647169,Dry,T-intersection,MAPC,0,0,Traffic control signal,"Two-way, not divided",V1: Slowing or stopped in traffic,V1:(Passenger car),V1:(No),V1:(No),V1: E,Clear,MIDDLESEX,25000698,"V1:(No, not federally reportable)","No, not federally reportable",Roadway,At Intersection,"Yes, hit and run",,V1:(Collision with motor vehicle in traffic),None,"No, school bus not involved",25,"Yes, device functioning", V1:(Collision with motor vehicle in traffic),No,,,,,,,,239129.344,909132.5002,42.43173224,-71.02446967,, BEACH ST Rte E  / HANCOCK RD Rte N,,,,,,,,,,,17337,2020,0.558,797,0.155,190,Both sides,Massachusetts Department of Transportation,,6,6,0,No Shoulder,28,Bituminous concrete road,0,No Shoulder,2,0,0,None,Large Urbanized Area,Rural minor arterial or urban principal arterial,Boston (MA-NH-RI),,Mainline roadway,Two-way traffic,No Access Control,,35,BEACH STREET,REVERE CITY LINE,SALEM STREET,MALDEN,Good,Level Terrain,,Pulled back from HPMS network estimation routine,,35,0,0,,,Principal Arterial - Other
5599753,MALDEN,9/30/25,Property damage only (none injured),Open,5:50 PM,2025,No Apparent Injury (O),1,Local police,,45-54,45-54,,,05:00PM to 05:59PM,D1: (Unknown) ,,Collision with tree,Yes,Daylight,Single vehicle crash,4,,,, PW20254647163,Dry,Not at junction,MAPC,0,0,No controls,"Two-way, not divided",V1: Turning left,V1:(Passenger car),V1:(No),V1:(No),V1: S,Clear,MIDDLESEX,25000722,"V1:(No, not federally reportable)","No, not federally reportable",Roadway,At Address,No hit and run,,V1:(Collision with tree),Unknown,"No, school bus not involved",15,Not reported, V1:(Collision with tree),No,,,,,,,,236460.0101,909246.4054,42.43288708,-71.0569017,93, BOWERS AV Rte S,,,,,,,,,,,1154,,,,,,Both sides,City or Town accepted road,,7,7,0,No Shoulder,25,Bituminous concrete road,0,No Shoulder,2,0,0,None,Large Urbanized Area,Local,Boston (MA-NH-RI),,Mainline roadway,Two-way traffic,No Access Control,,,BOWERS AVENUE,RUTLAND STREET,CUL_DE_SAC,MALDEN,Good,Mountainous Terrain,,,,,0,0,,,Local
5599754,MALDEN,9/22/25,Property damage only (none injured),Open,11:19 AM,2025,No Apparent Injury (O),1,Local police,,75-84,75-84,,,11:00AM to 11:59AM,D1: (No improper driving) ,D1: Not Distracted,Collision with motor vehicle in traffic,Yes,Daylight,Rear-end,4,,,, PW20254647165,Dry,Four-way intersection,MAPC,0,0,Traffic control signal,"Two-way, not divided",V1: Slowing or stopped in traffic,V1:(Passenger car),V1:(No),V1:(No),V1: E,Clear,MIDDLESEX,25000697,"V1:(No, not federally reportable)","No, not federally reportable",Roadway,At Intersection,"Yes, hit and run",,V1:(Collision with motor vehicle in traffic),None,"No, school bus not involved",25,Not reported, V1:(Collision with motor vehicle in traffic),No,,,,,,,,235572.8125,908388.375,42.42520363,-71.06773647,, CENTRE ST Rte E  / MAIN ST Rte,,,,,,,,,,,14589,2020,0.558,671,0.155,161,Both sides,City or Town accepted road,,0,8,0,No Shoulder,22,Bituminous concrete road,0,No Shoulder,2,2,5,Raised Median,Large Urbanized Area,Rural minor arterial or urban principal arterial,Boston (MA-NH-RI),,Mainline roadway,Two-way traffic,No Access Control,,30,CENTRE STREET,PLEASANT STREET,EASTERN AVENUE,MALDEN,Good,Level Terrain,,Pulled back from HPMS network estimation routine,,0,0,0,,,Principal Arterial - Other
5599755,MALDEN,9/21/25,Non-fatal injury,Open,10:03 PM,2025,Possible Injury (C),3,Local police,,25-34,55-64,,,10:00PM to 10:59PM,"D1: (No improper driving),(Other improper action)  / D3: (No improper driving) ",D1: Not Distracted / D3: Not Distracted,Collision with parked motor vehicle,Yes,Dark - lighted roadway,Rear-end,4,,,, PW20254647168,Dry,Four-way intersection,MAPC,0,1,Traffic control signal,"Two-way, divided, unprotected median",V1: Travelling straight ahead / V2: Slowing or stopped in traffic / V3: Parked,V1:(Passenger car) / V2:(Passenger car) / V3:(Passenger car),V1:(No) / V2:(No) / V3:(No),"V1:(Yes, vehicle or trailer disabled) / V2:(No) / V3:(No)",V1: E  / V2: E  / V3:,Clear,MIDDLESEX,25000694,"V1:(No, not federally reportable) / V2:(No, not federally reportable) / V3:(No, not federally reportable)","No, not federally reportable",Roadway,At Intersection,No hit and run,,V1:(Collision with motor vehicle in traffic) / V2:(Collision with motor vehicle in traffic) / V3:(Collision with motor vehicle in traffic),None,"No, school bus not involved",35,"Yes, device functioning"," V1:(Collision with parked motor vehicle),(Collision with motor vehicle in traffic) V2:(Collision with motor vehicle in traffic) V3:(Collision with motor vehicle in traffic)",No,,,,,,,,237347.5625,909323.8126,42.43354192,-71.04611048,, MAPLEWOOD ST Rte 6  / SALEM ST Rte E,,,,,,,,,,,12863,2020,0.477,628,0.068,77,Both sides,City or Town accepted road,,7,7,0,No Shoulder,34,Bituminous concrete road,0,No Shoulder,2,0,0,None,Large Urbanized Area,Urban minor arterial or rural major collector,Boston (MA-NH-RI),,Mainline roadway,Two-way traffic,No Access Control,,30,LEBANON STREET,MELROSE CITY LINE,SALEM STREET,MALDEN,Good,Level Terrain,,Grown from Prior Year HPMS Network,,30,0,0,,,Minor Arterial
5599756,MALDEN,9/5/25,Property damage only (none injured),Open,5:29 PM,2025,No Apparent Injury (O),1,Local police,,35-44,35-44,,,05:00PM to 05:59PM,"D1: (No improper driving),(No improper driving) ",D1: Not Distracted,Collision with motor vehicle in traffic,Yes,Daylight,"Sideswipe, same direction",4,,,, PW20254647170,Dry,Not at junction,MAPC,0,0,No controls,"Two-way, not divided",V1: Travelling straight ahead,,V1:(No),V1:(No),V1: E,Clear,MIDDLESEX,25000678,"V1:(No, not federally reportable)","No, not federally reportable",Roadway,Operator Designated,"Yes, hit and run",,V1:(Collision with motor vehicle in traffic),None,"No, school bus not involved",20,Not reported, V1:(Collision with motor vehicle in traffic),No,,,,,,,,237221.4613,909260.6767,42.43297957,-71.04764704,, SALEM STREET, ROCKWELL STREET,100 feet E  of,,,,,,,,,13055,2020,0.477,638,0.068,78,Both sides,City or Town accepted road,,9,9,0,No Shoulder,40,Bituminous concrete road,0,No Shoulder,2,0,0,None,Large Urbanized Area,Urban minor arterial or rural major collector,Boston (MA-NH-RI),,Mainline roadway,Two-way traffic,No Access Control,,30,SALEM STREET,MAIN STREET ,,MALDEN,Good,Level Terrain,,Grown from Prior Year HPMS Network,,30,0,0,,,Minor Arterial
5599757,MALDEN,9/27/25,Property damage only (none injured),Open,8:12 PM,2025,No Apparent Injury (O),2,Local police,,45-54,45-54,,,08:00PM to 08:59PM,D2: (Unknown) ,D2: Not Distracted,Collision with parked motor vehicle,Yes,Daylight,"Sideswipe, opposite direction",4,,,, PW20254647167,Dry,T-intersection,MAPC,0,0,No controls,"Two-way, not divided",V1: Parked / V2: Turning right,"V1:(Light truck(van, mini-van, pickup, sport utility)) / V2:(Single-unit truck (2-axle, 6-tires))",V1:(No) / V2:(Yes),V1:(No) / V2:(No),V1:    / V2: S,Clear/Clear,MIDDLESEX,25000711,"V1:(No, not federally reportable) / V2:(No, not federally reportable)","No, not federally reportable",Roadway,At Intersection,No hit and run,,V1:(Collision with motor vehicle in traffic) / V2:(Collision with parked motor vehicle),Other,"No, school bus not involved",20,Not reported, V1:(Collision with motor vehicle in traffic) V2:(Collision with parked motor vehicle),No,,,,,,,,236154.1217,907357.9819,42.41590074,-71.06073728,, BELMONT Rte S  / ARLINGTON Rte N,,,,,,,,,,,2822,2020,0.21,137,0,17,Both sides,City or Town accepted road,,8,8,0,No Shoulder,30,Bituminous concrete road,0,No Shoulder,2,0,0,None,Large Urbanized Area,Urban collector or rural minor collector,Boston (MA-NH-RI),,Mainline roadway,Two-way traffic,No Access Control,,99,BELMONT STREET,FERRY STREET,MAIN STREET,MALDEN,Good,Rolling Terrain,,Grown from Prior Year HPMS Network,,99,0,0,,,Major Collector
5599758,MALDEN,9/23/25,Unknown,Open,8:17 AM,2025,Not reported,1,Local police,,,,,,08:00AM to 08:59AM,,,Collision with parked motor vehicle,Yes,Unknown,Unknown,4,,,, PW20254647172,Unknown,Not at junction,MAPC,0,0,No controls,"Two-way, not divided",V1: Parked,V1:(Passenger car),V1:(No),V1:(No),V1: S,Unknown,MIDDLESEX,25000702,"V1:(No, not federally reportable)","No, not federally reportable",Roadway,At Address,"Yes, hit and run",,V1:(Collision with parked motor vehicle),Unknown,"No, school bus not involved",25,Not reported, V1:(Collision with parked motor vehicle),No,,,,,,,,235879.5085,907297.5641,42.41536951,-71.06407745,8, BELMONT STREET Rte E,,,,,,,,,,,3581,2020,,,,,Both sides,City or Town accepted road,,8,8,0,No Shoulder,30,Bituminous concrete road,0,No Shoulder,2,0,0,None,Large Urbanized Area,Urban collector or rural minor collector,Boston (MA-NH-RI),,Mainline roadway,Two-way traffic,No Access Control,,99,BELMONT STREET,FERRY STREET,MAIN STREET,MALDEN,Good,Level Terrain,,Pulled back from HPMS network estimation routine,,99,0,0,,,Major Collector
5599759,MALDEN,9/16/25,Property damage only (none injured),Open,1:04 PM,2025,No Apparent Injury (O),3,Local police,,25-34,45-54,,,01:00PM to 01:59PM,"D1: (Operating vehicle in erratic, reckless, careless, negligent or aggressive manner)  / D3: (No improper driving) ",D3: Not Distracted,Collision with parked motor vehicle,Yes,Daylight,Rear-to-rear,4,,,, PW20254647171,Dry,Not at junction,MAPC,0,0,No controls,Unknown,V1: Backing / V2: Parked / V3: Parked,V1:(Passenger car) / V2:(Passenger car) / V3:(Passenger car),V1:(No) / V2:(No) / V3:(No),V1:(No) / V2:(No) / V3:(No),V1: E  / V2: N  / V3: N,Clear,MIDDLESEX,25000687,"V1:(No, not federally reportable) / V2:(No, not federally reportable) / V3:(No, not federally reportable)","No, not federally reportable",Outside roadway,At Address,No hit and run,,V1:(Collision with parked motor vehicle) / V2:(Collision with motor vehicle in traffic) / V3:(Collision with parked motor vehicle),None,"No, school bus not involved",25,Not reported," V1:(Collision with parked motor vehicle) V2:(Collision with motor vehicle in traffic),(Collision with parked motor vehicle),(Collision with light  pole or other post/support) V3:(Collision with parked motor vehicle)",No,,,,,,,,234944.4372,907956.156,42.42134097,-71.0753982,192, COMMERCIAL ST Rte E,,,,,,,,,,,14655,2020,0.477,718,0.068,88,Both sides,City or Town accepted road,,7,7,0,No Shoulder,46,Bituminous concrete road,0,No Shoulder,4,0,0,None,Large Urbanized Area,Urban minor arterial or rural major collector,Boston (MA-NH-RI),,Mainline roadway,Two-way traffic,No Access Control,,30,COMMERCIAL STREET,PLEASANT STREET,MEDFORD CITY LINE,MALDEN,Good,Level Terrain,,Grown from Prior Year HPMS Network,,30,0,0,,,Minor Arterial
5599760,MALDEN,9/23/25,Non-fatal injury,Open,6:06 AM,2025,Suspected Minor Injury (B),2,Local police,,35-44,55-64,,,06:00AM to 06:59AM,"D1: (No improper driving),(No improper driving)  / D2: (Unknown) ",,Collision with motor vehicle in traffic,Yes,Daylight,Rear-end,4,,,, PW20254647175,Dry,Not at junction,MAPC,0,1,No controls,"Two-way, not divided",V1: Travelling straight ahead / V2: Travelling straight ahead,"V1:(Motorcycle) / V2:(Light truck(van, mini-van, pickup, sport utility))",V1:(No) / V2:(No),V1:(No) / V2:(No),V1: N  / V2: N,Clear/Clear,MIDDLESEX,25000701,"V1:(No, not federally reportable) / V2:(No, not federally reportable)","No, not federally reportable",Roadway,Operator Designated,No hit and run,,V1:(Collision with motor vehicle in traffic) / V2:(Collision with motor vehicle in traffic),None,"No, school bus not involved",25,"No, device not functioning", V1:(Collision with motor vehicle in traffic) V2:(Collision with motor vehicle in traffic),No,,,,,,,,238583.5992,910241.1284,42.44173985,-71.03102778,, BROADWAY Rte SR99 N, BAYRD STREET,150 feet N  of,,,,,,,,,24544,2020,0.33,957,0.105,271,Both sides,City or Town accepted road,,10,10,0,No Shoulder,26,Bituminous concrete road,8,Hardened bituminous mix or penetration,2,0,0,None,Large Urbanized Area,Rural minor arterial or urban principal arterial,Boston (MA-NH-RI),,Mainline roadway,Two-way traffic,No Access Control,,35,BROADWAY,EVERETT CITY LINE,MELROSE CITY LINE,MALDEN,Good,Level Terrain,,Grown from Prior Year HPMS Network,,35,Surfaced shoulder exists – Portland Cement Concrete surface (PCC,8,,,Principal Arterial - Other
5599761,MALDEN,9/20/25,Unknown,Open,7:12 PM,2025,Not reported,2,Local police,,,,,,07:00PM to 07:59PM,D1: (Wrong side or wrong way) ,,Collision with parked motor vehicle,Yes,Dark - lighted roadway,"Sideswipe, opposite direction",4,,,, PW20254647173,Dry,Not at junction,MAPC,0,0,Stop signs,"One-way, not divided",V1: Travelling straight ahead / V2: Parked,V1:(Passenger car) / V2:(Passenger car),V1:(No) / V2:(No),V1:(No) / V2:(No),V1: N  / V2: Not Reported,Clear,MIDDLESEX,25000692,"V1:(No, not federally reportable) / V2:(No, not federally reportable)","No, not federally reportable",Roadside,At Address,"Yes, hit and run",,V1:(Collision with parked motor vehicle) / V2:(Collision with motor vehicle in traffic),None,"No, school bus not involved",25,"Yes, device functioning", V1:(Collision with parked motor vehicle) V2:(Collision with motor vehicle in traffic),No,,,,,,,,237686.4258,909428.1218,42.43446466,-71.0419855,15, STANTON ST Rte S,,,,,,,,,,,1154,,,,,,Both sides,City or Town accepted road,,7,7,0,No Shoulder,25,Surface-treated road,0,No Shoulder,2,0,0,None,Large Urbanized Area,Local,Boston (MA-NH-RI),,Mainline roadway,One-way traffic,No Access Control,,,STANTON STREET,DODGE STREET,SALEM STREET,MALDEN,Good,Level Terrain,,,,,0,0,,,Local
5599762,MALDEN,9/28/25,Property damage only (none injured),Open,4:13 PM,2025,No Apparent Injury (O),2,Local police,,35-44,35-44,,,04:00PM to 04:59PM,D1: (Unknown) ,,Collision with motor vehicle in traffic,Yes,Daylight,Rear-end,4,,,, PW20254647174,Dry,Unknown,MAPC,0,0,Traffic control signal,"Two-way, divided, unprotected median",V1: Travelling straight ahead / V2: Travelling straight ahead,V1:(Passenger car) / V2:(Passenger car),V1:(No) / V2:(No),"V1:(Yes, vehicle or trailer disabled) / V2:(No)",V1: S  / V2: S,Clear,MIDDLESEX,25000712,"V1:(No, not federally reportable) / V2:(No, not federally reportable)","No, not federally reportable",Roadway,At Address,No hit and run,,V1:(Collision with motor vehicle in traffic) / V2:(Collision with motor vehicle in traffic),None,"No, school bus not involved",25,"Yes, device functioning", V1:(Collision with motor vehicle in traffic) V2:(Collision with motor vehicle in traffic),No,,,,,,,,234450.5263,908732.918,42.42835578,-71.08135317,475, HIGHLAND AV Rte S,,,,,,,,,,,14259,2020,0.632,812,0.109,115,Both sides,City or Town accepted road,,8,9,0,No Shoulder,28,Bituminous concrete road,0,No Shoulder,2,0,0,None,Large Urbanized Area,Urban minor arterial or rural major collector,Boston (MA-NH-RI),,Mainline roadway,Two-way traffic,No Access Control,,30,HIGHLAND AVENUE,MEDFORD CITY LINE,MEDFORD CITY LINE,MALDEN,Good,Level Terrain,,Pulled back from HPMS network estimation routine,,30,0,0,,,Minor Arterial
5599763,MALDEN,9/21/25,Non-fatal injury,Open,10:18 PM,2025,Suspected Minor Injury (B),2,Local police,,25-34,25-34,,,10:00PM to 10:59PM,D1: (Unknown)  / D2: (Unknown) ,,Collision with motor vehicle in traffic,Yes,Dark - lighted roadway,Rear-end,4,,,, PW20254647179,Dry,Not at junction,MAPC,0,1,No controls,"Two-way, not divided",V1: Travelling straight ahead / V2: Travelling straight ahead,V1:(Passenger car) / V2:(Passenger car),V1:(No) / V2:(No),"V1:(No) / V2:(Yes, vehicle or trailer disabled)",V1: E  / V2: E,Clear,MIDDLESEX,25000693,"V1:(No, not federally reportable) / V2:(No, not federally reportable)","No, not federally reportable",Roadway,At Address,No hit and run,,V1:(Collision with motor vehicle in traffic) / V2:(Collision with motor vehicle in traffic),Unknown,"No, school bus not involved",25,Not reported, V1:(Collision with motor vehicle in traffic) V2:(Collision with motor vehicle in traffic),No,,,,,,,,237796.4444,908231.2431,42.42368442,-71.04072676,12, LYNN ST Rte E,,,,,,,,,,,6996,2020,0.232,344,0,41,Both sides,City or Town accepted road,,7,7,0,No Shoulder,36,Bituminous concrete road,0,No Shoulder,2,0,0,None,Large Urbanized Area,Urban minor arterial or rural major collector,Boston (MA-NH-RI),,Mainline roadway,Two-way traffic,No Access Control,,30,LYNN STREET,EVERETT CITY LINE,REVERE CITY LINE,MALDEN,Good,Rolling Terrain,,Grown from Prior Year HPMS Network,,30,0,0,,,Minor Arterial
5599764,MALDEN,9/29/25,Property damage only (none injured),Open,8:42 AM,2025,No Apparent Injury (O),2,Local police,,35-44,35-44,,,08:00AM to 08:59AM,D1: (No improper driving) ,D1: Not Distracted,Collision with motor vehicle in traffic,Yes,Daylight,"Sideswipe, same direction",4,,,, PW20254647176,Dry,T-intersection,MAPC,0,0,Stop signs,"One-way, not divided",V1: Turning left / V2: Overtaking/passing,V1:(Single-unit truck (3-or-more axles)) / V2:(Passenger car),V1:(No) / V2:(No),V1:(No) / V2:(No),V1: E  / V2: E,Clear/Clear,MIDDLESEX,25000713,"V1:(No, not federally reportable) / V2:(No, not federally reportable)","No, not federally reportable",Roadway,At Intersection,"Yes, hit and run",,V1:(Collision with motor vehicle in traffic) / V2:(Collision with motor vehicle in traffic),None,"No, school bus not involved",20,Not reported, V1:(Collision with motor vehicle in traffic) V2:(Collision with motor vehicle in traffic),No,,,,,,,,234618.3439,907996,42.42171422,-71.07935803,, ADAMS ST Rte E  / RUSSELL Rte S,,,,,,,,,,,1154,,,,,,Both sides,City or Town accepted road,,8,8,0,No Shoulder,25,Bituminous concrete road,0,No Shoulder,2,0,0,None,Large Urbanized Area,Local,Boston (MA-NH-RI),,Mainline roadway,One-way traffic,No Access Control,,,ADAMS STREET,FELLSWAY,COMMERCIAL STREET,MALDEN,Good,Level Terrain,,,,,0,0,,,Local
5599765,MALDEN,9/25/25,Non-fatal injury,Open,4:49 PM,2025,Possible Injury (C),3,Local police,,25-34,25-34,,,04:00PM to 04:59PM,D1: (Unknown)  / D2: (No improper driving)  / D3: (No improper driving) ,,Collision with motor vehicle in traffic,Yes,Daylight,Rear-end,4,,,, PW20254647177,Wet,Not at junction,MAPC,0,2,No controls,"Two-way, not divided",V1: Travelling straight ahead / V2: Travelling straight ahead / V3: Travelling straight ahead,"V1:(Passenger car) / V2:(Light truck(van, mini-van, pickup, sport utility)) / V3:(Light truck(van, mini-van, pickup, sport utility))",V1:(No) / V2:(No) / V3:(No),"V1:(Yes, vehicle or trailer disabled) / V2:(No) / V3:(No)",V1: W  / V2: W  / V3: W,Cloudy/Rain,MIDDLESEX,25000708,"V1:(No, not federally reportable) / V2:(No, not federally reportable) / V3:(No, not federally reportable)","No, not federally reportable",Roadway,At Address,No hit and run,,V1:(Collision with motor vehicle in traffic) / V2:(Collision with motor vehicle in traffic) / V3:(Collision with motor vehicle in traffic),Other,"No, school bus not involved",30,Not reported, V1:(Collision with motor vehicle in traffic) V2:(Collision with motor vehicle in traffic) V3:(Collision with motor vehicle in traffic),No,,,,,,,,237496.6671,908929.5323,42.42998526,-71.04432402,906, EASTERN AVE Rte W,,,,,,,,,,,16102,2020,0.558,740,0.155,177,Both sides,City or Town accepted road,,6,6,0,No Shoulder,28,Bituminous concrete road,0,No Shoulder,2,0,0,None,Large Urbanized Area,Rural minor arterial or urban principal arterial,Boston (MA-NH-RI),,Mainline roadway,Two-way traffic,No Access Control,,30,EASTERN AVENUE,MAIN STREET,LYNN STREET,MALDEN,Good,Level Terrain,,Pulled back from HPMS network estimation routine,,30,Surfaced shoulder exists – Portland Cement Concrete surface (PCC,8,,,Principal Arterial - Other
5599766,MALDEN,9/30/25,Property damage only (none injured),Open,10:34 AM,2025,No Apparent Injury (O),1,Local police,,35-44,35-44,,,10:00AM to 10:59AM,D1: (Unknown) ,,Unknown,Yes,Unknown,Rear-end,4,,,, PW20254647178,Unknown,Four-way intersection,MAPC,0,0,Traffic control signal,Unknown,V1: Slowing or stopped in traffic,V1:(Passenger car),V1:(No),V1:(No),V1: S,Unknown,MIDDLESEX,25000720,"V1:(No, not federally reportable)","No, not federally reportable",Unknown,At Intersection,"Yes, hit and run",,V1:(Unknown),Unknown,"No, school bus not involved",25,"Yes, device functioning",,No,,,,,,,,239160.0601,909119.9887,42.43161806,-71.02409724,, BEACH ST Rte S  / WESLEY ST Rte E,,,,,,,,,,,20450,2009,2,2,1,1,Both sides,Massachusetts Department of Transportation,,0,6,0,No Shoulder,22,Bituminous concrete road,0,No Shoulder,2,2,3,Raised Median,Large Urbanized Area,Rural minor arterial or urban principal arterial,Boston (MA-NH-RI),,Mainline roadway,Two-way traffic,No Access Control,,30,BEACH STREET,REVERE CITY LINE,SALEM STREET,MALDEN,Good,Level Terrain,,Calculated from Partial Counts,8456,0,0,0,,,Principal Arterial - Other
5599767,MALDEN,9/29/25,Unknown,Open,2:39 PM,2025,Not reported,1,Local police,,,,,,02:00PM to 02:59PM,,,Collision with parked motor vehicle,Yes,Daylight,Rear-end,4,,,, PW20254647180,Unknown,Driveway,MAPC,0,0,No controls,"Two-way, not divided",V1: Parked,"V1:(Light truck(van, mini-van, pickup, sport utility))",V1:(No),V1:(No),V1: S,Unknown/Unknown,MIDDLESEX,25000714,"V1:(No, not federally reportable)","No, not federally reportable",Roadway,At Address,"Yes, hit and run",,V1:(Unknown),None,"No, school bus not involved",25,Not reported,,No,,,,,,,,236230.0343,908333.862,42.42468261,-71.05975379,51, WARREN AV Rte S,,,,,,,,,,,1154,,,,,,Both sides,City or Town accepted road,,8,8,0,No Shoulder,25,Bituminous concrete road,0,No Shoulder,2,0,0,None,Large Urbanized Area,Local,Boston (MA-NH-RI),,Mainline roadway,Two-way traffic,No Access Control,,,WARREN AVENUE,UPHAM STREET,EASTERN AVENUE,MALDEN,Good,Level Terrain,,,,,0,0,,,Local
5599768,MALDEN,9/29/25,Property damage only (none injured),Open,2:11 PM,2025,No Apparent Injury (O),2,Local police,,25-34,35-44,,,02:00PM to 02:59PM,D1: (No improper driving)  / D2: (Inattention) ,D1: Not Distracted,Collision with motor vehicle in traffic,Yes,Daylight,Rear-end,4,,,, PW20254647181,Dry,Not at junction,MAPC,0,0,No controls,"Two-way, divided, unprotected median",V1: Slowing or stopped in traffic / V2: Travelling straight ahead,V1:(Passenger car) / V2:(Passenger car),V1:(No) / V2:(No),V1:(No) / V2:(No),V1: W  / V2: W,Clear/Clear,MIDDLESEX,25000715,"V1:(No, not federally reportable) / V2:(No, not federally reportable)","No, not federally reportable",Roadway,Off Intersection,No hit and run,,V1:(Collision with motor vehicle in traffic) / V2:(Collision with motor vehicle in traffic),None,"No, school bus not involved",25,Not reported, V1:(Collision with motor vehicle in traffic) V2:(Collision with motor vehicle in traffic),No,,,,,,,,235293.455,907597.4866,42.41809632,-71.07117934,, MEDFORD STREET, GREEN STREET,150 feet W  of,,,,,,,,,6501,2020,,,,,Both sides,City or Town accepted road,,7,7,0,No Shoulder,46,Bituminous concrete road,0,No Shoulder,2,0,0,None,Large Urbanized Area,Urban minor arterial or rural major collector,Boston (MA-NH-RI),,Mainline roadway,Two-way traffic,No Access Control,,99,MEDFORD STREET,MEDFORD CITY LINE,MAIN STREET,MALDEN,Good,Level Terrain,,Pulled back from HPMS network estimation routine,,99,0,0,,,Minor Arterial
5599769,MALDEN,9/30/25,Property damage only (none injured),Open,1:13 PM,2025,No Apparent Injury (O),2,Local police,,25-34,25-34,,,01:00PM to 01:59PM,D1: (Unknown) ,,Collision with parked motor vehicle,Yes,Daylight,Rear-end,4,,,, PW20254647182,Dry,Not at junction,MAPC,0,0,Traffic control signal,"Two-way, divided, unprotected median",V1: Travelling straight ahead / V2: Parked,V1:(Passenger car) / V2:(Passenger car),V1:(No) / V2:(No),V1:(No) / V2:(No),V1: N  / V2: Not Reported,Clear,MIDDLESEX,25000721,"V1:(No, not federally reportable) / V2:(No, not federally reportable)","No, not federally reportable",Roadside,At Address,No hit and run,,V1:(Collision with parked motor vehicle) / V2:(Collision with parked motor vehicle),None,"No, school bus not involved",25,"Yes, device functioning", V1:(Collision with parked motor vehicle) V2:(Collision with parked motor vehicle),No,,,,,,,,234518.4383,908202.6085,42.42357865,-71.0805596,313, HIGHLAND AVE Rte N,,,,,,,,,,,14259,2020,0.632,812,0.109,115,Both sides,City or Town accepted road,,9,9,0,No Shoulder,36,Bituminous concrete road,0,No Shoulder,2,0,0,None,Large Urbanized Area,Urban minor arterial or rural major collector,Boston (MA-NH-RI),,Mainline roadway,Two-way traffic,No Access Control,,25,HIGHLAND AVENUE,MEDFORD CITY LINE,MEDFORD CITY LINE,MALDEN,Good,Level Terrain,,Pulled back from HPMS network estimation routine,,25,0,0,,,Minor Arterial