Crash Number,City Town Name,Crash Date,Crash Severity,Crash Status,Crash Time,Crash Year,Max Injury Severity Reported,Number of Vehicles,Police Agency Type,State Police Troop,Age of Driver - Youngest Known,Age of Driver - Oldest Known,Age of Vulnerable User - Youngest Known,Age of Vulnerable User - Oldest Known,Crash Hour,Driver Contributing Circumstances (All Drivers),Driver Distracted By (All Vehicles),First Harmful Event,Is Geocoded,Light Conditions,Manner of Collision,MassDOT District,Vulnerable User Action (All Persons),Vulnerable User Location (All Persons),Vulnerable User Type (All Persons),RMV Document Numbers,Road Surface Condition,Roadway Junction Type,RPA Abbreviation,Total Fatalities,Total Non-Fatal Injuries,Traffic Control Device Type,Trafficway Description,Vehicle Actions Prior to Crash (All Vehicles),Vehicle Configuration (All Vehicles),Vehicle Emergency Use (All Vehicles),Vehicle Towed From Scene (All Vehicles),Vehicle Travel Directions (All Vehicles),Weather Conditions,County Name,Crash Report IDs,FMCSA Reportable (All Vehicles),FMCSA Reportable (Crash),First Harmful Event Location,Geocoding Method,Hit and Run,Locality,Most Harmful Event (All Vehicles),Road Contributing Circumstance,School Bus Related,Speed Limit,Traffic Control Device Function,Vehicle Sequence of Events (All Vehicles),Work Zone Related,Vulnerable User Sequence of Events (All Persons),Vulnerable User Distracted By (All Persons),Vulnerable User Traffic Control Type (All persons),Vulnerable User Origin Destination (All Persons),Vulnerable User Contributing Circumstances (All Persons),Vulnerable User Alcohol Suspected Type (All Persons),Vulnerable User Drug Suspected Type (All Persons),X,Y,Latitude,Longitude,Street Number,Roadway,Near Intersection Roadway,Distance and Direction From Intersection,Milemarker,Milemarker Route,Distance and Direction From Milemarker,Exit Number,Exit Route,Distance and Direction From Exit,Landmark,Distance and Direction From Landmark,AADT-linked RD,AADT Year-linked RD,Peak % Single Unit Trucks-linked RD,Single-Unit Truck and Bus AADT-linked RD,Peak % Combo Trucks-linked RD,Combination Truck AADT-linked RD,Curb-linked RD-linked RD,Jurisdiction-linked RD,Truck Route-linked RD,Left Sidewalk Width-linked RD,Right Sidewalk Width-linked RD,Left Shoulder Width-linked RD,Left Shoulder Type-linked RD,Surface Width-linked RD,Surface Type-linked RD,Right Shoulder Width-linked RD,Right Shoulder Type-linked RD,Number of Travel Lanes-linked RD,Number of Opposing Travel Lanes-linked RD,Median Width-linked RD,Median Type-linked RD,Urban Type-linked RD,Functional Classification-linked RD,Urbanized Area-linked RD,Federal Aid Route Number-linked RD,Facility Type-linked RD,Street Operation-linked RD,Access Control-linked RD,Number of Peak Hour Lanes-linked RD,Speed Limit-linked RD,Street Name-linked RD,From Street Name-linked RD,To Street Name-linked RD,City-linked RD-linked RD,Structural Condition-linked RD,Terrain-linked RD,Urban Location Type-linked RD,AADT Derivation-linked RD,AADT Station Number-linked RD,Opposing Direction Speed Limit-linked RD,Undivided Left Shoulder Type-linked RD,Undivided Left Shoulder Width-linked RD,Truck Exclusion Type-linked RD,Truck Exclusion Time-linked RD,Federal Functional Classification-linked RD
5606381,MALDEN,11/10/25,Property damage only (none injured),Open,1:23 PM,2025,No Apparent Injury (O),2,Local police,,25-34,45-54,,,01:00PM to 01:59PM,D1: (No improper driving)  / D2: (No improper driving) ,D1: Not Distracted / D2: Not Distracted,Collision with motor vehicle in traffic,No,Daylight,Angle,4,,,, PW20254654248,Wet,Not at junction,MAPC,0,0,No controls,"Two-way, divided, unprotected median",V1: Backing / V2: Turning left,"V1:(Light truck(van, mini-van, pickup, sport utility)) / V2:(Passenger car)",V1:(No) / V2:(No),V1:(No) / V2:(No),V1: W  / V2: S,Rain/Cloudy,MIDDLESEX,25000819,"V1:(No, not federally reportable) / V2:(No, not federally reportable)","No, not federally reportable",Roadway,,No hit and run,,V1:(Collision with motor vehicle in traffic) / V2:(Collision with motor vehicle in traffic),None,"No, school bus not involved",25,"Yes, device functioning", V1:(Collision with motor vehicle in traffic) V2:(Collision with motor vehicle in traffic),No,,,,,,,,,,,,200, MEDFORD ST Rte W,,,,,,,,,,,,2020,,,,,Both sides,City or Town accepted road,,,,0,No Shoulder,,Bituminous concrete road,0,No Shoulder,,0,0,None,Large Urbanized Area,Urban minor arterial or rural major collector,Boston (MA-NH-RI),,Mainline roadway,Two-way traffic,No Access Control,,99,MEDFORD STREET,MEDFORD CITY LINE,MAIN STREET,MALDEN,Good,Level Terrain,,,,99,0,0,,,Minor Arterial
5606382,MALDEN,11/15/25,Unknown,Open,9:04 AM,2025,Not reported,2,Local police,,,,,,09:00AM to 09:59AM,,,Collision with parked motor vehicle,No,Daylight,Angle,4,,,, PW20254654242,Unknown,Not at junction,MAPC,0,0,No controls,"Two-way, not divided",V1: Entering traffic lane / V2: Parked,"V1:(Light truck(van, mini-van, pickup, sport utility)) / V2:(Passenger car)",V1:(No) / V2:(No),V1:(No) / V2:(No),V1: U  / V2: Not Reported,Clear,MIDDLESEX,25000832,"V1:(No, not federally reportable) / V2:(No, not federally reportable)","No, not federally reportable",Roadway,,"Yes, hit and run",,V1:(Collision with parked motor vehicle) / V2:(Collision with parked motor vehicle),None,"No, school bus not involved",25,"No, device not functioning", V1:(Collision with parked motor vehicle) V2:(Collision with parked motor vehicle),No,,,,,,,,,,,,29, BELMONT ST Rte 6,,,,,,,,,,,,2020,,,,,Both sides,City or Town accepted road,,8,8,0,No Shoulder,30,Bituminous concrete road,0,No Shoulder,2,0,0,None,Large Urbanized Area,Urban collector or rural minor collector,Boston (MA-NH-RI),,Mainline roadway,Two-way traffic,No Access Control,,99,BELMONT STREET,FERRY STREET,MAIN STREET,MALDEN,Good,,,,,99,0,0,,,Major Collector
5606383,MALDEN,11/20/25,Unknown,Open,5:53 PM,2025,Not reported,2,Local police,,,,,,05:00PM to 05:59PM,,,Collision with motor vehicle in traffic,Yes,Unknown,Unknown,4,,,, PW20254654244,Unknown,Not at junction,MAPC,0,0,No controls,"Two-way, not divided",V1: Parked / V2: Unknown,V1:(Passenger car) / V2:(Other),V1:(No) / V2:(No),V1:(No) / V2:(No),V1: W  / V2: U,Unknown,MIDDLESEX,25000847,"V1:(No, not federally reportable) / V2:(No, not federally reportable)","No, not federally reportable",Roadway,At Address,"Yes, hit and run",,V1:(Collision with motor vehicle in traffic) / V2:(Collision with parked motor vehicle),None,"No, school bus not involved",25,"No, device not functioning", V1:(Collision with motor vehicle in traffic) V2:(Collision with parked motor vehicle),No,,,,,,,,236059.1721,908461.6273,42.42584074,-71.06182199,225, EASTERN AV Rte 6,,,,,,,,,,,20546,2020,0.33,800,0.105,226,Both sides,City or Town accepted road,,6,6,0,No Shoulder,18,Bituminous concrete road,0,No Shoulder,1,0,0,None,Large Urbanized Area,Rural minor arterial or urban principal arterial,Boston (MA-NH-RI),,Mainline roadway,One-way traffic,No Access Control,,30,EASTERN AVENUE,MAIN STREET,LYNN STREET,MALDEN,Good,Level Terrain,,Grown from Prior Year HPMS Network,,30,Surfaced shoulder exists – Portland Cement Concrete surface (PCC,2,,,Principal Arterial - Other
5606384,MALDEN,11/15/25,Property damage only (none injured),Open,2:19 PM,2025,No Apparent Injury (O),2,Local police,,21-24,21-24,,,02:00PM to 02:59PM,D1: (No improper driving) ,D1: Not Distracted,Collision with parked motor vehicle,Yes,Daylight,"Sideswipe, opposite direction",4,,,, PW20254654245,Dry,Not at junction,MAPC,0,0,No controls,"Two-way, divided, unprotected median",V1: Travelling straight ahead / V2: Parked,"V1:(Light truck(van, mini-van, pickup, sport utility)) / V2:(Passenger car)",V1:(No) / V2:(No),V1:(No) / V2:(No),V1: N  / V2: N,Clear,MIDDLESEX,25000834,"V1:(No, not federally reportable) / V2:(No, not federally reportable)","No, not federally reportable",Roadside,At Address,No hit and run,,V1:(Collision with parked motor vehicle) / V2:(Unknown),None,"No, school bus not involved",25,Not reported, V1:(Collision with parked motor vehicle),No,,,,,,,,234760.1765,907686.9897,42.41892603,-71.07765326,304, PEARL ST Rte N,,,,,,,,,,,2754,2020,0.21,133,0,17,Both sides,City or Town accepted road,,10,10,0,No Shoulder,28,Bituminous concrete road,0,No Shoulder,2,0,0,None,Large Urbanized Area,Urban collector or rural minor collector,Boston (MA-NH-RI),,Mainline roadway,Two-way traffic,No Access Control,,99,PEARL STREET,EVERETT CITY LINE,PLEASANT STREET,MALDEN,Good,Level Terrain,,Grown from Prior Year HPMS Network,,99,0,0,,,Major Collector
5606385,MALDEN,11/14/25,Property damage only (none injured),Open,8:47 AM,2025,No Apparent Injury (O),1,Local police,,35-44,35-44,,,08:00AM to 08:59AM,D1: (Glare) ,,Collision with other light pole or other post/support,Multiple,Daylight,Single vehicle crash,4,,,, PW20254654243,Dry,Not at junction,MAPC,0,0,No controls,Unknown,V1: Travelling straight ahead,V1:(Passenger car),V1:(No),V1:(No),V1: E,Clear,MIDDLESEX,25000831,"V1:(No, not federally reportable)","No, not federally reportable",Outside roadway,,No hit and run,,V1:(Collision with light pole or other post/support),None,"No, school bus not involved",5,"No, device not functioning", V1:(Collision with light  pole or other post/support),No,,,,,,,,,,,,575, BROADWAY Rte E, CENTRAL AVE Rte,,,,,,,,,,,2020,,,,,,,,,,0,No Shoulder,,Bituminous concrete road,,,,,,,Large Urbanized Area,Rural minor arterial or urban principal arterial,Boston (MA-NH-RI),,Mainline roadway,Two-way traffic,No Access Control,,,BROADWAY,EVERETT CITY LINE,MELROSE CITY LINE,MALDEN,Good,,,,,,,,,,Principal Arterial - Other
5606386,MALDEN,11/18/25,Non-fatal injury,Open,3:03 PM,2025,Suspected Minor Injury (B),2,Local police,,65-74,65-74,,,03:00PM to 03:59PM,D1: (Fatigued/asleep) ,D1: Not Distracted,Collision with parked motor vehicle,Yes,Daylight,Head-on,4,,,, PW20254654246,Dry,Not at junction,MAPC,0,1,No controls,"Two-way, not divided",V1: Travelling straight ahead / V2: Parked,V1:(Passenger car) / V2:(Passenger car),V1:(No) / V2:(No),"V1:(Yes, vehicle or trailer disabled) / V2:(Yes, vehicle or trailer disabled)",V1: E  / V2:,Clear,MIDDLESEX,25000842,"V1:(No, not federally reportable) / V2:(No, not federally reportable)","No, not federally reportable",Roadway,At Address,No hit and run,,V1:(Collision with parked motor vehicle) / V2:(Collision with parked motor vehicle),None,"No, school bus not involved",30,"Yes, device functioning", V1:(Collision with parked motor vehicle) V2:(Collision with parked motor vehicle),No,,,,,,,,235791.1827,907815.7173,42.42003826,-71.06511846,100, JUDSON ST Rte E,,,,,,,,,,,1154,,,,,,Both sides,City or Town accepted road,,6,7,0,No Shoulder,27,Bituminous concrete road,0,No Shoulder,2,0,0,None,Large Urbanized Area,Local,Boston (MA-NH-RI),,Mainline roadway,Two-way traffic,No Access Control,,,JUDSON STREET,WALNUT STREET,MAIN STREET,MALDEN,Good,Level Terrain,,,,,0,0,,,Local
5606387,MALDEN,11/17/25,Property damage only (none injured),Open,8:42 AM,2025,No Apparent Injury (O),1,Local police,,35-44,35-44,,,08:00AM to 08:59AM,D1: (No improper driving) ,D1: Not Distracted,Collision with motor vehicle in traffic,Yes,Daylight,"Sideswipe, same direction",4,,,, PW20254654253,Dry,Not at junction,MAPC,0,0,No controls,"Two-way, divided, positive median barrier",V1: Parked,V1:(Passenger car),V1:(No),V1:(No),V1: S,Clear,MIDDLESEX,25000838,"V1:(No, not federally reportable)","No, not federally reportable",Roadway,At Address,"Yes, hit and run",,V1:(Collision with motor vehicle in traffic),None,"No, school bus not involved",25,Not reported, V1:(Collision with motor vehicle in traffic),No,,,,,,,,235629.543,908571.6267,42.42685077,-71.06703581,428, MAIN ST Rte S,,,,,,,,,,,,,,,,,Both sides,City or Town accepted road,,5,,0,No Shoulder,20,Bituminous concrete road,0,No Shoulder,1,1,3,Raised Median,Large Urbanized Area,Rural minor arterial or urban principal arterial,Boston (MA-NH-RI),,Mainline roadway,Two-way traffic,No Access Control,,30,MAIN STREET,MELROSE CITY LINE,EVERETT CITY LINE,MALDEN,Good,Level Terrain,,,,30,0,0,,,Principal Arterial - Other
5606388,MALDEN,11/11/25,Property damage only (none injured),Open,4:19 PM,2025,No Apparent Injury (O),3,Local police,,35-44,35-44,,,04:00PM to 04:59PM,D1: (Unknown) ,,Collision with parked motor vehicle,Yes,Dusk,"Sideswipe, opposite direction",4,,,, PW20254654249,Dry,Not at junction,MAPC,0,0,No controls,"Two-way, divided, unprotected median",V1: Unknown / V2: Parked / V3: Parked,V1:(Passenger car) / V2:(Passenger car) / V3:(Passenger car),V1:(No) / V2:(No) / V3:(No),"V1:(No) / V2:(Yes, vehicle or trailer disabled) / V3:(Yes, vehicle or trailer disabled)",V1: E  / V2: Not Reported / V3: Not Reported,Clear,MIDDLESEX,25000825,"V1:(No, not federally reportable) / V2:(No, not federally reportable) / V3:(No, not federally reportable)","No, not federally reportable",Roadway,At Address,No hit and run,,V1:(Collision with parked motor vehicle) / V2:(Collision with parked motor vehicle) / V3:(Collision with parked motor vehicle),None,"No, school bus not involved",25,Not reported, V1:(Collision with parked motor vehicle) V2:(Collision with parked motor vehicle) V3:(Collision with parked motor vehicle),No,,,,,,,,236446.7476,909052.4417,42.43114154,-71.05707512,300, SALEM ST Rte E,,,,,,,,,,,13810,2020,0.477,676,0.068,83,Both sides,City or Town accepted road,,9,9,0,No Shoulder,40,Bituminous concrete road,0,No Shoulder,2,0,0,None,Large Urbanized Area,Urban minor arterial or rural major collector,Boston (MA-NH-RI),,Mainline roadway,Two-way traffic,No Access Control,,30,SALEM STREET,MAIN STREET ,,MALDEN,Good,Level Terrain,,Grown from Prior Year HPMS Network,,30,0,0,,,Minor Arterial
5606389,MALDEN,11/12/25,Unknown,Open,7:56 PM,2025,Not reported,1,Local police,,,,,,07:00PM to 07:59PM,,,Collision with parked motor vehicle,No,Unknown,Angle,4,,,, PW20254654252,Dry,Not at junction,MAPC,0,0,No controls,"Two-way, not divided",V1: Parked,V1:(Passenger car),V1:(No),V1:(No),V1: Not Reported,Clear,MIDDLESEX,25000828,"V1:(No, not federally reportable)","No, not federally reportable",Roadway,,"Yes, hit and run",,V1:(Collision with motor vehicle in traffic),Traffic congestion related,"No, school bus not involved",25,"No, device not functioning", V1:(Collision with motor vehicle in traffic),No,,,,,,,,,,,,25, BELMONT  ST Rte E,,,,,,,,,,,,,,,,,,,,,,,,,,,,,,,,,,,,,,,,,,,,,,,,,,,,,,,
5606390,MALDEN,11/11/25,Property damage only (none injured),Open,10:32 AM,2025,No Apparent Injury (O),1,Local police,,75-84,75-84,,,10:00AM to 10:59AM,D1: (No improper driving) ,D1: Not Distracted,Collision with other movable object,Yes,Daylight,Single vehicle crash,4,,,, PW20254654247,Dry,Not at junction,MAPC,0,0,No controls,"Two-way, not divided",V1: Travelling straight ahead,V1:(Passenger car),V1:(No),V1:(No),V1: W,Clear,MIDDLESEX,25000824,"V1:(No, not federally reportable)","No, not federally reportable",Outside roadway,At Address,No hit and run,,V1:(Collision with other movable object),None,"No, school bus not involved",25,"Yes, device functioning", V1:(Collision with other movable object),No,,,,,,,,237720.3647,908537.575,42.42644587,-71.0416312,100, BROADWAY Rte W,,,,,,,,,,,20559,2020,0.33,801,0.105,224,Both sides,City or Town accepted road,,6,6,0,No Shoulder,46,Bituminous concrete road,0,No Shoulder,4,0,0,None,Large Urbanized Area,Rural minor arterial or urban principal arterial,Boston (MA-NH-RI),,Mainline roadway,Two-way traffic,No Access Control,,35,BROADWAY,EVERETT CITY LINE,MELROSE CITY LINE,MALDEN,Good,Level Terrain,,Grown from Prior Year HPMS Network,,35,0,0,,,Principal Arterial - Other
5606391,MALDEN,11/12/25,Property damage only (none injured),Open,1:54 PM,2025,No Apparent Injury (O),1,Local police,,35-44,35-44,,,01:00PM to 01:59PM,D1: (Inattention) ,,Collision with motor vehicle in traffic,Yes,Daylight,Single vehicle crash,4,,,, PW20254654251,Dry,Not at junction,MAPC,0,0,No controls,"Two-way, not divided",V1: Travelling straight ahead,"V1:(Light truck(van, mini-van, pickup, sport utility))",V1:(No),"V1:(Yes, vehicle or trailer disabled)",V1: S,Clear,MIDDLESEX,25000827,"V1:(No, not federally reportable)","No, not federally reportable",Roadway,At Address,No hit and run,,V1:(Collision with tree),None,"No, school bus not involved",25,Not reported," V1:(Collision with curb),(Collision with light  pole or other post/support),(Collision with tree)",No,,,,,,,,238935.8352,909546.2539,42.43546674,-71.02679339,29, BRENTWOOD ST Rte S,,,,,,,,,,,1154,,,,,,None,City or Town accepted road,,5,5,0,No Shoulder,26,Bituminous concrete road,2,Stable - Unruttable compacted subgrade,2,0,0,None,Large Urbanized Area,Local,Boston (MA-NH-RI),,Mainline roadway,Two-way traffic,No Access Control,,,BRENTWOOD STREET,LAWRENCE STREET,SALEM STREET,MALDEN,Good,Rolling Terrain,,,,,0,0,,,Local
5606392,MALDEN,11/16/25,Property damage only (none injured),Open,6:39 PM,2025,No Apparent Injury (O),1,Local police,,45-54,45-54,,,06:00PM to 06:59PM,D1: (Unknown) ,,Collision with tree,Yes,Dark - lighted roadway,Single vehicle crash,4,,,, PW20254654250,Wet,Not at junction,MAPC,0,0,No controls,"Two-way, not divided",V1: Travelling straight ahead,V1:(Passenger car),V1:(No),"V1:(Yes, vehicle or trailer disabled)",V1: E,"Sleet, hail (freezing rain or drizzle)",MIDDLESEX,25000836,"V1:(No, not federally reportable)","No, not federally reportable",Roadside,At Address,No hit and run,,V1:(Collision with tree),Unknown,"No, school bus not involved",25,Not reported, V1:(Collision with tree),No,,,,,,,,236473.6495,908178.5781,42.42327331,-71.05680337,259, CROSS Rte E,,,,,,,,,,,7166,2020,0.232,352,0,42,Both sides,City or Town accepted road,,7,7,0,No Shoulder,25,Bituminous concrete road,0,No Shoulder,2,0,0,None,Large Urbanized Area,Urban minor arterial or rural major collector,Boston (MA-NH-RI),,Mainline roadway,Two-way traffic,No Access Control,,25,CROSS STREET,MAIN STREET,BRYANT STREET,MALDEN,Good,Level Terrain,,Grown from Prior Year HPMS Network,,25,0,0,,,Minor Arterial
5606393,MALDEN,11/25/25,Unknown,Open,5:31 PM,2025,Not reported,1,Local police,,,,,,05:00PM to 05:59PM,,,Unknown,Yes,Unknown,Unknown,4,,,, PW20254654254,Unknown,Not at junction,MAPC,0,0,No controls,Unknown,V1: Parked,V1:(Passenger car),V1:(No),V1:(No),V1:,Unknown,MIDDLESEX,25000863,"V1:(No, not federally reportable)","No, not federally reportable",Outside roadway,At Address,"Yes, hit and run",,V1:(Unknown),Unknown,"No, school bus not involved",25,Not reported,,No,,,,,,,,234858.271,908637.4717,42.4274784,-71.07640405,347, PLEASANT ST Rte 6,,,,,,,,,,,1154,,,,,,Left side only,City or Town accepted road,,4,0,0,No Shoulder,16,Surface-treated road,2,Unstable shoulder,2,0,0,None,Large Urbanized Area,Local,Boston (MA-NH-RI),,Mainline roadway,Two-way traffic,No Access Control,,,PLEASANT STREET PARK,PLEASANT STREET,CEDAR STREET,MALDEN,Deficient,Level Terrain,,,,,0,0,,,Local
5606394,MALDEN,11/20/25,Property damage only (none injured),Open,10:26 PM,2025,No Apparent Injury (O),1,Local police,,21-24,21-24,,,10:00PM to 10:59PM,D1: (No improper driving) ,,Collision with motor vehicle in traffic,Yes,Dark - lighted roadway,"Sideswipe, same direction",4,,,, PW20254654255,Dry,T-intersection,MAPC,0,0,No controls,"Two-way, not divided",V1: Travelling straight ahead,V1:(Passenger car),V1:(No),V1:(No),V1: E,Clear,MIDDLESEX,25000849,"V1:(No, not federally reportable)","No, not federally reportable",Roadway,At Intersection,No hit and run,,V1:(Collision with motor vehicle in traffic),None,"No, school bus not involved",25,Not reported, V1:(Collision with motor vehicle in traffic),No,,,,,,,,237651.8745,908947.0622,42.43013559,-71.04243677,, EASTERN AV Rte E  / SHEAFE ST Rte,,,,,,,,,,,16226,2020,0.558,747,0.155,179,Both sides,City or Town accepted road,,6,6,0,No Shoulder,28,Bituminous concrete road,0,No Shoulder,2,0,0,None,Large Urbanized Area,Rural minor arterial or urban principal arterial,Boston (MA-NH-RI),,Mainline roadway,Two-way traffic,No Access Control,,30,EASTERN AVENUE,MAIN STREET,LYNN STREET,MALDEN,Good,Level Terrain,,Pulled back from HPMS network estimation routine,,30,Surfaced shoulder exists – Portland Cement Concrete surface (PCC,8,,,Principal Arterial - Other
5606395,MALDEN,11/13/25,Property damage only (none injured),Open,12:55 PM,2025,No Apparent Injury (O),2,Local police,,18-20,18-20,,,12:00PM to 12:59PM,D1: (Unknown) ,,Collision with parked motor vehicle,Yes,Daylight,"Sideswipe, same direction",4,,,, PW20254654256,Dry,Not at junction,MAPC,0,0,No controls,"One-way, not divided",V1: Travelling straight ahead / V2: Parked,V1:(Passenger car) / V2:(Passenger car),V1:(No) / V2:(No),"V1:(Yes, vehicle or trailer disabled) / V2:(No)",V1: S  / V2: S,Cloudy,MIDDLESEX,25000830,"V1:(No, not federally reportable) / V2:(No, not federally reportable)","No, not federally reportable",Roadway,At Address,No hit and run,,V1:(Collision with parked motor vehicle) / V2:(Unknown),Unknown,"No, school bus not involved",25,"No, device not functioning", V1:(Collision with parked motor vehicle),No,,,,,,,,234080.7281,908357.5836,42.42499307,-71.08586908,13, GALE ST Rte S,,,,,,,,,,,1154,,,,,,Both sides,City or Town accepted road,,5,5,0,No Shoulder,20,Bituminous concrete road,0,No Shoulder,2,0,0,None,Large Urbanized Area,Local,Boston (MA-NH-RI),,Mainline roadway,One-way traffic,No Access Control,,,GALE STREET,PLEASANT STREET,CHARLES STREET,MALDEN,Good,Rolling Terrain,,,,,0,0,,,Local
5606396,MALDEN,11/19/25,Property damage only (none injured),Open,2:09 PM,2025,No Apparent Injury (O),2,Local police,,45-54,45-54,,,02:00PM to 02:59PM,"D1: (Operating vehicle in erratic, reckless, careless, negligent or aggressive manner)  / D2: (No improper driving),(No improper driving) ",D2: Not Distracted,Collision with parked motor vehicle,Yes,Daylight,Rear-to-rear,4,,,, PW20254654257,Dry,Not at junction,MAPC,0,0,Traffic control signal,"Two-way, not divided",V1: Backing / V2: Parked,V1:(Passenger car) / V2:(Single-unit truck (3-or-more axles)),V1:(No) / V2:(No),V1:(No) / V2:(No),V1: U  / V2: U,Clear/Clear,MIDDLESEX,25000843,"V1:(No, not federally reportable) / V2:(No, not federally reportable)","No, not federally reportable",Unknown,At Address,No hit and run,,V1:(Collision with parked motor vehicle) / V2:(Collision with other movable object),None,"No, school bus not involved",5,"No, device not functioning", V1:(Collision with parked motor vehicle) V2:(Collision with other movable object),No,,,,,,,,235621.4081,908740.7829,42.42837397,-71.06712423,520, MAIN ST Rte 6,,,,,,,,,,,10345,2020,0.164,213,0.01,28,Both sides,City or Town accepted road,,10,10,0,No Shoulder,26,Bituminous concrete road,0,No Shoulder,2,0,0,None,Large Urbanized Area,Rural minor arterial or urban principal arterial,Boston (MA-NH-RI),,Mainline roadway,Two-way traffic,No Access Control,,30,MAIN STREET,MELROSE CITY LINE,EVERETT CITY LINE,MALDEN,Good,Level Terrain,,Pulled back from HPMS network estimation routine,,30,0,0,,,Principal Arterial - Other
5606397,MALDEN,11/16/25,Unknown,Open,8:51 AM,2025,Not reported,1,Local police,,,,,,08:00AM to 08:59AM,,,Collision with curb,Yes,Dark - lighted roadway,Single vehicle crash,4,,,, PW20254654263,Wet,T-intersection,MAPC,0,0,Stop signs,"Two-way, not divided",V1: Travelling straight ahead,"V1:(Light truck(van, mini-van, pickup, sport utility))",V1:(No),V1:(No),V1: N,Rain/Rain,MIDDLESEX,25000837,"V1:(No, not federally reportable)","No, not federally reportable",Roadway,At Intersection,"Yes, hit and run",,"V1:(Collision with other fixed object (wall, building, tunnel, etc.))",None,"No, school bus not involved",20,Not reported," V1:(Collision with curb),(Collision with light  pole or other post/support),(Collision with other fixed object(wall, building, tunnel, etc.))",No,,,,,,,,236027.125,907316.0625,42.41552923,-71.06228285,, BELMONT ST Rte 6  / BUCKNAM ST Rte 6,,,,,,,,,,,3581,2020,,,,,Both sides,City or Town accepted road,,8,8,0,No Shoulder,30,Bituminous concrete road,0,No Shoulder,2,0,0,None,Large Urbanized Area,Urban collector or rural minor collector,Boston (MA-NH-RI),,Mainline roadway,Two-way traffic,No Access Control,,99,BELMONT STREET,FERRY STREET,MAIN STREET,MALDEN,Good,Level Terrain,,Pulled back from HPMS network estimation routine,,99,0,0,,,Major Collector
5606398,MALDEN,11/20/25,Property damage only (none injured),Open,1:10 PM,2025,No Apparent Injury (O),2,Local police,,55-64,55-64,,,01:00PM to 01:59PM,D2: (Unknown) ,,Collision with parked motor vehicle,Yes,Daylight,"Sideswipe, same direction",4,,,, PW20254654260,Dry,Not at junction,MAPC,0,0,No controls,"Two-way, divided, unprotected median",V1: Parked / V2: Travelling straight ahead,"V1:(Light truck(van, mini-van, pickup, sport utility)) / V2:(Passenger car)",V1:(No) / V2:(No),V1:(No) / V2:(No),V1: S  / V2: S,Clear,MIDDLESEX,25000846,"V1:(No, not federally reportable) / V2:(No, not federally reportable)","No, not federally reportable",Roadway,At Address,No hit and run,,V1:(Collision with motor vehicle in traffic) / V2:(Collision with parked motor vehicle),None,"No, school bus not involved",25,"Yes, device functioning", V1:(Collision with motor vehicle in traffic) V2:(Collision with parked motor vehicle),No,,,,,,,,237369.4929,909404.4372,42.43426669,-71.04583874,36, LEBANON ST Rte S,,,,,,,,,,,12863,2020,0.477,628,0.068,77,Both sides,City or Town accepted road,,7,7,0,No Shoulder,34,Bituminous concrete road,0,No Shoulder,2,0,0,None,Large Urbanized Area,Urban minor arterial or rural major collector,Boston (MA-NH-RI),,Mainline roadway,Two-way traffic,No Access Control,,30,LEBANON STREET,MELROSE CITY LINE,SALEM STREET,MALDEN,Good,Level Terrain,,Grown from Prior Year HPMS Network,,30,0,0,,,Minor Arterial
5606399,MALDEN,11/21/25,Property damage only (none injured),Open,10:33 AM,2025,No Apparent Injury (O),2,Local police,,25-34,65-74,,,10:00AM to 10:59AM,D1: (No improper driving)  / D2: (Unknown) ,,Collision with motor vehicle in traffic,Yes,Daylight,Angle,4,,,, PW20254654261,Dry,T-intersection,MAPC,0,0,Stop signs,"Two-way, not divided",V1: Turning left / V2: Turning left,"V1:(Passenger car) / V2:(Light truck(van, mini-van, pickup, sport utility))",V1:(No) / V2:(No),V1:(No) / V2:(No),V1: E  / V2: W,Clear,MIDDLESEX,25000852,"V1:(No, not federally reportable) / V2:(No, not federally reportable)","No, not federally reportable",Roadway,At Intersection,No hit and run,,V1:(Collision with motor vehicle in traffic) / V2:(Collision with motor vehicle in traffic),None,"No, school bus not involved",25,"Yes, device functioning", V1:(Collision with motor vehicle in traffic) V2:(Collision with motor vehicle in traffic),No,,,,,,,,236516.9065,910077.2498,42.44036409,-71.05615771,, FOREST ST Rte W  / SYLVAN ST Rte N,,,,,,,,,,,7290,2020,0.21,358,0,43,Both sides,City or Town accepted road,,7,7,0,No Shoulder,25,Bituminous concrete road,0,No Shoulder,2,0,0,None,Large Urbanized Area,Urban collector or rural minor collector,Boston (MA-NH-RI),,Mainline roadway,Two-way traffic,No Access Control,,99,FOREST STREET,MELROSE CITY LINE,MAIN STREET,MALDEN,Good,Level Terrain,,Grown from Prior Year HPMS Network,,99,0,0,,,Major Collector
5606400,MALDEN,11/19/25,Property damage only (none injured),Open,12:18 PM,2025,No Apparent Injury (O),2,Local police,,25-34,25-34,,,12:00PM to 12:59PM,D2: (Unknown) ,,Collision with parked motor vehicle,Yes,Daylight,"Sideswipe, same direction",4,,,, PW20254654258,Dry,T-intersection,MAPC,0,0,No controls,"Two-way, divided, unprotected median",V1: Parked / V2: Turning right,"V1:(Passenger car) / V2:(Single-unit truck (2-axle, 6-tires))",V1:(No) / V2:(No),V1:(No) / V2:(No),V1: E  / V2: E,Cloudy,MIDDLESEX,25000844,"V1:(No, not federally reportable) / V2:(No, not federally reportable)","No, not federally reportable",Roadside,At Address,"Yes, hit and run",,V1:(Unknown) / V2:(Collision with parked motor vehicle),Unknown,"No, school bus not involved",25,Not reported, V2:(Collision with parked motor vehicle),No,,,,,,,,236101.4489,908493.0187,42.42612139,-71.06130631,247, EASTERN AV Rte E,,,,,,,,,,,20546,2020,0.33,800,0.105,226,Both sides,City or Town accepted road,,6,6,0,No Shoulder,18,Bituminous concrete road,0,No Shoulder,1,0,0,None,Large Urbanized Area,Rural minor arterial or urban principal arterial,Boston (MA-NH-RI),,Mainline roadway,One-way traffic,No Access Control,,30,EASTERN AVENUE,MAIN STREET,LYNN STREET,MALDEN,Good,Level Terrain,,Grown from Prior Year HPMS Network,,30,Surfaced shoulder exists – Portland Cement Concrete surface (PCC,2,,,Principal Arterial - Other