Crash Number,City Town Name,Crash Date,Crash Severity,Crash Status,Crash Time,Crash Year,Max Injury Severity Reported,Number of Vehicles,Police Agency Type,State Police Troop,Age of Driver - Youngest Known,Age of Driver - Oldest Known,Age of Vulnerable User - Youngest Known,Age of Vulnerable User - Oldest Known,Crash Hour,Driver Contributing Circumstances (All Drivers),Driver Distracted By (All Vehicles),First Harmful Event,Is Geocoded,Light Conditions,Manner of Collision,MassDOT District,Vulnerable User Action (All Persons),Vulnerable User Location (All Persons),Vulnerable User Type (All Persons),RMV Document Numbers,Road Surface Condition,Roadway Junction Type,RPA Abbreviation,Total Fatalities,Total Non-Fatal Injuries,Traffic Control Device Type,Trafficway Description,Vehicle Actions Prior to Crash (All Vehicles),Vehicle Configuration (All Vehicles),Vehicle Emergency Use (All Vehicles),Vehicle Towed From Scene (All Vehicles),Vehicle Travel Directions (All Vehicles),Weather Conditions,County Name,Crash Report IDs,FMCSA Reportable (All Vehicles),FMCSA Reportable (Crash),First Harmful Event Location,Geocoding Method,Hit and Run,Locality,Most Harmful Event (All Vehicles),Road Contributing Circumstance,School Bus Related,Speed Limit,Traffic Control Device Function,Vehicle Sequence of Events (All Vehicles),Work Zone Related,Vulnerable User Sequence of Events (All Persons),Vulnerable User Distracted By (All Persons),Vulnerable User Traffic Control Type (All persons),Vulnerable User Origin Destination (All Persons),Vulnerable User Contributing Circumstances (All Persons),Vulnerable User Alcohol Suspected Type (All Persons),Vulnerable User Drug Suspected Type (All Persons),X,Y,Latitude,Longitude,Street Number,Roadway,Near Intersection Roadway,Distance and Direction From Intersection,Milemarker,Milemarker Route,Distance and Direction From Milemarker,Exit Number,Exit Route,Distance and Direction From Exit,Landmark,Distance and Direction From Landmark,AADT-linked RD,AADT Year-linked RD,Peak % Single Unit Trucks-linked RD,Single-Unit Truck and Bus AADT-linked RD,Peak % Combo Trucks-linked RD,Combination Truck AADT-linked RD,Curb-linked RD-linked RD,Jurisdiction-linked RD,Truck Route-linked RD,Left Sidewalk Width-linked RD,Right Sidewalk Width-linked RD,Left Shoulder Width-linked RD,Left Shoulder Type-linked RD,Surface Width-linked RD,Surface Type-linked RD,Right Shoulder Width-linked RD,Right Shoulder Type-linked RD,Number of Travel Lanes-linked RD,Number of Opposing Travel Lanes-linked RD,Median Width-linked RD,Median Type-linked RD,Urban Type-linked RD,Functional Classification-linked RD,Urbanized Area-linked RD,Federal Aid Route Number-linked RD,Facility Type-linked RD,Street Operation-linked RD,Access Control-linked RD,Number of Peak Hour Lanes-linked RD,Speed Limit-linked RD,Street Name-linked RD,From Street Name-linked RD,To Street Name-linked RD,City-linked RD-linked RD,Structural Condition-linked RD,Terrain-linked RD,Urban Location Type-linked RD,AADT Derivation-linked RD,AADT Station Number-linked RD,Opposing Direction Speed Limit-linked RD,Undivided Left Shoulder Type-linked RD,Undivided Left Shoulder Width-linked RD,Truck Exclusion Type-linked RD,Truck Exclusion Time-linked RD,Federal Functional Classification-linked RD
5606401,MALDEN,11/29/25,Property damage only (none injured),Open,3:46 PM,2025,No Apparent Injury (O),1,Local police,,45-54,45-54,,,03:00PM to 03:59PM,D1: (Unknown) ,,Collision with other light pole or other post/support,Yes,Daylight,Head-on,4,,,, PW20254654259,Dry,Y-intersection,MAPC,0,0,No controls,Unknown,V1: Turning left,V1:(Passenger car),V1:(No),"V1:(Yes, vehicle or trailer disabled)",V1: N,Clear,MIDDLESEX,25000877,"V1:(No, not federally reportable)","No, not federally reportable",Outside roadway,At Intersection,No hit and run,,V1:(Collision with light pole or other post/support),Other,"No, school bus not involved",25,Not reported, V1:(Collision with light  pole or other post/support),No,,,,,,,,238563.9219,909461.5626,42.4347228,-71.03131901,, BEACH ST Rte N  / SALEM ST Rte W,,,,,,,,,,,10812,2020,0.477,530,0.068,64,Both sides,City or Town accepted road,,8,8,0,No Shoulder,42,Bituminous concrete road,0,No Shoulder,2,0,0,None,Large Urbanized Area,Urban minor arterial or rural major collector,Boston (MA-NH-RI),,Mainline roadway,Two-way traffic,No Access Control,,30,SALEM STREET,MAIN STREET ,,MALDEN,Good,Level Terrain,,Grown from Prior Year HPMS Network,,30,0,0,,,Minor Arterial
5606402,MALDEN,11/15/25,Non-fatal injury,Open,3:02 PM,2025,Suspected Minor Injury (B),2,Local police,,25-34,25-34,,,03:00PM to 03:59PM,"D1: (No improper driving)  / D2: (Disregarded traffic signs, signals, road markings) ",D1: Not Distracted,Collision with motor vehicle in traffic,Yes,Daylight,Angle,4,,,, PW20254654262,Dry,Four-way intersection,MAPC,0,2,Traffic control signal,"Two-way, divided, unprotected median",V1: Travelling straight ahead / V2: Travelling straight ahead,V1:(Passenger car) / V2:(Passenger car),V1:(No) / V2:(No),"V1:(Yes, vehicle or trailer disabled) / V2:(Yes, vehicle or trailer disabled)",V1: W  / V2: S,Clear,MIDDLESEX,25000835,"V1:(No, not federally reportable) / V2:(No, not federally reportable)","No, not federally reportable",Roadway,At Intersection,No hit and run,,V1:(Collision with motor vehicle in traffic) / V2:(Collision with motor vehicle in traffic),None,"No, school bus not involved",25,"Yes, device functioning", V1:(Collision with motor vehicle in traffic) V2:(Collision with motor vehicle in traffic),No,,,,,,,,234522.1406,908180.7501,42.4233817,-71.08051592,, CHARLES ST Rte W  / HIGHLAND AV Rte S,,,,,,,,,,,2774,2020,0.21,134,0,17,Both sides,City or Town accepted road,,7,7,0,No Shoulder,30,Bituminous concrete road,0,No Shoulder,2,0,0,None,Large Urbanized Area,Urban collector or rural minor collector,Boston (MA-NH-RI),,Mainline roadway,Two-way traffic,No Access Control,,99,CHARLES STREET,MAIN STREET,FELLSWAY,MALDEN,Good,Level Terrain,,Grown from Prior Year HPMS Network,,99,0,0,,,Major Collector
5606403,MALDEN,11/19/25,Unknown,Open,10:01 PM,2025,Not reported,2,Local police,,,,,,10:00PM to 10:59PM,D2: (Unknown) ,,Collision with parked motor vehicle,Yes,Daylight,"Sideswipe, same direction",4,,,, PW20254654266,Dry,Not at junction,MAPC,0,0,No controls,"Two-way, divided, unprotected median",V1: Parked / V2: Unknown,V1:(Passenger car) / V2:(Other),V1:(No) / V2:(No),V1:(No) / V2:(No),V1: E  / V2: E,Clear,MIDDLESEX,25000845,"V1:(No, not federally reportable) / V2:(No, not federally reportable)","No, not federally reportable",Roadway,At Address,"Yes, hit and run",,V1:(Collision with motor vehicle in traffic) / V2:(Collision with parked motor vehicle),None,"No, school bus not involved",25,"Yes, device functioning", V1:(Collision with motor vehicle in traffic) V2:(Collision with parked motor vehicle),No,,,,,,,,235383.2408,908016.4744,42.4218642,-71.07006279,8, BOW ST Rte W,,,,,,,,,,,1154,,,,,,None,City or Town accepted road,,0,0,0,No Shoulder,16,Bituminous concrete road,0,No Shoulder,2,0,0,None,Large Urbanized Area,Local,Boston (MA-NH-RI),,Mainline roadway,One-way traffic,No Access Control,,,BOW STREET,MADISON STREET,GREEN STREET,MALDEN,Fair,Level Terrain,,,,,0,0,,,Local
5606404,MALDEN,12/1/25,Property damage only (none injured),Open,12:17 PM,2025,No Apparent Injury (O),2,Local police,,18-20,18-20,,,12:00PM to 12:59PM,D1: (No improper driving) ,D1: Not Distracted,Collision with motor vehicle in traffic,Yes,Daylight,"Sideswipe, same direction",4,,,, PW20254654265,Dry,Not at junction,MAPC,0,0,No controls,"Two-way, not divided",V1: Turning right / V2: Parked,V1:(Passenger car) / V2:(Passenger car),V1:(No) / V2:(No),V1:(No) / V2:(No),V1: E  / V2: E,Clear/Clear,MIDDLESEX,25000879,"V1:(No, not federally reportable) / V2:(No, not federally reportable)","No, not federally reportable",Unknown,At Address,No hit and run,,V1:(Collision with parked motor vehicle) / V2:(Collision with motor vehicle in traffic),Unknown,"No, school bus not involved",5,"No, device not functioning", V1:(Collision with parked motor vehicle) V2:(Collision with motor vehicle in traffic),No,,,,,,,,235222.1433,908519.6885,42.4264017,-71.07198955,180, EXCHANGE STREET Rte E,,,,,,,,,,,12307,2020,0.232,602,0,74,Both sides,City or Town accepted road,,8,8,0,No Shoulder,44,Bituminous concrete road,0,No Shoulder,2,0,0,None,Large Urbanized Area,Urban minor arterial or rural major collector,Boston (MA-NH-RI),,Mainline roadway,One-way traffic,No Access Control,,20,EXCHANGE STREET,COMMERCIAL STREET,MAIN STREET,MALDEN,Good,Level Terrain,,Grown from Prior Year HPMS Network,,0,0,0,,,Minor Arterial
5606405,MALDEN,11/13/25,Non-fatal injury,Open,7:34 AM,2025,Possible Injury (C),4,Local police,,18-20,55-64,,,07:00AM to 07:59AM,"D1: (No improper driving),(No improper driving)  / D2: (No improper driving),(No improper driving)  / D3: (No improper driving),(No improper driving)  / D4: (Unknown),(Unknown) ",D1: Not Distracted / D2: Not Distracted / D3: Not Distracted,Collision with motor vehicle in traffic,Yes,Daylight,Rear-end,4,,,, PW20254654264,Dry,Four-way intersection,MAPC,0,1,Traffic control signal,"Two-way, not divided",V1: Travelling straight ahead / V2: Travelling straight ahead / V3: Travelling straight ahead / V4: Travelling straight ahead,V1:(Passenger car) / V2:(Passenger car) / V3:(Passenger car) / V4:(Passenger car),V1:(No) / V2:(No) / V3:(No) / V4:(No),V1:(No) / V2:(No) / V3:(No) / V4:(No),V1: N  / V2: N  / V3: N  / V4: N,Clear/Clear,MIDDLESEX,25000829,"V1:(No, not federally reportable) / V2:(No, not federally reportable) / V3:(No, not federally reportable) / V4:(No, not federally reportable)","No, not federally reportable",Roadway,At Address,No hit and run,,V1:(Collision with motor vehicle in traffic) / V2:(Collision with motor vehicle in traffic) / V3:(Collision with motor vehicle in traffic) / V4:(Collision with motor vehicle in traffic),None,"No, school bus not involved",20,"Yes, device functioning", V1:(Collision with motor vehicle in traffic) V2:(Collision with motor vehicle in traffic) V3:(Collision with motor vehicle in traffic) V4:(Collision with motor vehicle in traffic),No,,,,,,,,235563.677,909444.2724,42.43470978,-71.06778246,834, MAIN ST Rte N,,,,,,,,,,,10345,2020,0.164,213,0.01,28,Both sides,City or Town accepted road,,10,10,0,No Shoulder,26,Bituminous concrete road,0,No Shoulder,2,0,0,None,Large Urbanized Area,Rural minor arterial or urban principal arterial,Boston (MA-NH-RI),,Mainline roadway,Two-way traffic,No Access Control,,30,MAIN STREET,MELROSE CITY LINE,EVERETT CITY LINE,MALDEN,Good,Level Terrain,,Pulled back from HPMS network estimation routine,,30,0,0,,,Principal Arterial - Other
5606406,MALDEN,11/17/25,Unknown,Open,6:16 PM,2025,Not reported,2,Local police,,,,,,06:00PM to 06:59PM,,,Unknown,Yes,Daylight,"Sideswipe, opposite direction",4,,,, PW20254654270,Unknown,Driveway,MAPC,0,0,No controls,Unknown,V1: Parked / V2: Unknown,V1:(Passenger car),V1:(No) / V2:(No),V1:(No) / V2:(No),V1: U  / V2: U,Cloudy/Unknown,MIDDLESEX,25000840,"V1:(No, not federally reportable) / V2:(No, not federally reportable)","No, not federally reportable",Unknown,At Address,"Yes, hit and run",,V1:(Unknown) / V2:(Unknown),Unknown,"No, school bus not involved",25,Not reported,,No,,,,,,,,235797.9101,908360.1255,42.42493901,-71.06500299,100, FERRY ST Rte 6,,,,,,,,,,,7281,2020,0.477,356,0.068,44,Both sides,City or Town accepted road,,9,9,0,No Shoulder,42,Bituminous concrete road,0,No Shoulder,2,0,0,None,Large Urbanized Area,Urban minor arterial or rural major collector,Boston (MA-NH-RI),,Mainline roadway,Two-way traffic,No Access Control,,30,FERRY STREET,EVERETT CITY LINE,MAIN STREET,MALDEN,Good,Level Terrain,,Grown from Prior Year HPMS Network,,30,0,0,,,Minor Arterial
5606407,MALDEN,11/22/25,Unknown,Open,10:29 AM,2025,Unknown,1,Local police,,35-44,35-44,,,10:00AM to 10:59AM,D1: (Unknown) ,,Collision with motor vehicle in traffic,Yes,Dark - lighted roadway,Rear-end,4,,,, PW20254654272,Dry,Not at junction,MAPC,0,0,Traffic control signal,"Two-way, divided, unprotected median",V1: Slowing or stopped in traffic,V1:(Passenger car),V1:(No),V1:(No),V1: E,Clear,MIDDLESEX,25000857,"V1:(No, not federally reportable)","No, not federally reportable",Unknown,At Address,No hit and run,,V1:(Collision with motor vehicle in traffic),Unknown,"No, school bus not involved",25,"Yes, device functioning", V1:(Collision with motor vehicle in traffic),No,,,,,,,,234803.7913,908181.4869,42.42337581,-71.07709355,252, CHARLES ST Rte E,,,,,,,,,,,2774,2020,0.21,134,0,17,Both sides,City or Town accepted road,,7,7,0,No Shoulder,25,Bituminous concrete road,0,No Shoulder,2,0,0,None,Large Urbanized Area,Urban collector or rural minor collector,Boston (MA-NH-RI),,Mainline roadway,Two-way traffic,No Access Control,,99,CHARLES STREET,MAIN STREET,FELLSWAY,MALDEN,Good,Level Terrain,,Grown from Prior Year HPMS Network,,99,0,0,,,Major Collector
5606408,MALDEN,11/21/25,Unknown,Open,11:00 AM,2025,Not reported,1,Local police,,,,,,11:00AM to 11:59AM,,,Unknown,Yes,Unknown,Unknown,4,,,, PW20254654268,Unknown,Not at junction,MAPC,0,0,No controls,"Two-way, not divided",V1: Parked,V1:(Passenger car),V1:(No),V1:(No),V1: U,Unknown,MIDDLESEX,25000853,"V1:(No, not federally reportable)","No, not federally reportable",Roadside,At Address,"Yes, hit and run",,V1:(Unknown),Unknown,"No, school bus not involved",25,Not reported,,No,,,,,,,,234873.9877,909110.5695,42.43173677,-71.0761845,197, CLIFTON ST Rte 6,,,,,,,,,,,2651,2020,0.21,129,0,16,Both sides,City or Town accepted road,,9,9,0,No Shoulder,30,Bituminous concrete road,0,No Shoulder,2,0,0,None,Large Urbanized Area,Urban collector or rural minor collector,Boston (MA-NH-RI),,Mainline roadway,Two-way traffic,No Access Control,,99,CLIFTON STREET,WASHINGTON STREET ,HIGHLAND AVENUE ,MALDEN,Good,Level Terrain,,Grown from Prior Year HPMS Network,,99,0,0,,,Major Collector
5606409,MALDEN,11/17/25,Property damage only (none injured),Open,5:14 PM,2025,No Apparent Injury (O),2,Local police,,21-24,21-24,,,05:00PM to 05:59PM,D1: (No improper driving) ,D1: Not Distracted,Collision with motor vehicle in traffic,Yes,Daylight,Rear-end,4,,,, PW20254654267,Dry,Four-way intersection,MAPC,0,0,No controls,"Two-way, not divided",V1: Slowing or stopped in traffic / V2: Travelling straight ahead,"V1:(Passenger car) / V2:(Light truck(van, mini-van, pickup, sport utility))",V1:(No) / V2:(No),V1:(No) / V2:(No),V1: W  / V2: W,Clear,MIDDLESEX,25000839,"V1:(No, not federally reportable) / V2:(No, not federally reportable)","No, not federally reportable",Roadway,At Intersection,"Yes, hit and run",,V1:(Collision with motor vehicle in traffic) / V2:(Collision with motor vehicle in traffic),None,"No, school bus not involved",25,Not reported, V1:(Collision with motor vehicle in traffic) V2:(Collision with motor vehicle in traffic),No,,,,,,,,237693.0626,909367.8123,42.4339214,-71.04190878,, SALEM ST Rte W  / STANTON ST Rte 6,,,,,,,,,,,12417,2020,0.477,608,0.068,75,Both sides,City or Town accepted road,,10,9,0,No Shoulder,41,Bituminous concrete road,0,No Shoulder,2,0,0,None,Large Urbanized Area,Urban minor arterial or rural major collector,Boston (MA-NH-RI),,Mainline roadway,Two-way traffic,No Access Control,,30,SALEM STREET,MAIN STREET ,,MALDEN,Good,Level Terrain,,Grown from Prior Year HPMS Network,,30,0,0,,,Minor Arterial
5606410,MALDEN,11/26/25,Property damage only (none injured),Open,8:31 PM,2025,No Apparent Injury (O),2,Local police,,25-34,75-84,,,08:00PM to 08:59PM,D1: (No improper driving)  / D2: (Physical impairment) ,D1: Not Distracted / D2: Not Distracted,Collision with motor vehicle in traffic,Yes,Dark - lighted roadway,"Sideswipe, opposite direction",4,,,, PW20254654269,Dry,Not at junction,MAPC,0,0,No controls,"Two-way, divided, unprotected median",V1: Travelling straight ahead / V2: Travelling straight ahead,V1:(Passenger car) / V2:(Passenger car),V1:(No) / V2:(No),"V1:(Yes, vehicle or trailer disabled) / V2:(Yes, vehicle or trailer disabled)",V1: W  / V2: E,Cloudy/Cloudy,MIDDLESEX,25000865,"V1:(No, not federally reportable) / V2:(No, not federally reportable)","No, not federally reportable",Roadway,At Address,No hit and run,,V1:(Collision with motor vehicle in traffic) / V2:(Collision with motor vehicle in traffic),None,"No, school bus not involved",25,Not reported, V1:(Collision with motor vehicle in traffic) V2:(Collision with motor vehicle in traffic),No,,,,,,,,235488.1082,907612.4163,42.41822189,-71.0688134,72, MEDFORD ST Rte E,,,,,,,,,,,18609,2020,0.477,912,0.068,111,Both sides,City or Town accepted road,,9,9,0,No Shoulder,30,Bituminous concrete road,0,No Shoulder,2,0,0,None,Large Urbanized Area,Urban minor arterial or rural major collector,Boston (MA-NH-RI),,Mainline roadway,Two-way traffic,No Access Control,,99,MEDFORD STREET,MEDFORD CITY LINE,MAIN STREET,MALDEN,Good,Level Terrain,,Grown from Prior Year HPMS Network,,99,0,0,,,Minor Arterial
5606411,MALDEN,11/21/25,Property damage only (none injured),Open,9:46 PM,2025,Not reported,2,Local police,,,,,,09:00PM to 09:59PM,,,Collision with parked motor vehicle,Yes,Other,Angle,4,,,, PW20254654271,Dry,Not at junction,MAPC,0,0,No controls,Unknown,V1: Parked / V2: Unknown,V1:(Passenger car) / V2:(Passenger car),V1:(No) / V2:(No),V1:(No) / V2:(No),V1: E  / V2: W,Cloudy,MIDDLESEX,25000856,"V1:(No, not federally reportable) / V2:(No, not federally reportable)","No, not federally reportable",Outside roadway,At Address,"Yes, hit and run",,V1:(Unknown) / V2:(Collision with parked motor vehicle),Unknown,"No, school bus not involved",25,Not reported, V2:(Collision with parked motor vehicle),No,,,,,,,,238677.0537,910406.1952,42.44322123,-71.02988083,665, BROADWAY Rte E,,,,,,,,,,,10575,2020,,,,,Both sides,Massachusetts Department of Transportation,,5,,0,No Shoulder,26,Bituminous concrete road,8,Hardened bituminous mix or penetration,2,0,0,None,Large Urbanized Area,Rural minor arterial or urban principal arterial,Boston (MA-NH-RI),,Mainline roadway,Two-way traffic,No Access Control,,35,BROADWAY,EVERETT CITY LINE,MELROSE CITY LINE,MALDEN,Good,Level Terrain,,Pulled back from HPMS network estimation routine,,35,Surfaced shoulder exists – Portland Cement Concrete surface (PCC,8,,,Principal Arterial - Other
5606412,MALDEN,11/18/25,Non-fatal injury,Open,1:43 PM,2025,Suspected Minor Injury (B),2,Local police,,25-34,35-44,,,01:00PM to 01:59PM,D1: (No improper driving)  / D2: (Unknown) ,D1: Not Distracted,Collision with motor vehicle in traffic,Yes,Daylight,Angle,4,,,, PW20254654273,Dry,Not at junction,MAPC,0,1,No controls,"Two-way, not divided",V1: Travelling straight ahead / V2: Travelling straight ahead,V1:(Passenger car) / V2:(Passenger car),V1:(No) / V2:(No),"V1:(Yes, vehicle or trailer disabled) / V2:(No)",V1: E  / V2: W,Clear,MIDDLESEX,25000841,"V1:(No, not federally reportable) / V2:(No, not federally reportable)","No, not federally reportable",Roadway,At Address,No hit and run,,V1:(Collision with motor vehicle in traffic) / V2:(Collision with motor vehicle in traffic),None,"No, school bus not involved",25,Not reported, V1:(Collision with motor vehicle in traffic) V2:(Collision with motor vehicle in traffic),No,,,,,,,,235778.2774,908276.7396,42.42418922,-71.06524671,77, EASTERN AV Rte E,,,,,,,,,,,20546,2020,0.33,800,0.105,226,Both sides,City or Town accepted road,,6,6,0,No Shoulder,32,Bituminous concrete road,0,No Shoulder,2,0,0,None,Large Urbanized Area,Rural minor arterial or urban principal arterial,Boston (MA-NH-RI),,Mainline roadway,Two-way traffic,No Access Control,,30,EASTERN AVENUE,MAIN STREET,LYNN STREET,MALDEN,Good,Level Terrain,,Grown from Prior Year HPMS Network,,30,0,0,,,Principal Arterial - Other
5606413,MALDEN,11/20/25,Property damage only (none injured),Open,9:19 PM,2025,No Apparent Injury (O),2,Local police,,25-34,35-44,,,09:00PM to 09:59PM,"D1: (Operating vehicle in erratic, reckless, careless, negligent or aggressive manner)  / D2: (No improper driving) ",D1: Not Distracted / D2: Not Distracted,Collision with motor vehicle in traffic,Yes,Dark - lighted roadway,"Sideswipe, same direction",4,,,, PW20254654274,Dry,Four-way intersection,MAPC,0,0,Stop signs,"Two-way, not divided",V1: Travelling straight ahead / V2: Slowing or stopped in traffic,V1:(Passenger car) / V2:(Passenger car),V1:(No) / V2:(No),V1:(No) / V2:(No),V1: W  / V2: W,Clear,MIDDLESEX,25000848,"V1:(No, not federally reportable) / V2:(No, not federally reportable)","No, not federally reportable",Median,At Intersection,"Yes, hit and run",,V1:(Collision with motor vehicle in traffic) / V2:(Collision with motor vehicle in traffic),None,"No, school bus not involved",30,"Yes, device functioning", V1:(Collision with motor vehicle in traffic) V2:(Collision with motor vehicle in traffic),No,,,,,,,,234924.2501,907544.1252,42.41763255,-71.07566839,, COMMERCIAL ST Rte N  / MEDFORD ST Rte W,,,,,,,,,,,13022,2020,0.477,638,0.068,78,Both sides,City or Town accepted road,,7,7,0,No Shoulder,46,Bituminous concrete road,0,No Shoulder,4,0,0,None,Large Urbanized Area,Urban minor arterial or rural major collector,Boston (MA-NH-RI),,Mainline roadway,Two-way traffic,No Access Control,,30,COMMERCIAL STREET,PLEASANT STREET,MEDFORD CITY LINE,MALDEN,Good,Level Terrain,,Grown from Prior Year HPMS Network,,30,0,0,,,Minor Arterial
5606414,MALDEN,11/27/25,Non-fatal injury,Open,4:59 PM,2025,Possible Injury (C),1,Local police,,75-84,75-84,45-54,45-54,04:00PM to 04:59PM,"D1: (Disregarded traffic signs, signals, road markings) ",,Collision with pedestrian,Yes,Dark - lighted roadway,Single vehicle crash,4, VU2: Entering or crossing location, VU2: Non-intersection crosswalk, VU2: Pedestrian, PW20254654275,Dry,Not at junction,MAPC,0,2,No controls,"Two-way, not divided",V1: Travelling straight ahead,V1:(Passenger car),V1:(No),V1:(No),V1: N,Cloudy,MIDDLESEX,25000867,"V1:(No, not federally reportable)","No, not federally reportable",Roadway,At Address,No hit and run,,V1:(Collision with pedestrian),None,"No, school bus not involved",35,Not reported, V1:(Collision with pedestrian),No, VU2:(Crossing Roadway), VU2:(Not Distracted), VU2: VU Crossing Sign, VU2: Other, VU2:(None), VU2: No, VU2: No,237639.104,908238.6349,42.42375858,-71.04263812,17, BROADWAY Rte S,,,,,,,,,,,21508,2020,,,,,Both sides,City or Town accepted road,,8,8,0,No Shoulder,46,Bituminous concrete road,0,No Shoulder,4,0,0,None,Large Urbanized Area,Rural minor arterial or urban principal arterial,Boston (MA-NH-RI),,Mainline roadway,Two-way traffic,No Access Control,,35,BROADWAY,EVERETT CITY LINE,MELROSE CITY LINE,MALDEN,Good,Level Terrain,,Pulled back from HPMS network estimation routine,,35,0,0,,,Principal Arterial - Other
5606415,MALDEN,11/24/25,Non-fatal injury,Open,1:14 PM,2025,Suspected Minor Injury (B),2,Local police,,21-24,45-54,,,01:00PM to 01:59PM,D1: (No improper driving)  / D2: (Inattention) ,D1: Not Distracted / D2: Not Distracted,Collision with motor vehicle in traffic,Yes,Daylight,Head-on,4,,,, PW20254654276,Dry,T-intersection,MAPC,0,1,Stop signs,"Two-way, not divided",V1: Travelling straight ahead / V2: Turning right,V1:(Motorcycle) / V2:(Passenger car),V1:(No) / V2:(No),V1:(No) / V2:(No),V1: N  / V2: W,Clear,MIDDLESEX,25000860,"V1:(No, not federally reportable) / V2:(No, not federally reportable)","No, not federally reportable",Roadway,At Intersection,No hit and run,,V1:(Collision with motor vehicle in traffic) / V2:(Collision with motor vehicle in traffic),None,"No, school bus not involved",30,"No, device not functioning", V1:(Collision with motor vehicle in traffic) V2:(Collision with motor vehicle in traffic),No,,,,,,,,237265.1561,909765.8125,42.43752497,-71.04708343,, LEBANON ST Rte N  / VALLEY ST Rte W,,,,,,,,,,,13529,2020,0.477,662,0.068,81,Both sides,City or Town accepted road,,7,7,0,No Shoulder,34,Bituminous concrete road,0,No Shoulder,2,0,0,None,Large Urbanized Area,Urban minor arterial or rural major collector,Boston (MA-NH-RI),,Mainline roadway,Two-way traffic,No Access Control,,30,LEBANON STREET,MELROSE CITY LINE,SALEM STREET,MALDEN,Good,Level Terrain,,Grown from Prior Year HPMS Network,,30,0,0,,,Minor Arterial
5606416,MALDEN,11/27/25,Property damage only (none injured),Open,9:34 AM,2025,No Apparent Injury (O),2,Local police,,55-64,65-74,,,09:00AM to 09:59AM,"D1: (No improper driving),(No improper driving)  / D2: (Unknown),(Unknown) ",D1: Not Distracted,Collision with motor vehicle in traffic,Yes,Daylight,Rear-end,4,,,, PW20254654277,Dry,Four-way intersection,MAPC,0,0,Traffic control signal,"Two-way, not divided",V1: Travelling straight ahead / V2: Travelling straight ahead,"V1:(Passenger car) / V2:(Light truck(van, mini-van, pickup, sport utility))",V1:(No) / V2:(No),V1:(No) / V2:(No),V1: U  / V2: U,Clear/Clear,MIDDLESEX,25000868,"V1:(No, not federally reportable) / V2:(No, not federally reportable)","No, not federally reportable",Roadway,At Address,No hit and run,,V1:(Collision with motor vehicle in traffic) / V2:(Unknown),None,"No, school bus not involved",20,"No, device not functioning", V1:(Collision with motor vehicle in traffic) V2:(Collision with motor vehicle in traffic),No,,,,,,,,235631.576,908622.9291,42.42731252,-71.06700794,480, MAIN ST Rte 6,,,,,,,,,,,,,,,,,Both sides,City or Town accepted road,,5,,0,No Shoulder,20,Bituminous concrete road,0,No Shoulder,1,1,3,Raised Median,Large Urbanized Area,Rural minor arterial or urban principal arterial,Boston (MA-NH-RI),,Mainline roadway,Two-way traffic,No Access Control,,30,MAIN STREET,MELROSE CITY LINE,EVERETT CITY LINE,MALDEN,Good,Rolling Terrain,,,,30,0,0,,,Principal Arterial - Other
5606417,MALDEN,11/21/25,Property damage only (none injured),Open,8:04 AM,2025,Not Applicable,1,Local police,,45-54,45-54,,,08:00AM to 08:59AM,D1: (No improper driving) ,D1: Not Distracted,Collision with other movable object,Yes,Daylight,Single vehicle crash,4,,,, PW20254654280,Dry,Not at junction,MAPC,0,0,No controls,Unknown,V1: Parked,V1:(Passenger car),V1:(No),"V1:(Yes, vehicle or trailer disabled)",V1: Not Reported,Clear,MIDDLESEX,25000851,"V1:(No, not federally reportable)","No, not federally reportable",Unknown,At Address,"Yes, hit and run",,V1:(Collision with other movable object),None,"No, school bus not involved",25,"Yes, device functioning", V1:(Collision with other movable object),No,,,,,,,,234548.8116,907351.2634,42.41591303,-71.08024144,66, DEVIR ST Rte S,,,,,,,,,,,1154,,,,,,Both sides,City or Town accepted road,,8,7,0,No Shoulder,24,Bituminous concrete road,0,No Shoulder,2,0,0,None,Large Urbanized Area,Local,Boston (MA-NH-RI),,Mainline roadway,Two-way traffic,No Access Control,,,DEVIR STREET,HIGHLAND AVENUE,MEDFORD CITY LINE,MALDEN,Good,Level Terrain,,,,,0,0,,,Local