Crash Number,City Town Name,Crash Date,Crash Severity,Crash Status,Crash Time,Crash Year,Max Injury Severity Reported,Number of Vehicles,Police Agency Type,State Police Troop,Age of Driver - Youngest Known,Age of Driver - Oldest Known,Age of Vulnerable User - Youngest Known,Age of Vulnerable User - Oldest Known,Crash Hour,Driver Contributing Circumstances (All Drivers),Driver Distracted By (All Vehicles),First Harmful Event,Is Geocoded,Light Conditions,Manner of Collision,MassDOT District,Vulnerable User Action (All Persons),Vulnerable User Location (All Persons),Vulnerable User Type (All Persons),RMV Document Numbers,Road Surface Condition,Roadway Junction Type,RPA Abbreviation,Total Fatalities,Total Non-Fatal Injuries,Traffic Control Device Type,Trafficway Description,Vehicle Actions Prior to Crash (All Vehicles),Vehicle Configuration (All Vehicles),Vehicle Emergency Use (All Vehicles),Vehicle Towed From Scene (All Vehicles),Vehicle Travel Directions (All Vehicles),Weather Conditions,County Name,Crash Report IDs,FMCSA Reportable (All Vehicles),FMCSA Reportable (Crash),First Harmful Event Location,Geocoding Method,Hit and Run,Locality,Most Harmful Event (All Vehicles),Road Contributing Circumstance,School Bus Related,Speed Limit,Traffic Control Device Function,Vehicle Sequence of Events (All Vehicles),Work Zone Related,Vulnerable User Sequence of Events (All Persons),Vulnerable User Distracted By (All Persons),Vulnerable User Traffic Control Type (All persons),Vulnerable User Origin Destination (All Persons),Vulnerable User Contributing Circumstances (All Persons),Vulnerable User Alcohol Suspected Type (All Persons),Vulnerable User Drug Suspected Type (All Persons),X,Y,Latitude,Longitude,Street Number,Roadway,Near Intersection Roadway,Distance and Direction From Intersection,Milemarker,Milemarker Route,Distance and Direction From Milemarker,Exit Number,Exit Route,Distance and Direction From Exit,Landmark,Distance and Direction From Landmark,AADT-linked RD,AADT Year-linked RD,Peak % Single Unit Trucks-linked RD,Single-Unit Truck and Bus AADT-linked RD,Peak % Combo Trucks-linked RD,Combination Truck AADT-linked RD,Curb-linked RD-linked RD,Jurisdiction-linked RD,Truck Route-linked RD,Left Sidewalk Width-linked RD,Right Sidewalk Width-linked RD,Left Shoulder Width-linked RD,Left Shoulder Type-linked RD,Surface Width-linked RD,Surface Type-linked RD,Right Shoulder Width-linked RD,Right Shoulder Type-linked RD,Number of Travel Lanes-linked RD,Number of Opposing Travel Lanes-linked RD,Median Width-linked RD,Median Type-linked RD,Urban Type-linked RD,Functional Classification-linked RD,Urbanized Area-linked RD,Federal Aid Route Number-linked RD,Facility Type-linked RD,Street Operation-linked RD,Access Control-linked RD,Number of Peak Hour Lanes-linked RD,Speed Limit-linked RD,Street Name-linked RD,From Street Name-linked RD,To Street Name-linked RD,City-linked RD-linked RD,Structural Condition-linked RD,Terrain-linked RD,Urban Location Type-linked RD,AADT Derivation-linked RD,AADT Station Number-linked RD,Opposing Direction Speed Limit-linked RD,Undivided Left Shoulder Type-linked RD,Undivided Left Shoulder Width-linked RD,Truck Exclusion Type-linked RD,Truck Exclusion Time-linked RD,Federal Functional Classification-linked RD
5606418,MALDEN,11/28/25,Non-fatal injury,Open,12:55 PM,2025,Suspected Minor Injury (B),3,Local police,,21-24,55-64,,,12:00PM to 12:59PM,D1: (Unknown)  / D2: (No improper driving)  / D3: (Unknown) ,"D2: Not Distracted / D3: Other activity (searching, eating, personal hygiene, etc.)",Collision with motor vehicle in traffic,Yes,Daylight,Rear-end,4,,,, PW20254654279,Unknown,Not at junction,MAPC,0,1,No controls,"Two-way, not divided",V1: Travelling straight ahead / V2: Travelling straight ahead / V3: Travelling straight ahead,V1:(Passenger car) / V2:(Passenger car) / V3:(Passenger car),V1:(No) / V2:(No) / V3:(No),V1:(No) / V2:(No) / V3:(No),V1: W  / V2: E  / V3: W,Unknown,MIDDLESEX,25000870,"V1:(No, not federally reportable) / V2:(No, not federally reportable) / V3:(No, not federally reportable)","No, not federally reportable",Roadway,At Address,No hit and run,,V1:(Collision with motor vehicle in traffic) / V2:(Collision with motor vehicle in traffic) / V3:(Collision with motor vehicle in traffic),None,"No, school bus not involved",25,Not reported, V1:(Collision with motor vehicle in traffic) V2:(Collision with motor vehicle in traffic) V3:(Collision with motor vehicle in traffic),No,,,,,,,,237784.2087,908958.6428,42.43023344,-71.04082785,1032, EASTERN Rte W,,,,,,,,,,,16318,2020,0.558,751,0.155,179,Both sides,City or Town accepted road,,6,6,0,No Shoulder,28,Bituminous concrete road,0,No Shoulder,2,0,0,None,Large Urbanized Area,Rural minor arterial or urban principal arterial,Boston (MA-NH-RI),,Mainline roadway,Two-way traffic,No Access Control,,30,EASTERN AVENUE,MAIN STREET,LYNN STREET,MALDEN,Good,Level Terrain,,Pulled back from HPMS network estimation routine,,30,Surfaced shoulder exists – Portland Cement Concrete surface (PCC,8,,,Principal Arterial - Other
5606419,MALDEN,11/30/25,Unknown,Open,3:30 PM,2025,Not reported,2,Local police,,,,,,03:00PM to 03:59PM,,,Collision with parked motor vehicle,Yes,Unknown,"Sideswipe, same direction",4,,,, PW20254654278,Dry,Not at junction,MAPC,0,0,No controls,"Two-way, not divided",V1: Parked / V2: Unknown,V1:(Passenger car) / V2:(Unknown vehicle configuration),V1:(No) / V2:(No),V1:(No) / V2:(No),V1: U  / V2: U,Unknown,MIDDLESEX,25000878,"V1:(No, not federally reportable) / V2:(No, not federally reportable)","No, not federally reportable",Roadway,At Address,"Yes, hit and run",,V1:(Collision with parked motor vehicle) / V2:(Collision with parked motor vehicle),None,"No, school bus not involved",25,Not reported, V1:(Collision with parked motor vehicle) V2:(Collision with parked motor vehicle),No,,,,,,,,238289.8689,909812.5622,42.43789617,-71.03462633,500, BROADWAY Rte 6,,,,,,,,,,,23069,2009,2,2,1,1,Right side only,City or Town accepted road,,0,10,0,No Shoulder,16,Bituminous concrete road,0,No Shoulder,1,1,10,Unprotected,Large Urbanized Area,Rural minor arterial or urban principal arterial,Boston (MA-NH-RI),,Mainline roadway,Two-way traffic,No Access Control,,30,BROADWAY,EVERETT CITY LINE,MELROSE CITY LINE,MALDEN,Good,Level Terrain,,Calculated from Partial Counts,5693,0,0,0,,,Principal Arterial - Other
5606420,MALDEN,11/20/25,Property damage only (none injured),Open,11:32 PM,2025,No Apparent Injury (O),2,Local police,,25-34,45-54,,,11:00PM to 11:59PM,D1: (Unknown)  / D2: (No improper driving) ,,Collision with motor vehicle in traffic,Yes,Dark - lighted roadway,Angle,4,,,, PW20254654281,Dry,Four-way intersection,MAPC,0,0,Stop signs,"Two-way, not divided",V1: Turning left / V2: Travelling straight ahead,V1:(Passenger car) / V2:(Passenger car),V1:(No) / V2:(No),"V1:(Yes, vehicle or trailer disabled) / V2:(No)",V1: E  / V2: S,Clear,MIDDLESEX,25000850,"V1:(No, not federally reportable) / V2:(No, not federally reportable)","No, not federally reportable",Roadway,At Intersection,No hit and run,,V1:(Collision with motor vehicle in traffic) / V2:(Collision with motor vehicle in traffic),None,"No, school bus not involved",25,"Yes, device functioning", V1:(Collision with motor vehicle in traffic) V2:(Collision with motor vehicle in traffic),No,,,,,,,,238697.625,909827.2499,42.43800826,-71.02966959,, KENNEDY DR Rte S  / CENTRAL AVE Rte E,,,,,,,,,,,2831,2020,0.21,139,0,17,Both sides,City or Town accepted road,,10,10,0,No Shoulder,40,Bituminous concrete road,0,No Shoulder,2,0,0,None,Large Urbanized Area,Urban collector or rural minor collector,Boston (MA-NH-RI),,Mainline roadway,Two-way traffic,No Access Control,,99,KENNEDY DRIVE,SALEM STREET,KENNEDY DRIVE,MALDEN,Good,Rolling Terrain,,Grown from Prior Year HPMS Network,,99,0,0,,,Major Collector
5606421,MALDEN,11/28/25,Unknown,Open,8:57 PM,2025,Not reported,1,Local police,,,,,,08:00PM to 08:59PM,,,Collision with parked motor vehicle,No,Unknown,Unknown,4,,,, PW20254654283,Unknown,Not at junction,MAPC,0,0,No controls,"Two-way, not divided",V1: Parked,V1:(Passenger car),V1:(No),V1:(No),V1: W,Unknown,MIDDLESEX,25000873,"V1:(No, not federally reportable)","No, not federally reportable",Roadway,,"Yes, hit and run",,V1:(Collision with parked motor vehicle),Unknown,"No, school bus not involved",25,Not reported, V1:(Collision with parked motor vehicle),No,,,,,,,,,,,,1225, SALEM ST Rte W,,,,,,,,,,,2835,2020,,139,0,17,Both sides,,,,,0,No Shoulder,,Bituminous concrete road,0,No Shoulder,,,,,Large Urbanized Area,Urban collector or rural minor collector,Boston (MA-NH-RI),,Mainline roadway,Two-way traffic,No Access Control,,99,SALEM STREET,MAIN STREET ,,MALDEN,Good,,,Grown from Prior Year HPMS Network,,99,0,0,,,Major Collector
5606422,MALDEN,11/21/25,Non-fatal injury,Open,6:25 PM,2025,Suspected Minor Injury (B),2,Local police,,45-54,55-64,,,06:00PM to 06:59PM,D1: (Other improper action)  / D2: (No improper driving) ,,Collision with motor vehicle in traffic,Yes,Dark - lighted roadway,Rear-end,4,,,, PW20254654282,Dry,Not at junction,MAPC,0,2,No controls,"Two-way, not divided",V1: Travelling straight ahead / V2: Slowing or stopped in traffic,V1:(Passenger car) / V2:(Passenger car),V1:(No) / V2:(No),V1:(No) / V2:(No),V1: E  / V2: E,Clear,MIDDLESEX,25000854,"V1:(No, not federally reportable) / V2:(No, not federally reportable)","No, not federally reportable",Roadway,At Address,No hit and run,,V1:(Collision with motor vehicle in traffic) / V2:(Collision with motor vehicle in traffic),None,"No, school bus not involved",30,Not reported, V1:(Collision with motor vehicle in traffic) V2:(Collision with motor vehicle in traffic),No,,,,,,,,237159.5988,908897.2647,42.4297109,-71.04842222,767, EASTERN AV Rte E,,,,,,,,,,,15979,2020,0.558,735,0.155,176,Both sides,City or Town accepted road,,6,6,0,No Shoulder,28,Bituminous concrete road,8,Hardened bituminous mix or penetration,2,0,0,None,Large Urbanized Area,Rural minor arterial or urban principal arterial,Boston (MA-NH-RI),,Mainline roadway,Two-way traffic,No Access Control,,30,EASTERN AVENUE,MAIN STREET,LYNN STREET,MALDEN,Good,Level Terrain,,Pulled back from HPMS network estimation routine,,30,Surfaced shoulder exists – Portland Cement Concrete surface (PCC,8,,,Principal Arterial - Other
5606424,MALDEN,11/27/25,Unknown,Open,3:19 PM,2025,Not reported,1,Local police,,,,,,03:00PM to 03:59PM,,,Collision with utility pole,Yes,Daylight,Single vehicle crash,4,,,, PW20254654284,Dry,Four-way intersection,MAPC,0,0,Traffic control signal,"Two-way, not divided",V1: Unknown,V1:(Unknown vehicle configuration),V1:(No),"V1:(Yes, vehicle or trailer disabled)",V1: E,Clear,MIDDLESEX,25000866,"V1:(No, not federally reportable)","No, not federally reportable",Roadway,At Address,"Yes, hit and run",,V1:(Collision with utility pole),None,"No, school bus not involved",25,"Yes, device functioning", V1:(Collision with utility pole),No,,,,,,,,234641.3801,907543.5417,42.41763992,-71.07910525,351, MEDFORD ST Rte E,,,,,,,,,,,18609,2020,0.477,912,0.068,111,Both sides,City or Town accepted road,,7,7,0,No Shoulder,46,Bituminous concrete road,0,No Shoulder,2,0,0,None,Large Urbanized Area,Urban minor arterial or rural major collector,Boston (MA-NH-RI),,Mainline roadway,Two-way traffic,No Access Control,,99,MEDFORD STREET,MEDFORD CITY LINE,MAIN STREET,MALDEN,Good,Level Terrain,,Grown from Prior Year HPMS Network,,99,0,0,,,Minor Arterial
5606425,MALDEN,11/28/25,Property damage only (none injured),Open,4:20 AM,2025,No Apparent Injury (O),1,Local police,,21-24,21-24,,,04:00AM to 04:59AM,D1: (Fatigued/asleep) ,,Collision with utility pole,Yes,Dark - lighted roadway,Single vehicle crash,4,,,, PW20254654287,Unknown,Not at junction,MAPC,0,0,No controls,"Two-way, not divided",V1: Travelling straight ahead,V1:(Passenger car),V1:(No),"V1:(Yes, vehicle or trailer disabled)",V1: E,Clear,MIDDLESEX,25000869,"V1:(No, not federally reportable)","No, not federally reportable",Roadside,At Address,No hit and run,,V1:(Collision with utility pole),Unknown,"No, school bus not involved",25,"No, device not functioning", V1:(Collision with utility pole),No,,,,,,,,238529.985,908833.1452,42.42906715,-71.03177337,266, LYNN ST Rte E,,,,,,,,,,,7111,2020,0.232,349,0,42,Both sides,City or Town accepted road,,0,0,0,No Shoulder,36,Bituminous concrete road,0,No Shoulder,2,0,0,None,Large Urbanized Area,Urban minor arterial or rural major collector,Boston (MA-NH-RI),,Mainline roadway,Two-way traffic,No Access Control,,35,LYNN STREET,EVERETT CITY LINE,REVERE CITY LINE,MALDEN,Good,Level Terrain,,Grown from Prior Year HPMS Network,,40,0,0,,,Minor Arterial
5606427,MALDEN,11/28/25,Property damage only (none injured),Open,1:35 PM,2025,No Apparent Injury (O),2,Local police,,35-44,35-44,,,01:00PM to 01:59PM,D1: (Over-correcting/over-steering) ,D1: Not Distracted,Collision with parked motor vehicle,Yes,Dusk,"Sideswipe, same direction",4,,,, PW20254654289,Dry,Not at junction,MAPC,0,0,No controls,"Two-way, not divided",V1: Turning right / V2: Parked,V1:(Passenger car) / V2:(Passenger car),V1:(No) / V2:(No),V1:(No) / V2:(No),V1: N  / V2: N,Clear,MIDDLESEX,25000872,"V1:(No, not federally reportable) / V2:(No, not federally reportable)","No, not federally reportable",Roadway,At Address,"Yes, hit and run",,V1:(Collision with parked motor vehicle) / V2:(Collision with motor vehicle in traffic),None,"No, school bus not involved",20,Not reported, V1:(Collision with parked motor vehicle) V2:(Collision with motor vehicle in traffic),No,,,,,,,,236189.305,909143.0037,42.43196882,-71.060198,51, PORTER ST Rte N,,,,,,,,,,,1154,,,,,,Both sides,City or Town accepted road,,7,7,0,No Shoulder,25,Bituminous concrete road,0,No Shoulder,2,0,0,None,Large Urbanized Area,Local,Boston (MA-NH-RI),,Mainline roadway,Two-way traffic,No Access Control,,,PORTER STREET,BAINBRIDGE STREET,SALEM STREET,MALDEN,Good,Mountainous Terrain,,,,,0,0,,,Local
5606428,MALDEN,11/28/25,Property damage only (none injured),Open,2:35 PM,2025,Not Applicable,2,Local police,,25-34,25-34,,,02:00PM to 02:59PM,D1: (No improper driving) ,D1: Not Distracted,Collision with parked motor vehicle,Yes,Daylight,"Sideswipe, same direction",4,,,, PW20254654288,Dry,Not at junction,MAPC,0,0,No controls,"Two-way, not divided",V1: Parked / V2: Travelling straight ahead,V1:(Other) / V2:(Passenger car),V1:(No) / V2:(No),V1:(No) / V2:(No),V1: N  / V2: N,Cloudy,MIDDLESEX,25000871,"V1:(No, not federally reportable) / V2:(No, not federally reportable)","No, not federally reportable",Roadway,At Address,"Yes, hit and run",,V1:(Collision with parked motor vehicle) / V2:(Collision with parked motor vehicle),Unknown,"No, school bus not involved",25,"No, device not functioning", V1:(Collision with parked motor vehicle) V2:(Collision with parked motor vehicle),No,,,,,,,,235784.8996,907422.6656,42.41650009,-71.06521915,37, MAIN ST Rte N,,,,,,,,,,,10345,2020,0.164,213,0.01,28,Both sides,City or Town accepted road,,10,10,0,No Shoulder,24,Bituminous concrete road,0,No Shoulder,2,0,0,None,Large Urbanized Area,Rural minor arterial or urban principal arterial,Boston (MA-NH-RI),,Mainline roadway,Two-way traffic,No Access Control,,30,MAIN STREET,MELROSE CITY LINE,EVERETT CITY LINE,MALDEN,Good,Level Terrain,,Pulled back from HPMS network estimation routine,,30,0,0,,,Principal Arterial - Other
5606429,MALDEN,11/28/25,Unknown,Open,8:49 PM,2025,Not reported,1,Local police,,,,,,08:00PM to 08:59PM,,,Collision with parked motor vehicle,Multiple,Dark - lighted roadway,"Sideswipe, opposite direction",4,,,, PW20254654290,Dry,Not at junction,MAPC,0,0,No controls,"Two-way, not divided",V1: Parked,V1:(Passenger car),V1:(No),V1:(No),V1: W,Clear,MIDDLESEX,25000874,"V1:(No, not federally reportable)","No, not federally reportable",Roadway,,"Yes, hit and run",,V1:(Collision with motor vehicle in traffic),None,"No, school bus not involved",25,"No, device not functioning", V1:(Collision with motor vehicle in traffic),No,,,,,,,,,,,,23, VINING ST Rte E, SALEM ST Rte,,,,,,,,,,1154,,,,,,Both sides,City or Town accepted road,,0,,0,No Shoulder,25,Surface-treated road,0,No Shoulder,2,0,0,None,Large Urbanized Area,Local,Boston (MA-NH-RI),,Mainline roadway,Two-way traffic,No Access Control,,,VINING STREET,SALEM STREET,DEAD END,MALDEN,Good,Mountainous Terrain,,,,,0,0,,,Local
5606430,MALDEN,11/24/25,Property damage only (none injured),Open,9:06 AM,2025,No Apparent Injury (O),2,Local police,,35-44,55-64,,,09:00AM to 09:59AM,D1: (Unknown)  / D2: (Unknown) ,,Collision with motor vehicle in traffic,Yes,Daylight,Unknown,4,,,, PW20254654292,Dry,Four-way intersection,MAPC,0,0,Stop signs,"Two-way, divided, unprotected median",V1: Travelling straight ahead / V2: Travelling straight ahead,V1:(Passenger car) / V2:(Passenger car),V1:(No) / V2:(No),"V1:(Yes, vehicle or trailer disabled) / V2:(Yes, vehicle or trailer disabled)",V1: S  / V2: W,Clear,MIDDLESEX,25000859,"V1:(No, not federally reportable) / V2:(No, not federally reportable)","No, not federally reportable",Roadway,At Intersection,No hit and run,,V1:(Collision with motor vehicle in traffic) / V2:(Collision with motor vehicle in traffic),None,"No, school bus not involved",25,"Yes, device functioning"," V1:(Collision with motor vehicle in traffic),(Collision with curb),(Collision with unknown fixed object) V2:(Collision with motor vehicle in traffic)",No,,,,,,,,235056.6251,909306.3749,42.43349132,-71.0739531,, BELTRAN ST Rte S  / FRANCIS ST Rte W,,,,,,,,,,,1154,,,,,,Both sides,City or Town accepted road,,7,7,0,No Shoulder,25,Bituminous concrete road,0,No Shoulder,2,0,0,None,Large Urbanized Area,Local,Boston (MA-NH-RI),,Mainline roadway,Two-way traffic,No Access Control,,,BELTRAN STREET,GLEN ROCK AVENUE,CLIFTON STREET,MALDEN,Good,Level Terrain,,,,,0,0,,,Local
5606431,MALDEN,11/26/25,Property damage only (none injured),Open,2:13 PM,2025,No Apparent Injury (O),2,Local police,,35-44,35-44,,,02:00PM to 02:59PM,D1: (No improper driving)  / D2: (No improper driving) ,,Collision with motor vehicle in traffic,Yes,Daylight,Angle,4,,,, PW20254654291,Dry,Four-way intersection,MAPC,0,0,Stop signs,"Two-way, divided, unprotected median",V1: Turning left / V2: Travelling straight ahead,V1:(Passenger car) / V2:(Passenger car),V1:(No) / V2:(No),"V1:(Yes, vehicle or trailer disabled) / V2:(Yes, vehicle or trailer disabled)",V1: E  / V2: N,Clear,MIDDLESEX,25000864,"V1:(No, not federally reportable) / V2:(No, not federally reportable)","No, not federally reportable",Roadway,At Intersection,No hit and run,,V1:(Collision with motor vehicle in traffic) / V2:(Collision with motor vehicle in traffic),None,"No, school bus not involved",25,"Yes, device functioning", V1:(Collision with motor vehicle in traffic) V2:(Collision with motor vehicle in traffic),No,,,,,,,,237495.1562,909356.0625,42.43382517,-71.04431469,, LAUREL ST Rte N  / SALEM ST Rte E,,,,,,,,,,,1154,,,,,,Both sides,City or Town accepted road,,5,10,0,No Shoulder,30,Bituminous concrete road,0,No Shoulder,2,0,0,None,Large Urbanized Area,Local,Boston (MA-NH-RI),,Mainline roadway,Two-way traffic,No Access Control,,,LAUREL STREET,WEBSTER STREET,GRANITE STREET,MALDEN,Good,Level Terrain,,,,,0,0,,,Local
5606432,MALDEN,11/24/25,Unknown,Open,10:04 AM,2025,Not reported,2,Local police,,,,,,10:00AM to 10:59AM,,,Collision with parked motor vehicle,Yes,Daylight,Unknown,4,,,, PW20254654293,Unknown,Not at junction,MAPC,0,0,No controls,Unknown,V1: Parked / V2: Unknown,V1:(Truck/trailer) / V2:(Unknown vehicle configuration),V1:(No) / V2:(No),V1:(No) / V2:(No),V1: Not Reported / V2: U,Unknown,MIDDLESEX,25000861,"V1:(No, not federally reportable) / V2:(No, not federally reportable)","No, not federally reportable",Roadway,At Address,"Yes, hit and run",,V1:(Collision with parked motor vehicle) / V2:(Collision with parked motor vehicle),Unknown,"No, school bus not involved",25,Not reported, V1:(Collision with parked motor vehicle) V2:(Collision with parked motor vehicle),No,,,,,,,,234931.3345,907850.5472,42.42039081,-71.07556379,197, COMMERCIAL ST Rte 6,,,,,,,,,,,13022,2020,0.477,638,0.068,78,Both sides,City or Town accepted road,,7,7,0,No Shoulder,46,Bituminous concrete road,0,No Shoulder,4,0,0,None,Large Urbanized Area,Urban minor arterial or rural major collector,Boston (MA-NH-RI),,Mainline roadway,Two-way traffic,No Access Control,,30,COMMERCIAL STREET,PLEASANT STREET,MEDFORD CITY LINE,MALDEN,Good,Level Terrain,,Grown from Prior Year HPMS Network,,30,0,0,,,Minor Arterial
5606433,MALDEN,11/21/25,Non-fatal injury,Open,10:41 PM,2025,Possible Injury (C),3,Local police,,35-44,45-54,,,10:00PM to 10:59PM,"D1: (Disregarded traffic signs, signals, road markings)  / D2: (Unknown) ",,Collision with motor vehicle in traffic,Yes,Dark - lighted roadway,Angle,4,,,, PW20254654295,Dry,Four-way intersection,MAPC,0,4,Traffic control signal,"Two-way, divided, unprotected median",V1: Travelling straight ahead / V2: Travelling straight ahead / V3: Travelling straight ahead,V1:(Passenger car) / V2:(Passenger car) / V3:(Passenger car),V1:(No) / V2:(No) / V3:(No),"V1:(Yes, vehicle or trailer disabled) / V2:(No) / V3:(No)",V1: N  / V2: W  / V3: E,Clear,MIDDLESEX,25000855,"V1:(No, not federally reportable) / V2:(No, not federally reportable) / V3:(No, not federally reportable)","No, not federally reportable",Unknown,At Intersection,No hit and run,,V1:(Collision with motor vehicle in traffic) / V2:(Collision with motor vehicle in traffic) / V3:(Unknown),Unknown,"No, school bus not involved",25,"No, device not functioning", V1:(Collision with motor vehicle in traffic) V2:(Collision with motor vehicle in traffic),No,,,,,,,,234924.2501,907544.1252,42.41763255,-71.07566839,, COMMERCIAL ST Rte N  / MEDFORD ST Rte W,,,,,,,,,,,13022,2020,0.477,638,0.068,78,Both sides,City or Town accepted road,,7,7,0,No Shoulder,46,Bituminous concrete road,0,No Shoulder,4,0,0,None,Large Urbanized Area,Urban minor arterial or rural major collector,Boston (MA-NH-RI),,Mainline roadway,Two-way traffic,No Access Control,,30,COMMERCIAL STREET,PLEASANT STREET,MEDFORD CITY LINE,MALDEN,Good,Level Terrain,,Grown from Prior Year HPMS Network,,30,0,0,,,Minor Arterial
5606434,MALDEN,11/24/25,Property damage only (none injured),Open,10:51 AM,2025,No Apparent Injury (O),2,Local police,,25-34,55-64,,,10:00AM to 10:59AM,D1: (No improper driving)  / D2: (Inattention) ,D1: Not Distracted / D2: Not Distracted,Collision with motor vehicle in traffic,Yes,Daylight,Head-on,4,,,, PW20254654294,Dry,T-intersection,MAPC,0,0,No controls,"Two-way, not divided",V1: Travelling straight ahead / V2: Turning left,V1:(Passenger car) / V2:(Passenger car),V1:(No) / V2:(No),"V1:(Yes, vehicle or trailer disabled) / V2:(Yes, vehicle or trailer disabled)",V1: S  / V2: W,Clear,MIDDLESEX,25000858,"V1:(No, not federally reportable) / V2:(No, not federally reportable)","No, not federally reportable",Roadway,At Intersection,No hit and run,,V1:(Collision with motor vehicle in traffic) / V2:(Collision with motor vehicle in traffic),None,"No, school bus not involved",30,"Yes, device functioning", V1:(Collision with motor vehicle in traffic) V2:(Collision with motor vehicle in traffic),No,,,,,,,,237641.5941,908248.5001,42.42384727,-71.04260722,, BROADWAY Rte S  / TAYLOR ST Rte W,,,,,,,,,,,21508,2020,,,,,Both sides,City or Town accepted road,,8,8,0,No Shoulder,46,Bituminous concrete road,0,No Shoulder,4,0,0,None,Large Urbanized Area,Rural minor arterial or urban principal arterial,Boston (MA-NH-RI),,Mainline roadway,Two-way traffic,No Access Control,,35,BROADWAY,EVERETT CITY LINE,MELROSE CITY LINE,MALDEN,Good,Level Terrain,,Pulled back from HPMS network estimation routine,,35,0,0,,,Principal Arterial - Other
5606436,MALDEN,12/1/25,Property damage only (none injured),Open,7:40 PM,2025,No Apparent Injury (O),2,Local police,,25-34,55-64,,,07:00PM to 07:59PM,D1: (Unknown)  / D2: (Unknown) ,,Collision with motor vehicle in traffic,Yes,Dark - lighted roadway,Angle,4,,,, PW20254654297,Dry,Four-way intersection,MAPC,0,0,Traffic control signal,"Two-way, not divided",V1: Travelling straight ahead / V2: Travelling straight ahead,"V1:(Light truck(van, mini-van, pickup, sport utility)) / V2:(Light truck(van, mini-van, pickup, sport utility))",V1:(No) / V2:(No),V1:(No) / V2:(No),V1: W  / V2: S,Clear,MIDDLESEX,25000880,"V1:(No, not federally reportable) / V2:(No, not federally reportable)","No, not federally reportable",Roadway,At Intersection,No hit and run,,V1:(Collision with motor vehicle in traffic) / V2:(Collision with motor vehicle in traffic),None,"No, school bus not involved",25,"Yes, device functioning", V1:(Collision with motor vehicle in traffic) V2:(Collision with motor vehicle in traffic),No,,,,,,,,236498.9844,908744.1252,42.42836347,-71.0564598,, EASTERN AV Rte W  / BRYANT ST Rte S,,,,,,,,,,,15279,2020,0.558,702,0.155,168,Both sides,City or Town accepted road,,6,6,0,No Shoulder,28,Bituminous concrete road,8,Hardened bituminous mix or penetration,2,0,0,None,Large Urbanized Area,Rural minor arterial or urban principal arterial,Boston (MA-NH-RI),,Mainline roadway,Two-way traffic,No Access Control,,30,EASTERN AVENUE,MAIN STREET,LYNN STREET,MALDEN,Good,Level Terrain,,Pulled back from HPMS network estimation routine,,30,Surfaced shoulder exists – Portland Cement Concrete surface (PCC,8,,,Principal Arterial - Other
5606437,MALDEN,11/29/25,Property damage only (none injured),Open,9:13 AM,2025,No Apparent Injury (O),2,Local police,,25-34,25-34,,,09:00AM to 09:59AM,D1: (No improper driving)  / D2: (Unknown) ,D1: Not Distracted / D2: Not Distracted,Collision with motor vehicle in traffic,Yes,Daylight,Angle,4,,,, PW20254654298,Dry,Not at junction,MAPC,0,0,No controls,"Two-way, divided, unprotected median",V1: Travelling straight ahead / V2: Travelling straight ahead,V1:(Passenger car) / V2:(Passenger car),V1:(No) / V2:(No),V1:(No) / V2:(No),V1: E  / V2: S,Clear,MIDDLESEX,25000875,"V1:(No, not federally reportable) / V2:(No, not federally reportable)","No, not federally reportable",Roadway,At Address,No hit and run,,V1:(Collision with motor vehicle in traffic) / V2:(Collision with motor vehicle in traffic),None,"No, school bus not involved",25,Not reported, V1:(Collision with motor vehicle in traffic) V2:(Collision with motor vehicle in traffic),No,,,,,,,,237684.8708,908407.3346,42.42527509,-71.042071,61, BROADWAY Rte E,,,,,,,,,,,20559,2020,0.33,801,0.105,224,Both sides,City or Town accepted road,,6,6,0,No Shoulder,46,Bituminous concrete road,0,No Shoulder,4,0,0,None,Large Urbanized Area,Rural minor arterial or urban principal arterial,Boston (MA-NH-RI),,Mainline roadway,Two-way traffic,No Access Control,,35,BROADWAY,EVERETT CITY LINE,MELROSE CITY LINE,MALDEN,Good,Level Terrain,,Grown from Prior Year HPMS Network,,35,0,0,,,Principal Arterial - Other
5611881,MALDEN,12/19/25,Property damage only (none injured),Open,3:31 PM,2025,No Apparent Injury (O),2,State police,A,35-44,45-54,,,03:00PM to 03:59PM,D1: (Failed to yield right of way)  / D2: (No improper driving) ,D1: Not Distracted / D2: Not Distracted,Collision with motor vehicle in traffic,No,Daylight,Rear-end,4,,,, PW20254660211,Wet,Not at junction,MAPC,0,0,No controls,"Two-way, divided, positive median barrier",V1: Entering traffic lane / V2: Travelling straight ahead,"V1:(Light truck(van, mini-van, pickup, sport utility)) / V2:(Truck/trailer)",V1:(No) / V2:(No),V1:(No) / V2:(No),V1: N  / V2: N,Rain/Rain,MIDDLESEX, 2025-ATrp-12103,"V1:(No, not federally reportable) / V2:(No, not federally reportable)","No, not federally reportable",Roadway,,No hit and run,,V1:(Collision with motor vehicle in traffic) / V2:(Collision with motor vehicle in traffic),Traffic congestion related,"No, school bus not involved",50,Not reported, V1:(Collision with motor vehicle in traffic) V2:(Collision with motor vehicle in traffic),No,,,,,,,,,,,,, ROUTE 1 N Rte 1 N, ROUTE 1 N Rte 1,0 feet N  of,,,,,,,,,,,,,,,Right side only,Massachusetts Department of Transportation,,0,,,,24,Bituminous concrete road,,Hardened bituminous mix or penetration,2,2,4,Positive Barrier – rigid,Large Urbanized Area,Rural or urban principal arterial,Boston (MA-NH-RI),,Mainline roadway,Two-way traffic,Full Access Control,,50,,,,MALDEN,,,,,,0,0,0,,,Principal Arterial - Other Freeways or Expressways