Crash Number,City Town Name,Crash Date,Crash Severity,Crash Status,Crash Time,Crash Year,Max Injury Severity Reported,Number of Vehicles,Police Agency Type,State Police Troop,Age of Driver - Youngest Known,Age of Driver - Oldest Known,Age of Vulnerable User - Youngest Known,Age of Vulnerable User - Oldest Known,Crash Hour,Driver Contributing Circumstances (All Drivers),Driver Distracted By (All Vehicles),First Harmful Event,Is Geocoded,Light Conditions,Manner of Collision,MassDOT District,Vulnerable User Action (All Persons),Vulnerable User Location (All Persons),Vulnerable User Type (All Persons),RMV Document Numbers,Road Surface Condition,Roadway Junction Type,RPA Abbreviation,Total Fatalities,Total Non-Fatal Injuries,Traffic Control Device Type,Trafficway Description,Vehicle Actions Prior to Crash (All Vehicles),Vehicle Configuration (All Vehicles),Vehicle Emergency Use (All Vehicles),Vehicle Towed From Scene (All Vehicles),Vehicle Travel Directions (All Vehicles),Weather Conditions,County Name,Crash Report IDs,FMCSA Reportable (All Vehicles),FMCSA Reportable (Crash),First Harmful Event Location,Geocoding Method,Hit and Run,Locality,Most Harmful Event (All Vehicles),Road Contributing Circumstance,School Bus Related,Speed Limit,Traffic Control Device Function,Vehicle Sequence of Events (All Vehicles),Work Zone Related,Vulnerable User Sequence of Events (All Persons),Vulnerable User Distracted By (All Persons),Vulnerable User Traffic Control Type (All persons),Vulnerable User Origin Destination (All Persons),Vulnerable User Contributing Circumstances (All Persons),Vulnerable User Alcohol Suspected Type (All Persons),Vulnerable User Drug Suspected Type (All Persons),X,Y,Latitude,Longitude,Street Number,Roadway,Near Intersection Roadway,Distance and Direction From Intersection,Milemarker,Milemarker Route,Distance and Direction From Milemarker,Exit Number,Exit Route,Distance and Direction From Exit,Landmark,Distance and Direction From Landmark,AADT-linked RD,AADT Year-linked RD,Peak % Single Unit Trucks-linked RD,Single-Unit Truck and Bus AADT-linked RD,Peak % Combo Trucks-linked RD,Combination Truck AADT-linked RD,Curb-linked RD-linked RD,Jurisdiction-linked RD,Truck Route-linked RD,Left Sidewalk Width-linked RD,Right Sidewalk Width-linked RD,Left Shoulder Width-linked RD,Left Shoulder Type-linked RD,Surface Width-linked RD,Surface Type-linked RD,Right Shoulder Width-linked RD,Right Shoulder Type-linked RD,Number of Travel Lanes-linked RD,Number of Opposing Travel Lanes-linked RD,Median Width-linked RD,Median Type-linked RD,Urban Type-linked RD,Functional Classification-linked RD,Urbanized Area-linked RD,Federal Aid Route Number-linked RD,Facility Type-linked RD,Street Operation-linked RD,Access Control-linked RD,Number of Peak Hour Lanes-linked RD,Speed Limit-linked RD,Street Name-linked RD,From Street Name-linked RD,To Street Name-linked RD,City-linked RD-linked RD,Structural Condition-linked RD,Terrain-linked RD,Urban Location Type-linked RD,AADT Derivation-linked RD,AADT Station Number-linked RD,Opposing Direction Speed Limit-linked RD,Undivided Left Shoulder Type-linked RD,Undivided Left Shoulder Width-linked RD,Truck Exclusion Type-linked RD,Truck Exclusion Time-linked RD,Federal Functional Classification-linked RD
5614204,MALDEN,12/29/25,Property damage only (none injured),Open,10:00 AM,2025,No Apparent Injury (O),2,State police,A,35-44,75-84,,,10:00AM to 10:59AM,D1: (Followed too closely)  / D2: (No improper driving) ,D2: Not Distracted,Collision with motor vehicle in traffic,No,Daylight,Rear-end,4,,,, PW20254662733,Dry,On-ramp,MAPC,0,0,Yield signs,"One-way, not divided",V1: Travelling straight ahead / V2: Slowing or stopped in traffic,V1:(Passenger car) / V2:(Passenger car),,V1:(No) / V2:(No),V1: N  / V2: N,Clear/Clear,MIDDLESEX, 2025-ATrp-12387/1,"V1:(No, not federally reportable) / V2:(No, not federally reportable)","No, not federally reportable",Roadway,,No hit and run,,V1:(Collision with motor vehicle in traffic) / V2:(Collision with motor vehicle in traffic),Traffic congestion related,"No, school bus not involved",20,"Yes, device functioning", V1:(Collision with motor vehicle in traffic) V2:(Collision with motor vehicle in traffic),No,,,,,,,,,,,,, RAMP SALEM ST, SALEM ST Rte,,,,,,,,1NB,1 feet S  of,,,,,,,,,,,,,,,,,,,,,,,,,,,,,,,,,,,,,,,,,,,,,
5614643,MALDEN,12/30/25,Non-fatal injury,Open,12:40 PM,2025,Suspected Minor Injury (B),3,State police,A,35-44,65-74,,,12:00PM to 12:59PM,D1: (Followed too closely)  / D2: (Followed too closely)  / D3: (Followed too closely) ,D1: Not Distracted / D3: Not Distracted,Collision with motor vehicle in traffic,No,Daylight,Rear-end,4,,,, PW20254663201,Dry,Not at junction,MAPC,0,2,No controls,"Two-way, divided, positive median barrier",V1: Travelling straight ahead / V2: Travelling straight ahead / V3: Travelling straight ahead,"V1:(Passenger car) / V2:(Light truck(van, mini-van, pickup, sport utility)) / V3:(Passenger car)",V1:(No) / V2:(No) / V3:(No),"V1:(No) / V2:(No) / V3:(Yes, vehicle or trailer disabled)",V1: N  / V2: N  / V3: N,Clear/Cloudy,MIDDLESEX, 2025-ATrp-12423,"V1:(No, not federally reportable) / V2:(No, not federally reportable) / V3:(No, not federally reportable)","No, not federally reportable",Roadway,,No hit and run,,V1:(Collision with motor vehicle in traffic) / V2:(Collision with motor vehicle in traffic) / V3:(Collision with motor vehicle in traffic),None,"No, school bus not involved",50,"Yes, device functioning", V1:(Collision with motor vehicle in traffic) V2:(Collision with motor vehicle in traffic) V3:(Collision with motor vehicle in traffic),No,,,,,,,,,,,,, BENNETT HWY, ROUTE 1 Rte 1,,,,,,,,Lynnfield Newburyport ramp enter,100 feet N  of,,2020,,,,,Right side only,Massachusetts Department of Transportation,,0,5,,,24,Bituminous concrete road,,Hardened bituminous mix or penetration,2,2,4,Positive Barrier – rigid,Large Urbanized Area,Rural or urban principal arterial,Boston (MA-NH-RI),,Mainline roadway,Two-way traffic,Full Access Control,,50,,,,MALDEN,,,,Pulled back from HPMS network estimation routine,,0,0,0,,,Principal Arterial - Other Freeways or Expressways
5615405,MALDEN,12/3/25,Unknown,Open,11:55 AM,2025,Unknown,2,Local police,,25-34,65-74,,,11:00AM to 11:59AM,D1: (No improper driving)  / D2: (No improper driving) ,D1: Not Distracted / D2: Not Distracted,Collision with motor vehicle in traffic,Yes,Daylight,Angle,4,,,, PW20254664017,Wet,Four-way intersection,MAPC,0,0,Traffic control signal,"Two-way, divided, unprotected median",V1: Travelling straight ahead / V2: Turning left,V1:(Passenger car) / V2:(Passenger car),V1:(No) / V2:(No),"V1:(Yes, vehicle or trailer disabled) / V2:(No)",V1: N  / V2: E,Clear,MIDDLESEX,25000885,"V1:(No, not federally reportable) / V2:(No, not federally reportable)","No, not federally reportable",Unknown,Off Intersection,No hit and run,,V1:(Collision with motor vehicle in traffic) / V2:(Collision with motor vehicle in traffic),Unknown,"No, school bus not involved",25,"Yes, device functioning", V1:(Collision with motor vehicle in traffic) V2:(Collision with motor vehicle in traffic),No,,,,,,,,234990.7655,908169.4374,42.42325897,-71.07482236,, COMMERCIAL ST  N, CHARLES ST Rte,,,,,,,,,,14655,2020,0.477,718,0.068,88,Both sides,City or Town accepted road,,7,7,0,No Shoulder,46,Bituminous concrete road,0,No Shoulder,4,0,0,None,Large Urbanized Area,Urban minor arterial or rural major collector,Boston (MA-NH-RI),,Mainline roadway,Two-way traffic,No Access Control,,30,COMMERCIAL STREET,PLEASANT STREET,MEDFORD CITY LINE,MALDEN,Good,Level Terrain,,Grown from Prior Year HPMS Network,,30,0,0,,,Minor Arterial
5615408,MALDEN,12/4/25,Non-fatal injury,Open,1:03 AM,2025,Suspected Minor Injury (B),1,Local police,,25-34,25-34,,,01:00AM to 01:59AM,"D1: (Operating vehicle in erratic, reckless, careless, negligent or aggressive manner),(Inattention) ",,Collision with tree,Yes,Dark - lighted roadway,Single vehicle crash,4,,,, PW20254664016,Dry,Not at junction,MAPC,0,1,No controls,"Two-way, not divided",V1: Travelling straight ahead,V1:(Passenger car),V1:(No),"V1:(Yes, vehicle or trailer disabled)",V1: W,Clear/Clear,MIDDLESEX,25000888,"V1:(No, not federally reportable)","No, not federally reportable",Shoulder - paved,At Address,No hit and run,,V1:(Collision with tree),None,"No, school bus not involved",25,Not reported, V1:(Collision with tree),No,,,,,,,,237766.3315,909183.5878,42.43225938,-71.04103039,206, WEBSTER ST Rte W,,,,,,,,,,,7256,2020,0.21,356,0,43,Both sides,City or Town accepted road,Not a parkway - not on a designated truck route,10,10,0,No Shoulder,30,Surface-treated road,0,No Shoulder,2,0,0,None,Large Urbanized Area,Urban collector or rural minor collector,Boston (MA-NH-RI),,Mainline roadway,Two-way traffic,No Access Control,,99,WEBSTER STREET,BROADWAY,SALEM STREET,MALDEN,Good,Level Terrain,,Grown from Prior Year HPMS Network,,99,0,0,All vehicles over 2.5 tons excluded,"24 Hours, 7 Days",Major Collector
5615409,MALDEN,12/3/25,Non-fatal injury,Open,9:36 AM,2025,Suspected Minor Injury (B),2,Local police,,25-34,25-34,,,09:00AM to 09:59AM,D1: (No improper driving)  / D2: (Unknown) ,D1: Not Distracted,Collision with motor vehicle in traffic,Yes,Daylight,Angle,4,,,, PW20254664019,Ice,Four-way intersection,MAPC,0,2,Stop signs,"Two-way, not divided",V1: Travelling straight ahead / V2: Travelling straight ahead,"V1:(Passenger car) / V2:(Light truck(van, mini-van, pickup, sport utility))",V1:(No) / V2:(No),V1:(No) / V2:(No),V1: W  / V2: S,Clear,MIDDLESEX,25000883,"V1:(No, not federally reportable) / V2:(No, not federally reportable)","No, not federally reportable",Roadway,At Intersection,No hit and run,,V1:(Collision with motor vehicle in traffic) / V2:(Collision with motor vehicle in traffic),Unknown,"No, school bus not involved",25,"Yes, device functioning", V1:(Collision with motor vehicle in traffic) V2:(Collision with motor vehicle in traffic),No,,,,,,,,236135.1874,908879.4376,42.42959857,-71.06087216,, SALEM ST Rte W  / WOLCOTT Rte S,,,,,,,,,,,14013,2020,0.477,686,0.068,84,Both sides,City or Town accepted road,,9,9,0,No Shoulder,40,Bituminous concrete road,0,No Shoulder,2,0,0,None,Large Urbanized Area,Urban minor arterial or rural major collector,Boston (MA-NH-RI),,Mainline roadway,Two-way traffic,No Access Control,,30,SALEM STREET,MAIN STREET ,,MALDEN,Good,Level Terrain,,Grown from Prior Year HPMS Network,,30,0,0,,,Minor Arterial
5615410,MALDEN,12/3/25,Non-fatal injury,Open,7:20 PM,2025,Suspected Minor Injury (B),1,Local police,,25-34,25-34,25-34,25-34,07:00PM to 07:59PM,D1: (No improper driving) ,D1: Not Distracted,Collision with pedestrian,Yes,Dark - lighted roadway,Single vehicle crash,4," VU2: Walking, running or cycling", VU2: In roadway, VU2: Pedestrian, PW20254664021,Dry,Not at junction,MAPC,0,1,No controls,"Two-way, not divided",V1: Travelling straight ahead,V1:(Passenger car),V1:(No),V1:(No),V1: S,Clear,MIDDLESEX,25000887,"V1:(No, not federally reportable)","No, not federally reportable",Roadway,At Address,No hit and run,,V1:(Collision with pedestrian),None,"No, school bus not involved",25,Not reported, V1:(Collision with pedestrian),No, VU2:(In Roadway – Other),,,,,,,234922.3011,907373.1315,42.41609326,-71.0757024,323, COMMERCIAL ST Rte S,,,,,,,,,,,,,,,,,Both sides,City or Town accepted road,,0,7,7,Stable - Unruttable compacted subgrade,60,Bituminous concrete road,7,Stable - Unruttable compacted subgrade,1,1,10,Raised Median,Large Urbanized Area,Urban minor arterial or rural major collector,Boston (MA-NH-RI),,Mainline roadway,Two-way traffic,No Access Control,,30,COMMERCIAL STREET,PLEASANT STREET,MEDFORD CITY LINE,MALDEN,Good,Level Terrain,,,,0,0,0,,,Minor Arterial
5615411,MALDEN,12/2/25,Non-fatal injury,Open,11:33 AM,2025,Suspected Minor Injury (B),2,Local police,,18-20,75-84,,,11:00AM to 11:59AM,D1: (No improper driving)  / D2: (Failed to yield right of way) ,D1: Not Distracted / D2: Not Distracted,Collision with motor vehicle in traffic,Yes,Daylight,Head-on,4,,,, PW20254664018,Wet,T-intersection,MAPC,0,3,No controls,"Two-way, not divided",V1: Travelling straight ahead / V2: Turning left,V1:(Passenger car) / V2:(Passenger car),V1:(No) / V2:(No),"V1:(Yes, vehicle or trailer disabled) / V2:(Yes, vehicle or trailer disabled)",V1: E  / V2: W,Rain,MIDDLESEX,25000881,"V1:(No, not federally reportable) / V2:(No, not federally reportable)","No, not federally reportable",Roadway,At Intersection,No hit and run,,V1:(Collision with motor vehicle in traffic) / V2:(Collision with motor vehicle in traffic),None,"No, school bus not involved",25,"No, device not functioning", V1:(Collision with motor vehicle in traffic) V2:(Collision with motor vehicle in traffic),No,,,,,,,,239155.4063,909270.2502,42.43297102,-71.02414361,, LYNN ST Rte E  / WESLEY ST Rte S,,,,,,,,,,,21023,2020,0.477,1029,0.068,126,Both sides,City or Town accepted road,,5,5,0,No Shoulder,32,Bituminous concrete road,0,No Shoulder,2,0,0,None,Large Urbanized Area,Urban collector or rural minor collector,Boston (MA-NH-RI),,Mainline roadway,Two-way traffic,No Access Control,,99,LYNN STREET,EVERETT CITY LINE,REVERE CITY LINE,MALDEN,Good,Level Terrain,,Grown from Prior Year HPMS Network,,99,0,0,,,Major Collector
5615412,MALDEN,12/3/25,Property damage only (none injured),Open,7:14 AM,2025,No Apparent Injury (O),2,Local police,,45-54,55-64,,,07:00AM to 07:59AM,"D1: (No improper driving)  / D2: (No improper driving),(No improper driving) ",D1: Not Distracted / D2: Not Distracted,Collision with motor vehicle in traffic,Yes,Daylight,Rear-end,4,,,, PW20254664024,Ice,Four-way intersection,MAPC,0,0,Traffic control signal,"Two-way, not divided",V1: Travelling straight ahead / V2: Travelling straight ahead,V1:(Passenger car) / V2:(Passenger car),V1:(No) / V2:(No),V1:(No) / V2:(No),V1: W  / V2: W,"Sleet, hail (freezing rain or drizzle)/Sleet, hail (freezing rain or drizzle)",MIDDLESEX,25000886,"V1:(No, not federally reportable) / V2:(No, not federally reportable)","No, not federally reportable",Roadway,At Intersection,No hit and run,,V1:(Collision with motor vehicle in traffic) / V2:(Collision with motor vehicle in traffic),None,"No, school bus not involved",15,"Yes, device functioning", V1:(Collision with motor vehicle in traffic) V2:(Collision with motor vehicle in traffic),No,,,,,,,,235216.7342,909514.9376,42.43536169,-71.07199459,, WASHINGTON ST Rte N  / WINTER ST Rte W,,,,,,,,,,,6501,2020,,,,,Right side only,City or Town accepted road,,5,5,0,No Shoulder,22,Bituminous concrete road,0,No Shoulder,2,0,0,None,Large Urbanized Area,Urban minor arterial or rural major collector,Boston (MA-NH-RI),,Mainline roadway,Two-way traffic,No Access Control,,30,WASHINGTON STREET,MELROSE CITY LINE,CLIFTON STREET,MALDEN,Fair,Level Terrain,,Pulled back from HPMS network estimation routine,,30,0,0,,,Minor Arterial
5615413,MALDEN,12/5/25,Property damage only (none injured),Open,3:33 PM,2025,No Apparent Injury (O),2,Local police,,21-24,21-24,,,03:00PM to 03:59PM,D1: (Unknown) ,,Collision with parked motor vehicle,Yes,Daylight,Rear-end,4,,,, PW20254664020,Dry,Not at junction,MAPC,0,0,No controls,"Two-way, divided, unprotected median",V1: Travelling straight ahead / V2: Parked,V1:(Passenger car) / V2:(Passenger car),V1:(No) / V2:(No),V1:(No) / V2:(No),V1: S  / V2: Not Reported,Clear,MIDDLESEX,25000894,"V1:(No, not federally reportable) / V2:(No, not federally reportable)","No, not federally reportable",Roadway,At Address,No hit and run,,V1:(Collision with parked motor vehicle) / V2:(Collision with parked motor vehicle),None,"No, school bus not involved",25,Not reported, V1:(Collision with parked motor vehicle) V2:(Collision with parked motor vehicle),No,,,,,,,,235273.3303,909865.3656,42.43851387,-71.07128536,340, WASHINGTON ST Rte W,,,,,,,,,,,11985,2020,0.477,587,0.068,72,None,City or Town accepted road,,5,5,0,No Shoulder,30,Bituminous concrete road,4,Unstable shoulder,2,0,0,None,Large Urbanized Area,Urban minor arterial or rural major collector,Boston (MA-NH-RI),,Mainline roadway,Two-way traffic,No Access Control,,30,WASHINGTON STREET,MELROSE CITY LINE,CLIFTON STREET,MALDEN,Good,Level Terrain,,Grown from Prior Year HPMS Network,,30,0,0,,,Minor Arterial
5615414,MALDEN,12/3/25,Non-fatal injury,Open,8:05 AM,2025,Suspected Minor Injury (B),2,Local police,,45-54,75-84,,,08:00AM to 08:59AM,D1: (No improper driving)  / D2: (Unknown) ,D1: Not Distracted,Collision with motor vehicle in traffic,Yes,Daylight,Angle,4,,,, PW20254664023,Ice,Four-way intersection,MAPC,0,1,Stop signs,"Two-way, not divided",V1: Travelling straight ahead / V2: Travelling straight ahead,"V1:(Light truck(van, mini-van, pickup, sport utility)) / V2:(Passenger car)",V1:(No) / V2:(No),V1:(No) / V2:(No),V1: S  / V2: W,Clear,MIDDLESEX,25000882,"V1:(No, not federally reportable) / V2:(No, not federally reportable)","No, not federally reportable",Roadway,At Intersection,No hit and run,,V1:(Collision with motor vehicle in traffic) / V2:(Collision with motor vehicle in traffic),"Road surface condition (wet, icy, snow, slush, etc.)","No, school bus not involved",25,"Yes, device functioning", V1:(Collision with motor vehicle in traffic) V2:(Collision with motor vehicle in traffic),No,,,,,,,,237265.1561,909765.8125,42.43752497,-71.04708343,, LEBANON ST Rte S  / VALLEY ST Rte W,,,,,,,,,,,13529,2020,0.477,662,0.068,81,Both sides,City or Town accepted road,,7,7,0,No Shoulder,34,Bituminous concrete road,0,No Shoulder,2,0,0,None,Large Urbanized Area,Urban minor arterial or rural major collector,Boston (MA-NH-RI),,Mainline roadway,Two-way traffic,No Access Control,,30,LEBANON STREET,MELROSE CITY LINE,SALEM STREET,MALDEN,Good,Level Terrain,,Grown from Prior Year HPMS Network,,30,0,0,,,Minor Arterial
5615416,MALDEN,12/5/25,Property damage only (none injured),Open,6:02 PM,2025,No Apparent Injury (O),2,Local police,,35-44,55-64,,,06:00PM to 06:59PM,D1: (Inattention)  / D2: (No improper driving) ,D2: Not Distracted,Collision with motor vehicle in traffic,Yes,Dark - lighted roadway,Rear-end,4,,,, PW20254664026,Dry,Not at junction,MAPC,0,0,No controls,"Two-way, divided, unprotected median",V1: Travelling straight ahead / V2: Travelling straight ahead,V1:(Passenger car) / V2:(Passenger car),V1:(No) / V2:(No),"V1:(Yes, vehicle or trailer disabled) / V2:(No)",V1: E  / V2: E,Clear,MIDDLESEX,25000893,"V1:(No, not federally reportable) / V2:(No, not federally reportable)","No, not federally reportable",Roadway,At Address,No hit and run,,V1:(Collision with motor vehicle in traffic) / V2:(Collision with motor vehicle in traffic),None,"No, school bus not involved",25,"Yes, device functioning", V1:(Collision with motor vehicle in traffic) V2:(Collision with motor vehicle in traffic),No,,,,,,,,236452.8382,908717.5514,42.4281264,-71.05702224,435, EASTERN AV Rte E,,,,,,,,,,,15279,2020,0.558,702,0.155,168,Both sides,City or Town accepted road,,6,6,0,No Shoulder,28,Bituminous concrete road,8,Hardened bituminous mix or penetration,2,0,0,None,Large Urbanized Area,Rural minor arterial or urban principal arterial,Boston (MA-NH-RI),,Mainline roadway,Two-way traffic,No Access Control,,30,EASTERN AVENUE,MAIN STREET,LYNN STREET,MALDEN,Good,Level Terrain,,Pulled back from HPMS network estimation routine,,30,Surfaced shoulder exists – Portland Cement Concrete surface (PCC,8,,,Principal Arterial - Other
5615417,MALDEN,12/6/25,Unknown,Open,1:25 PM,2025,Not reported,2,Local police,,,,,,01:00PM to 01:59PM,D1: (Inattention) ,,Collision with parked motor vehicle,No,Daylight,Angle,4,,,, PW20254664025,Dry,Not at junction,MAPC,0,0,No controls,"Two-way, not divided",V1: Unknown / V2: Parked,V1:(Unknown vehicle configuration) / V2:(Passenger car),V1:(No) / V2:(No),V1:(No) / V2:(No),V1: U  / V2: Not Reported,Clear,MIDDLESEX,25000895,"V1:(No, not federally reportable) / V2:(No, not federally reportable)","No, not federally reportable",Outside roadway,,"Yes, hit and run",,V1:(Collision with parked motor vehicle) / V2:(Collision with motor vehicle in traffic),None,"No, school bus not involved",25,"Yes, device functioning", V1:(Collision with parked motor vehicle) V2:(Collision with motor vehicle in traffic),No,,,,,,,,,,,,138, PLEASANT ST Rte 6,,,,,,,,,,,,2020,,,,,Both sides,City or Town accepted road,,,,,,,Bituminous concrete road,,,,,,,Large Urbanized Area,Urban minor arterial or rural major collector,Boston (MA-NH-RI),,Mainline roadway,Two-way traffic,No Access Control,,30,,,MEDFORD CITY LINE,MALDEN,Good,Level Terrain,,,,,0,0,,,Minor Arterial
5615418,MALDEN,12/6/25,Unknown,Open,12:16 PM,2025,Not reported,2,Local police,,,,,,12:00PM to 12:59PM,,,Collision with parked motor vehicle,Yes,Unknown,Rear-end,4,,,, PW20254664027,Unknown,Not at junction,MAPC,0,0,No controls,"Two-way, divided, unprotected median",V1: Parked / V2: Other,V1:(Passenger car) / V2:(Passenger car),V1:(No) / V2:(No),V1:(No) / V2:(No),V1: Not Reported / V2: U,Unknown,MIDDLESEX,25000896,"V1:(No, not federally reportable) / V2:(No, not federally reportable)","No, not federally reportable",Roadway,At Address,"Yes, hit and run",,V1:(Collision with parked motor vehicle) / V2:(Collision with parked motor vehicle),None,"No, school bus not involved",25,Not reported, V1:(Collision with parked motor vehicle) V2:(Collision with parked motor vehicle),No,,,,,,,,236213.1177,908931.818,42.43006651,-71.05992185,206, SALEM ST Rte 6,,,,,,,,,,,13949,2020,0.477,683,0.068,84,Both sides,City or Town accepted road,,9,9,0,No Shoulder,40,Bituminous concrete road,0,No Shoulder,2,0,0,None,Large Urbanized Area,Urban minor arterial or rural major collector,Boston (MA-NH-RI),,Mainline roadway,Two-way traffic,No Access Control,,30,SALEM STREET,MAIN STREET ,,MALDEN,Good,Level Terrain,,Grown from Prior Year HPMS Network,,30,0,0,,,Minor Arterial
5615419,MALDEN,12/3/25,Unknown,Open,10:54 AM,2025,Not reported,1,Local police,,,,,,10:00AM to 10:59AM,,,Collision with motor vehicle in traffic,Yes,Daylight,Unknown,4,,,, PW20254664028,Ice,Not at junction,MAPC,0,0,No controls,"Two-way, not divided",V1: Parked,V1:(Passenger car),V1:(No),V1:(No),V1: N,Clear,MIDDLESEX,25000884,"V1:(No, not federally reportable)","No, not federally reportable",Roadway,At Address,"Yes, hit and run",,V1:(Collision with motor vehicle in traffic),None,"No, school bus not involved",25,Not reported, V1:(Collision with motor vehicle in traffic),No,,,,,,,,235331.6985,907708.8908,42.41909751,-71.07070787,54, GREEN ST Rte N,,,,,,,,,,,1154,,,,,,Both sides,City or Town accepted road,,7,7,0,No Shoulder,30,Surface-treated road,0,No Shoulder,2,0,0,None,Large Urbanized Area,Local,Boston (MA-NH-RI),,Mainline roadway,Two-way traffic,No Access Control,,,GREEN STREET,BOW STREET,EVERETT CITY LINE,MALDEN,Fair,Level Terrain,,,,,0,0,,,Local
5615420,MALDEN,12/4/25,Unknown,Open,2:06 PM,2025,Not reported,1,Local police,,,,,,02:00PM to 02:59PM,,,Collision with parked motor vehicle,Yes,Unknown,Angle,4,,,, PW20254664030,Dry,Not at junction,MAPC,0,0,No controls,Unknown,V1: Parked,V1:(Passenger car),V1:(No),V1:(No),V1: Not Reported,Clear/Clear,MIDDLESEX,25000889,"V1:(No, not federally reportable)","No, not federally reportable",Unknown,At Address,"Yes, hit and run",,V1:(Collision with parked motor vehicle),None,"No, school bus not involved",10,"Yes, device functioning"," V1:(Collision with parked motor vehicle),(Other)",No,,,,,,,,235050.6994,908678.3617,42.42783789,-71.07406323,14, SUMMER ST Rte 6,,,,,,,,,,,2709,2020,0.21,131,0,16,Both sides,City or Town accepted road,,10,8,0,No Shoulder,32,Bituminous concrete road,0,No Shoulder,2,0,0,None,Large Urbanized Area,Urban collector or rural minor collector,Boston (MA-NH-RI),,Mainline roadway,Two-way traffic,No Access Control,,99,SUMMER STREET,PLEASANT STREET,DEAD END,MALDEN,Fair,Level Terrain,,Grown from Prior Year HPMS Network,,99,0,0,,,Major Collector
5615421,MALDEN,12/6/25,Property damage only (none injured),Open,11:22 PM,2025,No Apparent Injury (O),2,Local police,,35-44,35-44,,,11:00PM to 11:59PM,D1: (Unknown) ,,Collision with parked motor vehicle,Yes,Dark - lighted roadway,Rear-end,4,,,, PW20254664029,Dry,Not at junction,MAPC,0,0,No controls,"Two-way, not divided",V1: Travelling straight ahead / V2: Parked,V1:(Passenger car) / V2:(Passenger car),V1:(No) / V2:(No),"V1:(Yes, vehicle or trailer disabled) / V2:(No)",V1: S  / V2: S,Clear,MIDDLESEX,25000898,"V1:(No, not federally reportable) / V2:(No, not federally reportable)","No, not federally reportable",Roadway,At Address,"Yes, hit and run",,V1:(Collision with parked motor vehicle) / V2:(Collision with motor vehicle in traffic),None,"No, school bus not involved",25,"Yes, device functioning", V1:(Collision with parked motor vehicle) V2:(Collision with motor vehicle in traffic),No,,,,,,,,234444.251,907544.2953,42.41765543,-71.0815003,416, MEDFORD ST Rte S,,,,,,,,,,,18609,2020,0.477,912,0.068,111,Both sides,City or Town accepted road,,9,9,0,No Shoulder,32,Bituminous concrete road,0,No Shoulder,2,0,0,None,Large Urbanized Area,Urban minor arterial or rural major collector,Boston (MA-NH-RI),,Mainline roadway,Two-way traffic,No Access Control,,99,MEDFORD STREET,MEDFORD CITY LINE,MAIN STREET,MALDEN,Good,Level Terrain,,Grown from Prior Year HPMS Network,,99,0,0,,,Minor Arterial
5615422,MALDEN,12/7/25,Unknown,Open,9:23 PM,2025,Not reported,1,Local police,,,,,,09:00PM to 09:59PM,,,Collision with motor vehicle in traffic,Yes,Dark - lighted roadway,"Sideswipe, opposite direction",4,,,, PW20254664031,Dry,Not at junction,MAPC,0,0,No controls,"Two-way, not divided",V1: Parked,"V1:(Light truck(van, mini-van, pickup, sport utility))",V1:(No),V1:(No),V1:,Clear,MIDDLESEX,25000901,"V1:(No, not federally reportable)","No, not federally reportable",Roadway,At Address,"Yes, hit and run",,V1:(Collision with motor vehicle in traffic),None,"No, school bus not involved",25,Not reported, V1:(Collision with motor vehicle in traffic),No,,,,,,,,236776.0014,909284.0778,42.43321138,-71.05305913,33, BAKER ST Rte S,,,,,,,,,,,1154,,,,,,Both sides,City or Town accepted road,,7,7,0,No Shoulder,25,Bituminous concrete road,0,No Shoulder,2,0,0,None,Large Urbanized Area,Local,Boston (MA-NH-RI),,Mainline roadway,Two-way traffic,No Access Control,,,BAKER STREET,SEAVIEW AVENUE,GRANVILLE AVENUE,MALDEN,Good,Rolling Terrain,,,,,0,0,,,Local
5615423,MALDEN,12/7/25,Unknown,Open,3:18 PM,2025,Not reported,1,Local police,,,,,,03:00PM to 03:59PM,,,Collision with parked motor vehicle,Yes,Unknown,Unknown,4,,,, PW20254664032,Unknown,Y-intersection,MAPC,0,0,Stop signs,"Two-way, not divided",V1: Parked,V1:(Passenger car),V1:(No),V1:(No),V1:,Unknown,MIDDLESEX,25000899,"V1:(No, not federally reportable)","No, not federally reportable",Roadway,At Intersection,"Yes, hit and run",,V1:(Collision with motor vehicle in traffic),Unknown,"No, school bus not involved",25,"Yes, device functioning", V1:(Collision with motor vehicle in traffic),No,,,,,,,,234032.4418,908504.4477,42.42631733,-71.08644716,, MURRAY HILL RD Rte E  / FELLSWAY E Rte N,,,,,,,,,,,658,2020,0.21,32,8,4,Right side only,Department of Conservation and Recreation,,0,4,0,No Shoulder,25,Bituminous concrete road,0,No Shoulder,2,0,0,None,Large Urbanized Area,Urban collector or rural minor collector,Boston (MA-NH-RI),,Mainline roadway,Two-way traffic,No Access Control,,0,MURRAY HILL ROAD,MEDFORD CITY LINE,FELLSWAY EAST,MALDEN,Good,Rolling Terrain,,Grown from Prior Year HPMS Network,,99,0,0,,,Major Collector