Crash Number,City Town Name,Crash Date,Crash Severity,Crash Status,Crash Time,Crash Year,Max Injury Severity Reported,Number of Vehicles,Police Agency Type,State Police Troop,Age of Driver - Youngest Known,Age of Driver - Oldest Known,Age of Vulnerable User - Youngest Known,Age of Vulnerable User - Oldest Known,Crash Hour,Driver Contributing Circumstances (All Drivers),Driver Distracted By (All Vehicles),First Harmful Event,Is Geocoded,Light Conditions,Manner of Collision,MassDOT District,Vulnerable User Action (All Persons),Vulnerable User Location (All Persons),Vulnerable User Type (All Persons),RMV Document Numbers,Road Surface Condition,Roadway Junction Type,RPA Abbreviation,Total Fatalities,Total Non-Fatal Injuries,Traffic Control Device Type,Trafficway Description,Vehicle Actions Prior to Crash (All Vehicles),Vehicle Configuration (All Vehicles),Vehicle Emergency Use (All Vehicles),Vehicle Towed From Scene (All Vehicles),Vehicle Travel Directions (All Vehicles),Weather Conditions,County Name,Crash Report IDs,FMCSA Reportable (All Vehicles),FMCSA Reportable (Crash),First Harmful Event Location,Geocoding Method,Hit and Run,Locality,Most Harmful Event (All Vehicles),Road Contributing Circumstance,School Bus Related,Speed Limit,Traffic Control Device Function,Vehicle Sequence of Events (All Vehicles),Work Zone Related,Vulnerable User Sequence of Events (All Persons),Vulnerable User Distracted By (All Persons),Vulnerable User Traffic Control Type (All persons),Vulnerable User Origin Destination (All Persons),Vulnerable User Contributing Circumstances (All Persons),Vulnerable User Alcohol Suspected Type (All Persons),Vulnerable User Drug Suspected Type (All Persons),X,Y,Latitude,Longitude,Street Number,Roadway,Near Intersection Roadway,Distance and Direction From Intersection,Milemarker,Milemarker Route,Distance and Direction From Milemarker,Exit Number,Exit Route,Distance and Direction From Exit,Landmark,Distance and Direction From Landmark,AADT-linked RD,AADT Year-linked RD,Peak % Single Unit Trucks-linked RD,Single-Unit Truck and Bus AADT-linked RD,Peak % Combo Trucks-linked RD,Combination Truck AADT-linked RD,Curb-linked RD-linked RD,Jurisdiction-linked RD,Truck Route-linked RD,Left Sidewalk Width-linked RD,Right Sidewalk Width-linked RD,Left Shoulder Width-linked RD,Left Shoulder Type-linked RD,Surface Width-linked RD,Surface Type-linked RD,Right Shoulder Width-linked RD,Right Shoulder Type-linked RD,Number of Travel Lanes-linked RD,Number of Opposing Travel Lanes-linked RD,Median Width-linked RD,Median Type-linked RD,Urban Type-linked RD,Functional Classification-linked RD,Urbanized Area-linked RD,Federal Aid Route Number-linked RD,Facility Type-linked RD,Street Operation-linked RD,Access Control-linked RD,Number of Peak Hour Lanes-linked RD,Speed Limit-linked RD,Street Name-linked RD,From Street Name-linked RD,To Street Name-linked RD,City-linked RD-linked RD,Structural Condition-linked RD,Terrain-linked RD,Urban Location Type-linked RD,AADT Derivation-linked RD,AADT Station Number-linked RD,Opposing Direction Speed Limit-linked RD,Undivided Left Shoulder Type-linked RD,Undivided Left Shoulder Width-linked RD,Truck Exclusion Type-linked RD,Truck Exclusion Time-linked RD,Federal Functional Classification-linked RD
5615424,MALDEN,12/5/25,Non-fatal injury,Open,5:32 AM,2025,Suspected Minor Injury (B),2,Local police,,25-34,25-34,,,05:00AM to 05:59AM,D1: (Unknown)  / D2: (Unknown) ,,Collision with motor vehicle in traffic,Yes,Dark - lighted roadway,Angle,4,,,, PW20254664033,Dry,T-intersection,MAPC,0,2,Flashing traffic control signal,"Two-way, not divided",V1: Travelling straight ahead / V2: Travelling straight ahead,V1:(Passenger car) / V2:(Passenger car),V1:(No) / V2:(No),"V1:(Yes, vehicle or trailer disabled) / V2:(Yes, vehicle or trailer disabled)",V1: W  / V2: N,Clear,MIDDLESEX,25000891,"V1:(No, not federally reportable) / V2:(No, not federally reportable)","No, not federally reportable",Roadway,At Intersection,No hit and run,,V1:(Collision with motor vehicle in traffic) / V2:(Collision with motor vehicle in traffic),None,"No, school bus not involved",25,"Yes, device functioning", V1:(Collision with motor vehicle in traffic) V2:(Collision with motor vehicle in traffic),No,,,,,,,,235106.2149,908620.9221,42.42731829,-71.07339211,, FLORENCE ST Rte N  / PLEASANT ST Rte W,,,,,,,,,,,2640,2020,0.21,128,0,16,Both sides,City or Town accepted road,,6,6,0,No Shoulder,45,Bituminous concrete road,0,No Shoulder,2,0,0,None,Large Urbanized Area,Urban collector or rural minor collector,Boston (MA-NH-RI),,Mainline roadway,Two-way traffic,No Access Control,,99,FLORENCE STREET,PLEASANT STREET,MAIN STREET,MALDEN,Good,Level Terrain,,Grown from Prior Year HPMS Network,,99,0,0,,,Major Collector
5615425,MALDEN,12/16/25,Property damage only (none injured),Open,8:30 PM,2025,No Apparent Injury (O),2,Local police,,35-44,35-44,,,08:00PM to 08:59PM,"D2: (No improper driving),(No improper driving) ",D2: Not Distracted,Collision with parked motor vehicle,Yes,Dark - lighted roadway,"Sideswipe, same direction",4,,,, PW20254664036,Dry,Not at junction,MAPC,0,0,No controls,"Two-way, not divided",V1: Overtaking/passing / V2: Parked,V1:(Passenger car) / V2:(Passenger car),V1:(No) / V2:(No),V1:(No) / V2:(No),V1: E  / V2: E,Clear,MIDDLESEX,25000926,"V1:(No, not federally reportable) / V2:(No, not federally reportable)","No, not federally reportable",Roadside,At Address,"Yes, hit and run",,V1:(Collision with parked motor vehicle) / V2:(Collision with motor vehicle in traffic),None,"No, school bus not involved",20,Not reported, V1:(Collision with parked motor vehicle) V2:(Collision with motor vehicle in traffic),No,,,,,,,,236337.7189,908194.8298,42.42342596,-71.05845403,44, UPHAM ST Rte E,,,,,,,,,,,1154,,,,,,Both sides,City or Town accepted road,,7,7,0,No Shoulder,25,Bituminous concrete road,0,No Shoulder,2,0,0,None,Large Urbanized Area,Local,Boston (MA-NH-RI),,Mainline roadway,One-way traffic,No Access Control,,,UPHAM STREET,FRANKLIN STREET,FERRY STREET,MALDEN,Good,Level Terrain,,,,,0,0,,,Local
5615426,MALDEN,12/8/25,Property damage only (none injured),Open,8:38 PM,2025,No Apparent Injury (O),2,Local police,,45-54,65-74,,,08:00PM to 08:59PM,D1: (Unknown)  / D2: (Unknown) ,D1: Not Distracted,Collision with motor vehicle in traffic,Yes,Dark - lighted roadway,Angle,4,,,, PW20254664037,Dry,Not at junction,MAPC,0,0,No controls,Unknown,V1: Backing / V2: Travelling straight ahead,V1:(Passenger car) / V2:(Passenger car),V1:(No) / V2:(No),V1:(No) / V2:(No),V1: U  / V2: N,Clear,MIDDLESEX,25000907,"V1:(No, not federally reportable) / V2:(No, not federally reportable)","No, not federally reportable",Outside roadway,At Address,"Yes, hit and run",,V1:(Collision with motor vehicle in traffic) / V2:(Collision with motor vehicle in traffic),None,"No, school bus not involved",5,"No, device not functioning", V1:(Collision with motor vehicle in traffic) V2:(Collision with motor vehicle in traffic),No,,,,,,,,239152.4527,909123.0874,42.43164634,-71.02418948,215, BEACH ST Rte 6, HANCOCK RD Rte,,,,,,,,,,17337,2020,0.558,797,0.155,190,Both sides,Massachusetts Department of Transportation,,6,6,0,No Shoulder,28,Bituminous concrete road,0,No Shoulder,2,0,0,None,Large Urbanized Area,Rural minor arterial or urban principal arterial,Boston (MA-NH-RI),,Mainline roadway,Two-way traffic,No Access Control,,35,BEACH STREET,REVERE CITY LINE,SALEM STREET,MALDEN,Good,Level Terrain,,Pulled back from HPMS network estimation routine,,35,0,0,,,Principal Arterial - Other
5615427,MALDEN,12/9/25,Property damage only (none injured),Open,8:25 AM,2025,No Apparent Injury (O),1,Local police,,35-44,35-44,35-44,35-44,08:00AM to 08:59AM,D1: (Unknown) ,,Collision with cyclist,Yes,Daylight,Angle,4, VU2: Entering or crossing location, VU2: In roadway, VU2: Bicyclist, PW20254664039,Dry,Four-way intersection,MAPC,0,0,Traffic control signal,"Two-way, not divided",V1: Turning left,V1:(Passenger car),V1:(No),V1:(No),V1: E,Clear,MIDDLESEX,25000909,"V1:(No, not federally reportable)","No, not federally reportable",Roadway,At Intersection,No hit and run,,"V1:(Collision with cyclist (bicycle, tricycle, unicycle, pedal car))",None,"No, school bus not involved",25,"Yes, device functioning", V1:(Collision with cyclist),No," VU2:(Crossing Roadway),(Collision with motor vehicle in transport)",, VU2: Other,,,,,237952.3753,909401.6249,42.43421322,-71.03875514,, SALEM ST Rte E  / BROADWAY Rte N,,,,,,,,,,,11845,2020,0.477,581,0.068,71,Both sides,City or Town accepted road,,10,9,0,No Shoulder,41,Bituminous concrete road,0,No Shoulder,2,0,0,None,Large Urbanized Area,Urban minor arterial or rural major collector,Boston (MA-NH-RI),,Mainline roadway,Two-way traffic,No Access Control,,30,SALEM STREET,MAIN STREET ,,MALDEN,Good,Level Terrain,,Grown from Prior Year HPMS Network,,30,0,0,,,Minor Arterial
5615428,MALDEN,12/8/25,Non-fatal injury,Open,1:17 AM,2025,Suspected Minor Injury (B),2,Local police,,25-34,25-34,,,01:00AM to 01:59AM,D1: (Driving too fast for conditions) ,D1: Not Distracted,Collision with utility pole,Yes,Dark - lighted roadway,Angle,4,,,, PW20254664034,Ice,T-intersection,MAPC,0,1,Stop signs,"Two-way, not divided",V1: Travelling straight ahead / V2: Parked,V1:(Passenger car) / V2:(Passenger car),V1:(No) / V2:(No),"V1:(Yes, vehicle or trailer disabled) / V2:(No)",V1: E  / V2:,Cloudy/Snow,MIDDLESEX,25000902,"V1:(No, not federally reportable) / V2:(No, not federally reportable)","No, not federally reportable",Roadway,At Intersection,No hit and run,,V1:(Collision with utility pole) / V2:(Collision with parked motor vehicle),"Road surface condition (wet, icy, snow, slush, etc.)","No, school bus not involved",25,Not reported," V1:(Collision with utility pole),(Collision with parked motor vehicle) V2:(Collision with parked motor vehicle)",No,,,,,,,,235998.3749,909080.375,42.43141384,-71.0625222,, MOUNTAIN AVE Rte E  / MT VERNON ST Rte,,,,,,,,,,,2766,2020,0.21,134,0,17,Both sides,City or Town accepted road,,9,9,0,No Shoulder,30,Bituminous concrete road,0,No Shoulder,2,0,0,None,Large Urbanized Area,Urban collector or rural minor collector,Boston (MA-NH-RI),,Mainline roadway,Two-way traffic,No Access Control,,99,MOUNTAIN AVENUE,EVERETT STREET ,MOUNT VERNON STREET,MALDEN,Good,Level Terrain,,Grown from Prior Year HPMS Network,,99,0,0,,,Major Collector
5615429,MALDEN,12/9/25,Property damage only (none injured),Open,1:14 AM,2025,No Apparent Injury (O),2,Local police,,25-34,25-34,,,01:00AM to 01:59AM,D1: (Fatigued/asleep) ,D1: Not Distracted,Collision with utility pole,Yes,Dark - lighted roadway,Head-on,4,,,, PW20254664040,Dry,Not at junction,MAPC,0,0,No controls,"Two-way, not divided",V1: Travelling straight ahead / V2: Parked,V1:(Passenger car) / V2:(Passenger car),V1:(No) / V2:(No),"V1:(Yes, vehicle or trailer disabled) / V2:(No)",V1: N  / V2:,Clear,MIDDLESEX,25000908,"V1:(No, not federally reportable) / V2:(No, not federally reportable)","No, not federally reportable",Roadway,At Address,No hit and run,,V1:(Collision with utility pole) / V2:(Collision with utility pole),None,"No, school bus not involved",30,"Yes, device functioning"," V1:(Collision with utility pole),(Collision with parked motor vehicle) V2:(Collision with utility pole),(Collision with parked motor vehicle)",No,,,,,,,,238289.8689,909812.5622,42.43789617,-71.03462633,500, BROADWAY Rte N,,,,,,,,,,,23069,2009,2,2,1,1,Right side only,City or Town accepted road,,0,10,0,No Shoulder,16,Bituminous concrete road,0,No Shoulder,1,1,10,Unprotected,Large Urbanized Area,Rural minor arterial or urban principal arterial,Boston (MA-NH-RI),,Mainline roadway,Two-way traffic,No Access Control,,30,BROADWAY,EVERETT CITY LINE,MELROSE CITY LINE,MALDEN,Good,Level Terrain,,Calculated from Partial Counts,5693,0,0,0,,,Principal Arterial - Other
5615430,MALDEN,12/7/25,Property damage only (none injured),Open,8:41 PM,2025,No Apparent Injury (O),2,Local police,,18-20,18-20,,,08:00PM to 08:59PM,"D1: (No improper driving),(No improper driving) ",D1: Not Distracted,Collision with parked motor vehicle,Yes,Dark - lighted roadway,"Sideswipe, same direction",4,,,, PW20254664035,Dry,Not at junction,MAPC,0,0,No controls,"Two-way, not divided",V1: Travelling straight ahead / V2: Parked,V1:(Passenger car) / V2:(Passenger car),V1:(No) / V2:(No),V1:(No) / V2:(No),V1: N  / V2:,Clear,MIDDLESEX,25000900,"V1:(No, not federally reportable) / V2:(No, not federally reportable)","No, not federally reportable",Roadway,At Address,No hit and run,,V1:(Collision with parked motor vehicle) / V2:(Collision with motor vehicle in traffic),None,"No, school bus not involved",25,Not reported, V1:(Collision with parked motor vehicle) V2:(Collision with motor vehicle in traffic),No,,,,,,,,236043.6766,909330.918,42.43366726,-71.06195604,141, MT VERNON ST Rte N,,,,,,,,,,,1154,,,,,,Both sides,City or Town accepted road,,7,7,0,No Shoulder,25,Surface-treated road,0,No Shoulder,2,0,0,None,Large Urbanized Area,Local,Boston (MA-NH-RI),,Mainline roadway,Two-way traffic,No Access Control,,,MOUNT VERNON STREET,SALEM STREET,FOREST STREET,MALDEN,Good,Rolling Terrain,,,,,0,0,,,Local
5615431,MALDEN,12/19/25,Property damage only (none injured),Open,12:44 PM,2025,No Apparent Injury (O),1,Local police,,25-34,25-34,,,12:00PM to 12:59PM,D1: (No improper driving) ,D1: Not Distracted,Collision with motor vehicle in traffic,Yes,Daylight,"Sideswipe, same direction",4,,,, PW20254664041,Wet,Four-way intersection,MAPC,0,0,Traffic control signal,"Two-way, divided, unprotected median",V1: Travelling straight ahead,V1:(Passenger car),V1:(No),V1:(No),V1: W,Rain/Cloudy,MIDDLESEX,25000933,"V1:(No, not federally reportable)","No, not federally reportable",Roadway,At Intersection,"Yes, hit and run",,V1:(Collision with motor vehicle in traffic),None,"No, school bus not involved",25,"Yes, device functioning", V1:(Collision with motor vehicle in traffic),No,,,,,,,,234906.2611,908527.086,42.4264825,-71.07582756,, CENTRE ST Rte    / PEARL ST Rte,,,,,,,,,,,14218,2020,0.558,653,0.155,156,Both sides,City or Town accepted road,,0,8,0,No Shoulder,22,Bituminous concrete road,0,No Shoulder,2,1,5,Raised Median,Large Urbanized Area,Rural minor arterial or urban principal arterial,Boston (MA-NH-RI),,Mainline roadway,Two-way traffic,No Access Control,,30,CENTRE STREET,PLEASANT STREET,EASTERN AVENUE,MALDEN,Good,Level Terrain,,Pulled back from HPMS network estimation routine,,0,0,0,,,Principal Arterial - Other
5615432,MALDEN,12/11/25,Non-fatal injury,Open,12:22 PM,2025,Possible Injury (C),1,Local police,,,,35-44,35-44,12:00PM to 12:59PM,,,Collision with pedestrian,Yes,Daylight,Angle,4, VU2: Entering or crossing location, VU2: Marked crosswalk at intersection (includes use of paint raised or other roadway material), VU2: Bicyclist, PW20254664038,Dry,Four-way intersection,MAPC,0,1,Traffic control signal,"Two-way, divided, unprotected median",V1: Turning left,V1:(Passenger car),V1:(No),V1:(No),V1: S,Clear,MIDDLESEX,25000913,"V1:(No, not federally reportable)","No, not federally reportable",Roadway,At Intersection,"Yes, hit and run",,V1:(Collision with pedestrian),None,"No, school bus not involved",25,"Yes, device functioning", V1:(Collision with pedestrian),No, VU2:(Crossing Roadway), VU2:(Not Distracted), VU2: Other,,, VU2: No, VU2: No,234990.7655,908169.4374,42.42325897,-71.07482236,, CHARLES ST Rte E  / COMMERCIAL ST Rte,,,,,,,,,,,14942,2020,0.477,732,0.068,89,Both sides,City or Town accepted road,,7,7,0,No Shoulder,49,Surface-treated road,0,No Shoulder,2,0,0,None,Large Urbanized Area,Urban minor arterial or rural major collector,Boston (MA-NH-RI),,Mainline roadway,Two-way traffic,No Access Control,,99,CHARLES STREET,MAIN STREET,FELLSWAY,MALDEN,Good,Level Terrain,,Grown from Prior Year HPMS Network,,99,0,0,,,Minor Arterial
5615433,MALDEN,12/9/25,Unknown,Open,9:58 AM,2025,Not reported,1,Local police,,,,,,09:00AM to 09:59AM,,,Unknown,Yes,Unknown,Unknown,4,,,, PW20254664046,Unknown,Not at junction,MAPC,0,0,No controls,"Two-way, not divided",V1: Parked,V1:(Passenger car),V1:(No),V1:(No),V1: U,Unknown,MIDDLESEX,25000910,"V1:(No, not federally reportable)","No, not federally reportable",Outside roadway,At Address,"Yes, hit and run",,V1:(Collision with motor vehicle in traffic),Unknown,"No, school bus not involved",25,Not reported,,No,,,,,,,,238424.999,909639.1,42.43632793,-71.03299554,244, KENNEDY DR Rte 6,,,,,,,,,,,,,,,,,,,,,,,,,,,,,,,,,,,,,,,,,KENNEDY DRIVE,SALEM STREET,KENNEDY DRIVE,MALDEN,,,,,,,,,,,
5615434,MALDEN,12/8/25,Unknown,Open,4:00 PM,2025,Not reported,4,Local police,,,,,,04:00PM to 04:59PM,,,Collision with parked motor vehicle,Yes,Dark - lighted roadway,Angle,4,,,, PW20254664042,Dry,Not at junction,MAPC,0,0,No controls,"One-way, not divided",V1: Travelling straight ahead / V2: Parked / V3: Parked / V4: Parked,"V1:(Unknown heavy truck, cannot classify) / V2:(Light truck(van, mini-van, pickup, sport utility)) / V3:(Light truck(van, mini-van, pickup, sport utility)) / V4:(Light truck(van, mini-van, pickup, sport utility))",V1:(Yes) / V2:(No) / V3:(No) / V4:(No),V1:(No) / V2:(No) / V3:(No) / V4:(No),V1: W  / V2:    / V3:    / V4:,Clear,MIDDLESEX,25000904,"V1:(No, not federally reportable) / V2:(No, not federally reportable) / V3:(No, not federally reportable) / V4:(No, not federally reportable)","No, not federally reportable",Roadway,At Address,No hit and run,,V1:(Collision with parked motor vehicle) / V2:(Collision with motor vehicle in traffic) / V3:(Collision with motor vehicle in traffic) / V4:(Collision with motor vehicle in traffic),None,"No, school bus not involved",25,Not reported, V1:(Collision with parked motor vehicle) V2:(Collision with motor vehicle in traffic) V3:(Collision with motor vehicle in traffic) V4:(Collision with motor vehicle in traffic),No,,,,,,,,236187.658,908261.6503,42.42403449,-71.06027323,45, CLAYTON ST Rte W,,,,,,,,,,,1154,,,,,,Both sides,City or Town accepted road,,7,7,0,No Shoulder,25,Bituminous concrete road,0,No Shoulder,2,0,0,None,Large Urbanized Area,Local,Boston (MA-NH-RI),,Mainline roadway,One-way traffic,No Access Control,,,CLAYTON STREET,WARREN AVENUE,FERRY STREET,MALDEN,Fair,Level Terrain,,,,,0,0,,,Local
5615435,MALDEN,12/18/25,Non-fatal injury,Open,7:14 AM,2025,Suspected Minor Injury (B),1,Local police,,25-34,25-34,65-74,65-74,07:00AM to 07:59AM,D1: (Unknown) ,,Collision with cyclist,Yes,Daylight,"Sideswipe, same direction",4, VU3: Entering or crossing location, VU3: Marked crosswalk at intersection (includes use of paint raised or other roadway material), VU3: Bicyclist, PW20254664043,Dry,Not at junction,MAPC,0,1,Pedestrian Crossing signal/beacon,"One-way, not divided",V1: Travelling straight ahead,V1:(Passenger car),V1:(No),V1:(No),V1: S,Clear,MIDDLESEX,25000927,"V1:(No, not federally reportable)","No, not federally reportable",Roadway,At Address,No hit and run,,"V1:(Collision with cyclist (bicycle, tricycle, unicycle, pedal car))",Unknown,"No, school bus not involved",25,"Yes, device functioning", V1:(Collision with cyclist),No, VU3:(Crossing Roadway),, VU3: Other,,, VU3: No, VU3: No,236447.213,908884.9276,42.42963347,-71.05708003,67, BRYANT ST Rte S,,,,,,,,,,,2121,2020,0.477,103,0.068,12,Both sides,City or Town accepted road,,7,7,0,No Shoulder,25,Bituminous concrete road,0,No Shoulder,2,0,0,None,Large Urbanized Area,Urban minor arterial or rural major collector,Boston (MA-NH-RI),,Mainline roadway,One-way traffic,No Access Control,,99,BRYANT STREET,SALEM STREET,EVERETT CITY LINE,MALDEN,Good,Level Terrain,,Grown from Prior Year HPMS Network,,99,0,0,,,Minor Arterial
5615436,MALDEN,12/10/25,Property damage only (none injured),Open,8:57 AM,2025,No Apparent Injury (O),2,Local police,,35-44,45-54,,,08:00AM to 08:59AM,D1: (No improper driving)  / D2: (Inattention) ,"D1: Manually operating an electronic device / D2: Other activity (searching, eating, personal hygiene, etc.)",Collision with parked motor vehicle,Yes,Daylight,"Sideswipe, same direction",4,,,, PW20254664044,Dry,Not at junction,MAPC,0,0,No controls,"Two-way, divided, unprotected median",V1: Travelling straight ahead / V2: Parked,"V1:(Bus (seats for 9-15 people, including driver)) / V2:(Passenger car)",V1:(No) / V2:(No),V1:(No) / V2:(No),V1: E  / V2:,Clear/Cloudy,MIDDLESEX,25000911,"V1:(No, not federally reportable) / V2:(No, not federally reportable)","No, not federally reportable",Roadside,At Address,No hit and run,,V1:(Collision with parked motor vehicle) / V2:(Collision with motor vehicle in traffic),None,"No, school bus not involved",25,Not reported," V1:(Collision with parked motor vehicle),(Cross median or centerline) V2:(Collision with motor vehicle in traffic)",No,,,,,,,,235635.5517,909020.4952,42.43089144,-71.06693511,165, MOUNTAIN AV Rte E,,,,,,,,,,,2766,2020,0.21,134,0,17,Both sides,City or Town accepted road,,9,9,0,No Shoulder,30,Bituminous concrete road,0,No Shoulder,2,0,0,None,Large Urbanized Area,Urban collector or rural minor collector,Boston (MA-NH-RI),,Mainline roadway,Two-way traffic,No Access Control,,99,MOUNTAIN AVENUE,EVERETT STREET ,MOUNT VERNON STREET,MALDEN,Good,Level Terrain,,Grown from Prior Year HPMS Network,,99,0,0,,,Major Collector
5615437,MALDEN,12/12/25,Property damage only (none injured),Open,8:12 AM,2025,No Apparent Injury (O),2,Local police,,65-74,65-74,,,08:00AM to 08:59AM,D1: (Other improper action) ,D1: Not Distracted,Collision with other light pole or other post/support,No,Daylight,Head-on,4,,,, PW20254664051,Dry,T-intersection,MAPC,0,0,No controls,"One-way, not divided",V1: Travelling straight ahead / V2: Parked,V1:(Passenger car) / V2:(Passenger car),V1:(No) / V2:(No),"V1:(Yes, vehicle or trailer disabled) / V2:(No)",V1: W  / V2:,Clear,MIDDLESEX,25000916,"V1:(No, not federally reportable) / V2:(No, not federally reportable)","No, not federally reportable",Outside roadway,,No hit and run,,V1:(Collision with light pole or other post/support) / V2:(Collision with light pole or other post/support),None,"No, school bus not involved",25,Not reported, V1:(Collision with light  pole or other post/support) V2:(Collision with light  pole or other post/support),No,,,,,,,,,,,,, GARNET STREET Rte W  / LINDEN AV Rte,,,,,,,,,,,,,,,,,,,,,,,,,,,,,,,,,,,,,,,,,GARNET STREET,PLEASANT STREET,DEAD END,MALDEN,,,,,,,,,,,
5615438,MALDEN,12/22/25,Unknown,Open,8:28 PM,2025,Not reported,1,Local police,,,,,,08:00PM to 08:59PM,,,Collision with parked motor vehicle,Yes,Dark - roadway not lighted,Rear-end,4,,,, PW20254664049,Dry,T-intersection,MAPC,0,0,No controls,"One-way, not divided",V1: Parked,V1:(Passenger car),V1:(No),V1:(No),V1:,Clear/Clear,MIDDLESEX,25000947,"V1:(No, not federally reportable)","No, not federally reportable",Roadway,At Intersection,"Yes, hit and run",,V1:(Collision with motor vehicle in traffic),None,"No, school bus not involved",20,Not reported, V1:(Collision with motor vehicle in traffic),No,,,,,,,,234327.6252,908228.8125,42.42382297,-71.08287661,, WEST ST Rte N  / HIGHLAND CT Rte E,,,,,,,,,,,2793,2020,0.21,136,0,17,Both sides,City or Town accepted road,,7,7,0,No Shoulder,30,Bituminous concrete road,0,No Shoulder,2,0,0,None,Large Urbanized Area,Urban collector or rural minor collector,Boston (MA-NH-RI),,Mainline roadway,Two-way traffic,No Access Control,,99,WEST STREET,PLEASANT STREET,MEDFORD STREET,MALDEN,Good,Level Terrain,,Grown from Prior Year HPMS Network,,99,0,0,,,Major Collector
5615439,MALDEN,12/15/25,Unknown,Open,12:18 PM,2025,Not reported,1,Local police,,,,,,12:00PM to 12:59PM,,,Collision with parked motor vehicle,Yes,Unknown,Rear-end,4,,,, PW20254664053,Unknown,Not at junction,MAPC,0,0,No controls,"Two-way, not divided",V1: Parked,"V1:(Light truck(van, mini-van, pickup, sport utility))",V1:(No),V1:(No),V1: Not Reported,Unknown/Unknown,MIDDLESEX,25000923,"V1:(No, not federally reportable)","No, not federally reportable",Unknown,At Address,"Yes, hit and run",,V1:(Other),Unknown,"No, school bus not involved",20,Not reported, V1:(Other),No,,,,,,,,239241.0977,910083.4578,42.4402876,-71.02304696,21, QUARRY LN Rte 6,,,,,,,,,,,,,,,,,,Unaccepted by city or town,,5,5,0,No Shoulder,0,0,0,No Shoulder,0,0,0,None,Large Urbanized Area,Local,Boston (MA-NH-RI),,,,No Access Control,,,QUARRY LANE,OVERLOOK RIDGE DRIVE,DEAD END,MALDEN,,Rolling Terrain,,,,,0,0,,,Local
5615440,MALDEN,12/10/25,Non-fatal injury,Open,2:52 PM,2025,Possible Injury (C),2,Local police,,25-34,45-54,,,02:00PM to 02:59PM,D1: (Unknown)  / D2: (Unknown) ,D1: Not Distracted / D2: Not Distracted,Collision with motor vehicle in traffic,Yes,Daylight,Rear-end,4,,,, PW20254664052,Dry,T-intersection,MAPC,0,2,Stop signs,"Two-way, not divided",V1: Travelling straight ahead / V2: Entering traffic lane,"V1:(Light truck(van, mini-van, pickup, sport utility)) / V2:(Light truck(van, mini-van, pickup, sport utility))",V1:(No) / V2:(No),"V1:(Yes, vehicle or trailer disabled) / V2:(Yes, vehicle or trailer disabled)",V1: E  / V2: N,Clear,MIDDLESEX,25000912,"V1:(No, not federally reportable) / V2:(No, not federally reportable)","No, not federally reportable",Roadway,Off Intersection,No hit and run,,V1:(Collision with motor vehicle in traffic) / V2:(Collision with motor vehicle in traffic),Traffic congestion related,"No, school bus not involved",25,"Yes, device functioning", V1:(Collision with motor vehicle in traffic) V2:(Collision with motor vehicle in traffic),No,,,,,,,,237321.1251,908912.3751,42.42983922,-71.04645836,800, EASTERN AV Rte 6, SHARON ST Rte,,,,,,,,,,15979,2020,0.558,735,0.155,176,Both sides,City or Town accepted road,,6,6,0,No Shoulder,28,Bituminous concrete road,8,Hardened bituminous mix or penetration,2,0,0,None,Large Urbanized Area,Rural minor arterial or urban principal arterial,Boston (MA-NH-RI),,Mainline roadway,Two-way traffic,No Access Control,,30,EASTERN AVENUE,MAIN STREET,LYNN STREET,MALDEN,Good,Level Terrain,,Pulled back from HPMS network estimation routine,,30,Surfaced shoulder exists – Portland Cement Concrete surface (PCC,8,,,Principal Arterial - Other
5615441,MALDEN,12/14/25,Unknown,Open,1:03 PM,2025,Not reported,1,Local police,,,,,,01:00PM to 01:59PM,,,Collision with parked motor vehicle,Yes,Daylight,"Sideswipe, same direction",4,,,, PW20254664048,Wet,Not at junction,MAPC,0,0,No controls,"Two-way, not divided",V1: Parked,V1:(Passenger car),V1:(No),V1:(No),V1:,Cloudy/Snow,MIDDLESEX,25000922,"V1:(No, not federally reportable)","No, not federally reportable",Roadway,At Address,"Yes, hit and run",,V1:(Collision with parked motor vehicle),None,"No, school bus not involved",20,Not reported, V1:(Collision with parked motor vehicle),No,,,,,,,,235903.8576,907500.134,42.41719203,-71.06376904,32, CLARENDON ST Rte W,,,,,,,,,,,1154,,,,,,Both sides,City or Town accepted road,,6,7,0,No Shoulder,23,Bituminous concrete road,0,No Shoulder,2,0,0,None,Large Urbanized Area,Local,Boston (MA-NH-RI),,Mainline roadway,Two-way traffic,No Access Control,,,CLARENDON STREET,MAIN STREET,APPLETON STREET,MALDEN,Good,Rolling Terrain,,,,,0,0,,,Local
5615442,MALDEN,12/23/25,Property damage only (none injured),Open,7:00 PM,2025,No Apparent Injury (O),2,Local police,,16-17,45-54,,,07:00PM to 07:59PM,D1: (Inattention)  / D2: (No improper driving) ,D2: Not Distracted,Collision with motor vehicle in traffic,No,Dark - lighted roadway,Angle,4,,,, PW20254664056,Wet,T-intersection,MAPC,0,0,No controls,"Two-way, divided, unprotected median",V1: Entering traffic lane / V2: Travelling straight ahead,V1:(Passenger car) / V2:(Passenger car),V1:(No) / V2:(No),V1:(No) / V2:(No),V1: N  / V2: N,Rain,MIDDLESEX,25000949,"V1:(No, not federally reportable) / V2:(No, not federally reportable)","No, not federally reportable",Roadway,,No hit and run,,V1:(Collision with motor vehicle in traffic) / V2:(Collision with motor vehicle in traffic),None,"No, school bus not involved",25,"Yes, device functioning", V1:(Collision with motor vehicle in traffic) V2:(Collision with motor vehicle in traffic),No,,,,,,,,,,,,100, WILLOW ST Rte N,,,,,,,,,,,,2020,,,,,Both sides,City or Town accepted road,,,,0,No Shoulder,,Bituminous concrete road,0,No Shoulder,2,0,0,None,Large Urbanized Area,Urban minor arterial or rural major collector,Boston (MA-NH-RI),,Mainline roadway,Two-way traffic,No Access Control,,25,,,,MALDEN,Good,Level Terrain,,,,25,0,0,,,Minor Arterial