Crash Number,City Town Name,Crash Date,Crash Severity,Crash Status,Crash Time,Crash Year,Max Injury Severity Reported,Number of Vehicles,Police Agency Type,State Police Troop,Age of Driver - Youngest Known,Age of Driver - Oldest Known,Age of Vulnerable User - Youngest Known,Age of Vulnerable User - Oldest Known,Crash Hour,Driver Contributing Circumstances (All Drivers),Driver Distracted By (All Vehicles),First Harmful Event,Is Geocoded,Light Conditions,Manner of Collision,MassDOT District,Vulnerable User Action (All Persons),Vulnerable User Location (All Persons),Vulnerable User Type (All Persons),RMV Document Numbers,Road Surface Condition,Roadway Junction Type,RPA Abbreviation,Total Fatalities,Total Non-Fatal Injuries,Traffic Control Device Type,Trafficway Description,Vehicle Actions Prior to Crash (All Vehicles),Vehicle Configuration (All Vehicles),Vehicle Emergency Use (All Vehicles),Vehicle Towed From Scene (All Vehicles),Vehicle Travel Directions (All Vehicles),Weather Conditions,County Name,Crash Report IDs,FMCSA Reportable (All Vehicles),FMCSA Reportable (Crash),First Harmful Event Location,Geocoding Method,Hit and Run,Locality,Most Harmful Event (All Vehicles),Road Contributing Circumstance,School Bus Related,Speed Limit,Traffic Control Device Function,Vehicle Sequence of Events (All Vehicles),Work Zone Related,Vulnerable User Sequence of Events (All Persons),Vulnerable User Distracted By (All Persons),Vulnerable User Traffic Control Type (All persons),Vulnerable User Origin Destination (All Persons),Vulnerable User Contributing Circumstances (All Persons),Vulnerable User Alcohol Suspected Type (All Persons),Vulnerable User Drug Suspected Type (All Persons),X,Y,Latitude,Longitude,Street Number,Roadway,Near Intersection Roadway,Distance and Direction From Intersection,Milemarker,Milemarker Route,Distance and Direction From Milemarker,Exit Number,Exit Route,Distance and Direction From Exit,Landmark,Distance and Direction From Landmark,AADT-linked RD,AADT Year-linked RD,Peak % Single Unit Trucks-linked RD,Single-Unit Truck and Bus AADT-linked RD,Peak % Combo Trucks-linked RD,Combination Truck AADT-linked RD,Curb-linked RD-linked RD,Jurisdiction-linked RD,Truck Route-linked RD,Left Sidewalk Width-linked RD,Right Sidewalk Width-linked RD,Left Shoulder Width-linked RD,Left Shoulder Type-linked RD,Surface Width-linked RD,Surface Type-linked RD,Right Shoulder Width-linked RD,Right Shoulder Type-linked RD,Number of Travel Lanes-linked RD,Number of Opposing Travel Lanes-linked RD,Median Width-linked RD,Median Type-linked RD,Urban Type-linked RD,Functional Classification-linked RD,Urbanized Area-linked RD,Federal Aid Route Number-linked RD,Facility Type-linked RD,Street Operation-linked RD,Access Control-linked RD,Number of Peak Hour Lanes-linked RD,Speed Limit-linked RD,Street Name-linked RD,From Street Name-linked RD,To Street Name-linked RD,City-linked RD-linked RD,Structural Condition-linked RD,Terrain-linked RD,Urban Location Type-linked RD,AADT Derivation-linked RD,AADT Station Number-linked RD,Opposing Direction Speed Limit-linked RD,Undivided Left Shoulder Type-linked RD,Undivided Left Shoulder Width-linked RD,Truck Exclusion Type-linked RD,Truck Exclusion Time-linked RD,Federal Functional Classification-linked RD
5615443,MALDEN,12/13/25,Non-fatal injury,Open,5:38 PM,2025,Possible Injury (C),2,Local police,,18-20,21-24,,,05:00PM to 05:59PM,D1: (Unknown)  / D2: (Unknown) ,,Collision with motor vehicle in traffic,Yes,Dark - lighted roadway,Angle,4,,,, PW20254664055,Dry,Four-way intersection,MAPC,0,1,Stop signs,"Two-way, not divided",V1: Travelling straight ahead / V2: Travelling straight ahead,V1:(Passenger car) / V2:(Passenger car),V1:(No) / V2:(No),V1:(No) / V2:(No),V1: E  / V2: W,Cloudy,MIDDLESEX,25000921,"V1:(No, not federally reportable) / V2:(No, not federally reportable)","No, not federally reportable",Roadway,At Intersection,No hit and run,,V1:(Collision with motor vehicle in traffic) / V2:(Collision with motor vehicle in traffic),None,"No, school bus not involved",25,"Yes, device functioning", V1:(Collision with motor vehicle in traffic) V2:(Collision with motor vehicle in traffic),No,,,,,,,,237767.2499,908185.8752,42.42327741,-71.04108447,, LYNN ST Rte E  / GROVER Rte W,,,,,,,,,,,6996,2020,0.232,344,0,41,Both sides,City or Town accepted road,,5,6,0,No Shoulder,26,Bituminous concrete road,0,No Shoulder,2,0,0,None,Large Urbanized Area,Urban minor arterial or rural major collector,Boston (MA-NH-RI),,Mainline roadway,Two-way traffic,No Access Control,,25,LYNN STREET,BROADWAY,MALDEN CITY LINE,EVERETT,Fair,Level Terrain,,Grown from Prior Year HPMS Network,,25,0,0,,,Minor Arterial
5615444,MALDEN,12/11/25,Property damage only (none injured),Open,8:21 PM,2025,No Apparent Injury (O),2,Local police,,65-74,65-74,,,08:00PM to 08:59PM,D1: (No improper driving) ,D1: Not Distracted,Collision with parked motor vehicle,No,Daylight,"Sideswipe, same direction",4,,,, PW20254664047,Dry,Not at junction,MAPC,0,0,No controls,"Two-way, not divided",V1: Parked / V2: Unknown,V1:(Passenger car) / V2:(Unknown vehicle configuration),V1:(No) / V2:(No),V1:(No) / V2:(No),V1: E  / V2: E,Clear,MIDDLESEX,25000914,"V1:(No, not federally reportable) / V2:(No, not federally reportable)","No, not federally reportable",Roadway,,"Yes, hit and run",,V1:(Collision with parked motor vehicle) / V2:(Unknown),Unknown,"No, school bus not involved",25,"No, device not functioning", V1:(Collision with parked motor vehicle),No,,,,,,,,,,,,23, BELMONT ST Rte E,,,,,,,,,,,,2020,,,,,Both sides,City or Town accepted road,,8,8,0,No Shoulder,30,Bituminous concrete road,0,No Shoulder,2,0,0,None,Large Urbanized Area,Urban collector or rural minor collector,Boston (MA-NH-RI),,Mainline roadway,Two-way traffic,No Access Control,,99,BELMONT STREET,FERRY STREET,MAIN STREET,MALDEN,Good,,,,,99,0,0,,,Major Collector
5615445,MALDEN,12/16/25,Property damage only (none injured),Open,12:07 AM,2025,No Apparent Injury (O),2,Local police,,25-34,25-34,,,12:00AM to 12:59AM,D1: (Unknown) ,,Collision with parked motor vehicle,Yes,Dark - lighted roadway,"Sideswipe, same direction",4,,,, PW20254664058,Dry,Not at junction,MAPC,0,0,No controls,"Two-way, not divided",V1: Travelling straight ahead / V2: Parked,V1:(Passenger car) / V2:(Passenger car),V1:(No) / V2:(No),V1:(No) / V2:(No),V1: W  / V2: W,Clear,MIDDLESEX,25000924,"V1:(No, not federally reportable) / V2:(No, not federally reportable)","No, not federally reportable",Roadway,At Address,No hit and run,,V1:(Collision with parked motor vehicle) / V2:(Collision with motor vehicle in traffic),None,"No, school bus not involved",25,"Yes, device functioning", V1:(Collision with parked motor vehicle) V2:(Collision with motor vehicle in traffic),No,,,,,,,,235904.5456,907402.8156,42.41631589,-71.06376673,28, APPLETON ST Rte W,,,,,,,,,,,1154,,,,,,Both sides,City or Town accepted road,,7,7,0,No Shoulder,25,Surface-treated road,0,No Shoulder,2,0,0,None,Large Urbanized Area,Local,Boston (MA-NH-RI),,Mainline roadway,Two-way traffic,No Access Control,,,APPLETON STREET,MAIN STREET,HANCOCK STREET,MALDEN,Good,Level Terrain,,,,,0,0,,,Local
5615446,MALDEN,12/19/25,Property damage only (none injured),Open,3:04 PM,2025,No Apparent Injury (O),2,Local police,,35-44,65-74,,,03:00PM to 03:59PM,D1: (No improper driving)  / D2: (No improper driving) ,D1: Not Distracted / D2: Not Distracted,Collision with motor vehicle in traffic,Yes,Daylight,Angle,4,,,, PW20254664063,Wet,Four-way intersection,MAPC,0,0,Traffic control signal,"Two-way, divided, unprotected median",V1: Travelling straight ahead / V2: Turning left,V1:(Passenger car) / V2:(Passenger car),V1:(No) / V2:(No),V1:(No) / V2:(No),V1: W  / V2: N,Rain/Cloudy,MIDDLESEX,25000934,"V1:(No, not federally reportable) / V2:(No, not federally reportable)","No, not federally reportable",Unknown,Off Intersection,No hit and run,,V1:(Collision with motor vehicle in traffic) / V2:(Collision with motor vehicle in traffic),Unknown,"No, school bus not involved",25,"Yes, device functioning", V1:(Collision with motor vehicle in traffic) V2:(Collision with motor vehicle in traffic),No,,,,,,,,237835.2343,908965.1871,42.43028988,-71.04020735,, BROADWAY  N, EASTERN AVE Rte,,,,,,,,,,24974,2020,0.33,974,0.105,275,Both sides,City or Town accepted road,,10,10,0,No Shoulder,44,Bituminous concrete road,0,No Shoulder,2,0,0,None,Large Urbanized Area,Rural minor arterial or urban principal arterial,Boston (MA-NH-RI),,Mainline roadway,Two-way traffic,No Access Control,,30,BROADWAY,EVERETT CITY LINE,MELROSE CITY LINE,MALDEN,Good,Level Terrain,,Grown from Prior Year HPMS Network,,30,0,0,,,Principal Arterial - Other
5615447,MALDEN,12/19/25,Non-fatal injury,Open,4:16 AM,2025,Possible Injury (C),2,Local police,,55-64,55-64,,,04:00AM to 04:59AM,D1: (No improper driving)  / D2: (Made an improper turn) ,D1: Not Distracted,Collision with motor vehicle in traffic,Yes,Dark - lighted roadway,Angle,4,,,, PW20254664059,Wet,T-intersection,MAPC,0,1,No controls,"Two-way, not divided",V1: Travelling straight ahead / V2: Making U-turn,V1:(Passenger car) / V2:(Passenger car),V1:(No) / V2:(No),"V1:(Yes, vehicle or trailer disabled) / V2:(Yes, vehicle or trailer disabled)",V1: W  / V2: W,Rain,MIDDLESEX,25000931,"V1:(No, not federally reportable) / V2:(No, not federally reportable)","No, not federally reportable",Roadway,At Intersection,No hit and run,,V1:(Collision with motor vehicle in traffic) / V2:(Collision with motor vehicle in traffic),None,"No, school bus not involved",25,"No, device not functioning", V1:(Collision with motor vehicle in traffic) V2:(Collision with motor vehicle in traffic),No,,,,,,,,238859.5625,909018.1875,42.43071663,-71.02775589,, BLAINE ST Rte    / LYNN ST Rte,,,,,,,,,,,1154,,,,,,Both sides,City or Town accepted road,,7,7,0,No Shoulder,30,Bituminous concrete road,0,No Shoulder,2,0,0,None,Large Urbanized Area,Local,Boston (MA-NH-RI),,Mainline roadway,Two-way traffic,No Access Control,,,BLAINE STREET,LYNN STREET,DEAD END,MALDEN,Good,Level Terrain,,,,,0,0,,,Local
5615448,MALDEN,12/24/25,Unknown,Open,12:43 PM,2025,Not reported,1,Local police,,,,,,12:00PM to 12:59PM,,,Collision with parked motor vehicle,No,Daylight,Angle,4,,,, PW20254664057,Slush,Not at junction,MAPC,0,0,No controls,"Two-way, not divided",V1: Parked,,V1:(No),V1:(No),V1: U,Snow,MIDDLESEX,25000953,"V1:(No, not federally reportable)","No, not federally reportable",Roadway,,"Yes, hit and run",,V1:(Collision with parked motor vehicle),Unknown,"No, school bus not involved",25,Not reported, V1:(Collision with parked motor vehicle),No,,,,,,,,,,,,61, ROBERTS ST Rte 6,,,,,,,,,,,,,,,,,,,,,,,,,,,,,,,,,,,,,,,,,ROBERTS STREET,SALEM STREET,DEAD END,MALDEN,,,,,,,,,,,
5615449,MALDEN,12/19/25,Non-fatal injury,Open,11:54 AM,2025,Possible Injury (C),1,Local police,,21-24,21-24,>84,>84,11:00AM to 11:59AM,"D1: (No improper driving),(No improper driving) ",,Collision with pedestrian,Yes,Daylight,Single vehicle crash,4," VU2: Walking, running or cycling", VU2: Marked crosswalk at intersection (includes use of paint raised or other roadway material), VU2: Pedestrian, PW20254664061,Wet,Four-way intersection,MAPC,0,1,Traffic control signal,"Two-way, divided, positive median barrier",V1: Turning left,"V1:(Light truck(van, mini-van, pickup, sport utility))",V1:(No),V1:(No),V1: W,Rain/Severe crosswinds,MIDDLESEX,25000932,"V1:(No, not federally reportable)","No, not federally reportable",Roadway,At Intersection,No hit and run,,V1:(Collision with pedestrian),"Road surface condition (wet, icy, snow, slush, etc.)","No, school bus not involved",25,"Yes, device functioning", V1:(Collision with pedestrian),No, VU2:(Crossing Roadway),, VU2: VU Crossing Sign,, VU2:(Crossing of Roadway or Intersection), VU2: No, VU2: No,235574.2501,908402.5623,42.42533128,-71.06771812,, CENTRE ST Rte W  / MAIN ST Rte N,,,,,,,,,,,,,,,,,Both sides,City or Town accepted road,,0,8,0,No Shoulder,22,Bituminous concrete road,0,No Shoulder,2,2,5,Raised Median,Large Urbanized Area,Rural minor arterial or urban principal arterial,Boston (MA-NH-RI),,Mainline roadway,Two-way traffic,No Access Control,,30,CENTRE STREET,PLEASANT STREET,EASTERN AVENUE,MALDEN,Good,Level Terrain,,,,0,0,0,,,Principal Arterial - Other
5615450,MALDEN,12/16/25,Non-fatal injury,Open,4:36 PM,2025,Suspected Minor Injury (B),1,Local police,,35-44,35-44,45-54,45-54,04:00PM to 04:59PM,D1: (Unknown) ,,Collision with motor vehicle in traffic,Yes,Dark - lighted roadway,"Sideswipe, same direction",4," VU3: Walking, running or cycling", VU3: In roadway, VU3: Bicyclist, PW20254664060,Dry,Not at junction,MAPC,0,1,No controls,"Two-way, not divided",V1: Travelling straight ahead,V1:(Passenger car),V1:(No),V1:(No),V1: E,Clear,MIDDLESEX,25000925,"V1:(No, not federally reportable)","No, not federally reportable",Roadway,At Address,No hit and run,,V1:(Collision with motor vehicle in traffic),Unknown,"No, school bus not involved",25,Not reported, V1:(Collision with motor vehicle in traffic),No, VU3:(Walking/Cycling Along Roadway with Traffic (In or Adjacent to Travel Lane)),, VU3: None, VU3: Other,, VU3: No, VU3: No,236963.7153,908661.5312,42.42759802,-71.05081772,29, BOWDOIN ST Rte E,,,,,,,,,,,1154,,,,,,Both sides,City or Town accepted road,,5,7,0,No Shoulder,40,Bituminous concrete road,0,No Shoulder,2,0,0,None,Large Urbanized Area,Local,Boston (MA-NH-RI),,Mainline roadway,Two-way traffic,No Access Control,,,BOWDOIN STREET,NEWLAND STREET,WILLOW STREET,MALDEN,Good,Level Terrain,,,,,0,0,,,Local
5615451,MALDEN,12/19/25,Unknown,Open,3:07 PM,2025,Not reported,1,Local police,,,,,,03:00PM to 03:59PM,,,Collision with parked motor vehicle,Yes,Daylight,Angle,4,,,, PW20254664062,Wet,Not at junction,MAPC,0,0,No controls,"Two-way, not divided",V1: Parked,V1:(Passenger car),V1:(No),V1:(No),V1: Not Reported,Rain,MIDDLESEX,25000935,"V1:(No, not federally reportable)","No, not federally reportable",Outside roadway,At Address,"Yes, hit and run",,V1:(Collision with parked motor vehicle),None,"No, school bus not involved",25,"No, device not functioning", V1:(Collision with parked motor vehicle),No,,,,,,,,235276.1614,908202.1732,42.42354082,-71.07135254,99, CHARLES ST Rte 6,,,,,,,,,,,14942,2020,0.477,732,0.068,89,Both sides,City or Town accepted road,,7,7,0,No Shoulder,45,Bituminous concrete road,0,No Shoulder,2,0,0,None,Large Urbanized Area,Urban minor arterial or rural major collector,Boston (MA-NH-RI),,Mainline roadway,Two-way traffic,No Access Control,,99,CHARLES STREET,MAIN STREET,FELLSWAY,MALDEN,Good,Level Terrain,,Grown from Prior Year HPMS Network,,99,0,0,,,Minor Arterial
5615452,MALDEN,12/29/25,Property damage only (none injured),Open,12:22 AM,2025,No Apparent Injury (O),4,Local police,,35-44,35-44,,,12:00AM to 12:59AM,D1: (Unknown) ,,Collision with parked motor vehicle,Yes,Dark - lighted roadway,Rear-end,4,,,, PW20254664064,Wet,Unknown,MAPC,0,0,Stop signs,"Two-way, not divided",V1: Turning right / V2: Parked / V3: Parked / V4: Parked,V1:(Passenger car) / V2:(Passenger car) / V3:(Passenger car) / V4:(Passenger car),V1:(No) / V2:(No) / V3:(No) / V4:(No),V1:(No) / V2:(No) / V3:(No) / V4:(No),V1: S  / V2: Not Reported / V3: Not Reported / V4: Not Reported,"Rain/Sleet, hail (freezing rain or drizzle)",MIDDLESEX,25000962,"V1:(No, not federally reportable) / V2:(No, not federally reportable) / V3:(No, not federally reportable) / V4:(No, not federally reportable)","No, not federally reportable",Roadway,At Address,No hit and run,,V1:(Collision with parked motor vehicle) / V2:(Collision with parked motor vehicle) / V3:(Collision with parked motor vehicle) / V4:(Collision with parked motor vehicle),"Road surface condition (wet, icy, snow, slush, etc.)","No, school bus not involved",25,"Yes, device functioning"," V1:(Collision with parked motor vehicle) V2:(Collision with motor vehicle in traffic),(Collision with parked motor vehicle) V3:(Collision with parked motor vehicle) V4:(Collision with parked motor vehicle)",No,,,,,,,,239119.7183,910167.8263,42.44105323,-71.02451651,51, OVERLOOK RIDGE DR Rte S,,,,,,,,,,,,,,,,,,,,,,,,,,,,,,,,,,,,,,,,,OVERLOOK RIDGE DRIVE,DEAD END,,MALDEN,,,,,,,,,,,
5615453,MALDEN,12/31/25,Unknown,Open,3:46 PM,2025,Not reported,1,Local police,,,,,,03:00PM to 03:59PM,,,Collision with parked motor vehicle,Yes,Unknown,Angle,4,,,, PW20254664065,Unknown,Not at junction,MAPC,0,0,Unknown,"Two-way, not divided",V1: Parked,"V1:(Light truck(van, mini-van, pickup, sport utility))",V1:(No),V1:(No),V1: U,Unknown,MIDDLESEX,25000972,"V1:(No, not federally reportable)","No, not federally reportable",Roadway,At Address,"Yes, hit and run",,V1:(Collision with parked motor vehicle),Unknown,"No, school bus not involved",25,"No, device not functioning", V1:(Collision with parked motor vehicle),No,,,,,,,,234430.0635,907827.2821,42.42020366,-71.08165581,182, WEST ST Rte 6,,,,,,,,,,,2793,2020,0.21,136,0,17,Both sides,City or Town accepted road,,9,9,0,No Shoulder,32,Bituminous concrete road,0,No Shoulder,2,0,0,None,Large Urbanized Area,Urban collector or rural minor collector,Boston (MA-NH-RI),,Mainline roadway,Two-way traffic,No Access Control,,99,WEST STREET,PLEASANT STREET,MEDFORD STREET,MALDEN,Good,Level Terrain,,Grown from Prior Year HPMS Network,,99,0,0,,,Major Collector
5615454,MALDEN,12/23/25,Property damage only (none injured),Open,8:07 AM,2025,No Apparent Injury (O),2,Local police,,25-34,25-34,,,08:00AM to 08:59AM,D1: (No improper driving) ,D1: Not Distracted,Collision with parked motor vehicle,Yes,Dark - lighted roadway,"Sideswipe, same direction",4,,,, PW20254664070,Dry,Not at junction,MAPC,0,0,No controls,"Two-way, not divided",V1: Parked / V2: Travelling straight ahead,V1:(Passenger car) / V2:(Unknown vehicle configuration),V1:(No) / V2:(No),V1:(No) / V2:(No),V1: W  / V2: U,Clear,MIDDLESEX,25000948,"V1:(No, not federally reportable) / V2:(No, not federally reportable)","No, not federally reportable",Roadway,At Address,"Yes, hit and run",,V1:(Collision with parked motor vehicle) / V2:(Collision with parked motor vehicle),None,"No, school bus not involved",25,Not reported, V1:(Collision with parked motor vehicle) V2:(Collision with parked motor vehicle),No,,,,,,,,235582.2548,907779.2309,42.41971935,-71.06765925,34, WIGGLESWORTH ST Rte W,,,,,,,,,,,1154,,,,,,Both sides,City or Town accepted road,,9,9,0,No Shoulder,30,Bituminous concrete road,0,No Shoulder,2,0,0,None,Large Urbanized Area,Local,Boston (MA-NH-RI),,Mainline roadway,Two-way traffic,No Access Control,,0,WIGGLESWORTH STREET,MADISON STREET,MAIN STREET,MALDEN,Fair,Level Terrain,,,,,0,0,,,Local
5615455,MALDEN,12/19/25,Property damage only (none injured),Open,4:49 PM,2025,No Apparent Injury (O),2,Local police,,21-24,55-64,,,04:00PM to 04:59PM,"D1: (Unknown),(Unknown)  / D2: (Unknown),(Unknown) ",,Collision with motor vehicle in traffic,Yes,Dark - lighted roadway,Angle,4,,,, PW20254664066,Wet,Not at junction,MAPC,0,0,Traffic control signal,"Two-way, not divided",V1: Travelling straight ahead / V2: Backing,V1:(Passenger car) / V2:(Passenger car),V1:(No) / V2:(No),V1:(No) / V2:(No),V1: E  / V2: N,Rain/Cloudy,MIDDLESEX,25000938,"V1:(No, not federally reportable) / V2:(No, not federally reportable)","No, not federally reportable",Roadway,At Address,No hit and run,,V1:(Collision with motor vehicle in traffic) / V2:(Collision with motor vehicle in traffic),Obstruction in roadway,"No, school bus not involved",20,"Yes, device functioning", V1:(Collision with motor vehicle in traffic) V2:(Collision with motor vehicle in traffic),No,,,,,,,,235930.9762,908739.6705,42.42834975,-71.06336246,105, SALEM ST Rte N,,,,,,,,,,,14117,2020,0.477,692,0.068,85,Both sides,City or Town accepted road,,10,10,0,No Shoulder,42,Bituminous concrete road,0,No Shoulder,2,0,0,None,Large Urbanized Area,Urban minor arterial or rural major collector,Boston (MA-NH-RI),,Mainline roadway,Two-way traffic,No Access Control,,30,SALEM STREET,MAIN STREET ,,MALDEN,Good,Level Terrain,,Grown from Prior Year HPMS Network,,30,0,0,,,Minor Arterial
5615456,MALDEN,12/20/25,Non-fatal injury,Open,2:12 AM,2025,Suspected Minor Injury (B),2,Local police,,21-24,21-24,,,02:00AM to 02:59AM,D1: (Exceeded authorized speed limit) ,,Collision with other light pole or other post/support,Yes,Dark - lighted roadway,Single vehicle crash,4,,,, PW20254664068,Dry,Not at junction,MAPC,0,1,No controls,"Two-way, not divided",V1: Travelling straight ahead / V2: Parked,V1:(Passenger car) / V2:(Passenger car),V1:(No) / V2:(No),"V1:(Yes, vehicle or trailer disabled) / V2:(No)",V1: N  / V2:,Clear,MIDDLESEX,25000943,"V1:(No, not federally reportable) / V2:(No, not federally reportable)","No, not federally reportable",Outside roadway,At Address,No hit and run,,V1:(Collision with utility pole) / V2:(Collision with parked motor vehicle),None,"No, school bus not involved",20,"No, device not functioning"," V1:(Collision with fence),(Collision with utility pole),(Collision with parked motor vehicle) V2:(Collision with parked motor vehicle)",No,,,,,,,,237803.6372,910148.5289,42.44094444,-71.04051386,20, BEACHVIEW AV Rte N,,,,,,,,,,,2836,2020,0.21,139,0,17,None,City or Town accepted road,,0,0,0,No Shoulder,24,Bituminous concrete road,2,Stable - Unruttable compacted subgrade,2,0,0,None,Large Urbanized Area,Urban collector or rural minor collector,Boston (MA-NH-RI),,Mainline roadway,Two-way traffic,No Access Control,,99,BEACHVIEW AVENUE,ELWELL STREET,OLIVE AVENUE,MALDEN,Good,Rolling Terrain,,Grown from Prior Year HPMS Network,,99,0,0,,,Major Collector
5615457,MALDEN,12/19/25,Non-fatal injury,Open,4:00 PM,2025,Suspected Minor Injury (B),2,Local police,,25-34,45-54,,,04:00PM to 04:59PM,D1: (No improper driving)  / D2: (Failed to yield right of way) ,D1: Not Distracted,Collision with motor vehicle in traffic,Yes,Dark - lighted roadway,Angle,4,,,, PW20254664071,Wet,Four-way intersection,MAPC,0,2,Stop signs,"Two-way, not divided",V1: Travelling straight ahead / V2: Entering traffic lane,V1:(Passenger car) / V2:(Passenger car),V1:(No) / V2:(No),V1:(No) / V2:(No),V1: W  / V2: N,Rain,MIDDLESEX,25000936,"V1:(No, not federally reportable) / V2:(No, not federally reportable)","No, not federally reportable",Roadway,At Intersection,No hit and run,,V1:(Collision with motor vehicle in traffic) / V2:(Collision with motor vehicle in traffic),None,"No, school bus not involved",25,Not reported, V1:(Collision with motor vehicle in traffic) V2:(Collision with motor vehicle in traffic),No,,,,,,,,235865.1561,909057.9377,42.43121799,-71.06414254,, MOUNTAIN AV Rte W  / TREMONT ST Rte N,,,,,,,,,,,2766,2020,0.21,134,0,17,Both sides,City or Town accepted road,,9,9,0,No Shoulder,30,Bituminous concrete road,0,No Shoulder,2,0,0,None,Large Urbanized Area,Urban collector or rural minor collector,Boston (MA-NH-RI),,Mainline roadway,Two-way traffic,No Access Control,,99,MOUNTAIN AVENUE,EVERETT STREET ,MOUNT VERNON STREET,MALDEN,Good,Level Terrain,,Grown from Prior Year HPMS Network,,99,0,0,,,Major Collector
5615458,MALDEN,12/19/25,Non-fatal injury,Open,7:12 PM,2025,Possible Injury (C),2,Local police,,35-44,35-44,,,07:00PM to 07:59PM,D1: (No improper driving)  / D2: (No improper driving) ,D1: Not Distracted / D2: Not Distracted,Collision with motor vehicle in traffic,Yes,Dark - lighted roadway,Angle,4,,,, PW20254664069,Wet,Four-way intersection,MAPC,0,4,Stop signs,"Two-way, divided, unprotected median",V1: Travelling straight ahead / V2: Travelling straight ahead,V1:(Passenger car) / V2:(Passenger car),V1:(No) / V2:(No),V1:(No) / V2:(No),V1: E  / V2: S,Rain,MIDDLESEX,25000941,"V1:(No, not federally reportable) / V2:(No, not federally reportable)","No, not federally reportable",Unknown,At Intersection,No hit and run,,V1:(Collision with motor vehicle in traffic) / V2:(Collision with motor vehicle in traffic),Unknown,"No, school bus not involved",25,"No, device not functioning", V1:(Collision with motor vehicle in traffic) V2:(Collision with motor vehicle in traffic),No,,,,,,,,235966.0431,908172.7537,42.42324445,-71.06297163,, FERRY ST Rte S  / HIGH ST Rte E,,,,,,,,,,,7281,2020,0.477,356,0.068,44,Both sides,City or Town accepted road,,9,9,0,No Shoulder,40,Bituminous concrete road,0,No Shoulder,2,0,0,None,Large Urbanized Area,Urban minor arterial or rural major collector,Boston (MA-NH-RI),,Mainline roadway,Two-way traffic,No Access Control,,30,FERRY STREET,EVERETT CITY LINE,MAIN STREET,MALDEN,Good,Level Terrain,,Grown from Prior Year HPMS Network,,30,0,0,,,Minor Arterial
5615459,MALDEN,12/19/25,Property damage only (none injured),Open,9:10 PM,2025,No Apparent Injury (O),2,Local police,,21-24,45-54,,,09:00PM to 09:59PM,D1: (No improper driving)  / D2: (Failed to yield right of way) ,D1: Not Distracted,Collision with motor vehicle in traffic,Yes,Dark - lighted roadway,Angle,4,,,, PW20254664067,Wet,Four-way intersection,MAPC,0,0,Traffic control signal,"Two-way, not divided",V1: Travelling straight ahead / V2: Turning left,V1:(Passenger car) / V2:(Passenger car),V1:(No) / V2:(No),V1:(No) / V2:(No),V1: W  / V2: N,Cloudy,MIDDLESEX,25000942,"V1:(No, not federally reportable) / V2:(No, not federally reportable)","No, not federally reportable",Roadway,At Intersection,No hit and run,,V1:(Collision with motor vehicle in traffic) / V2:(Collision with motor vehicle in traffic),None,"No, school bus not involved",25,"Yes, device functioning", V1:(Collision with motor vehicle in traffic) V2:(Collision with motor vehicle in traffic),No,,,,,,,,234924.2501,907544.1252,42.41763255,-71.07566839,, COMMERCIAL ST Rte    / MEDFORD ST Rte,,,,,,,,,,,13022,2020,0.477,638,0.068,78,Both sides,City or Town accepted road,,7,7,0,No Shoulder,46,Bituminous concrete road,0,No Shoulder,4,0,0,None,Large Urbanized Area,Urban minor arterial or rural major collector,Boston (MA-NH-RI),,Mainline roadway,Two-way traffic,No Access Control,,30,COMMERCIAL STREET,PLEASANT STREET,MEDFORD CITY LINE,MALDEN,Good,Level Terrain,,Grown from Prior Year HPMS Network,,30,0,0,,,Minor Arterial
5615460,MALDEN,12/19/25,Property damage only (none injured),Open,9:41 AM,2025,No Apparent Injury (O),2,Local police,,55-64,55-64,,,09:00AM to 09:59AM,"D2: (Unknown),(Unknown) ",,Collision with parked motor vehicle,Yes,Daylight,"Sideswipe, same direction",4,,,, PW20254664072,Wet,Not at junction,MAPC,0,0,Unknown,"One-way, not divided",V1: Parked / V2: Travelling straight ahead,"V1:(Passenger car) / V2:(Bus (seats for 16 or more, including driver))",V1:(No) / V2:(No),V1:(No) / V2:(No),V1: E  / V2: E,Rain/Cloudy,MIDDLESEX,25000937,"V1:(No, not federally reportable) / V2:(No, not federally reportable)","No, not federally reportable",Roadway,At Address,No hit and run,,V1:(Collision with motor vehicle in traffic) / V2:(Collision with parked motor vehicle),None,"Yes, school bus involved",20,"Yes, device functioning", V1:(Collision with motor vehicle in traffic) V2:(Collision with parked motor vehicle),No,,,,,,,,235417.2781,908590.9245,42.42703416,-71.06961399,90, PLEASANT ST Rte E,,,,,,,,,,,12427,2020,0.232,608,0,75,Both sides,City or Town accepted road,Not a parkway - not on a designated truck route,13,14,0,No Shoulder,34,Bituminous concrete road,0,No Shoulder,2,0,0,None,Large Urbanized Area,Urban minor arterial or rural major collector,Boston (MA-NH-RI),,Mainline roadway,One-way traffic,No Access Control,,20,PLEASANT STREET,MAIN STREET,CUL_DE_SAC,MALDEN,Good,Level Terrain,,Grown from Prior Year HPMS Network,,20,0,0,All vehicles over 2.5 tons excluded,"24 Hours, 7 Days",Minor Arterial