Crash Number,City Town Name,Crash Date,Crash Severity,Crash Status,Crash Time,Crash Year,Max Injury Severity Reported,Number of Vehicles,Police Agency Type,State Police Troop,Age of Driver - Youngest Known,Age of Driver - Oldest Known,Age of Vulnerable User - Youngest Known,Age of Vulnerable User - Oldest Known,Crash Hour,Driver Contributing Circumstances (All Drivers),Driver Distracted By (All Vehicles),First Harmful Event,Is Geocoded,Light Conditions,Manner of Collision,MassDOT District,Vulnerable User Action (All Persons),Vulnerable User Location (All Persons),Vulnerable User Type (All Persons),RMV Document Numbers,Road Surface Condition,Roadway Junction Type,RPA Abbreviation,Total Fatalities,Total Non-Fatal Injuries,Traffic Control Device Type,Trafficway Description,Vehicle Actions Prior to Crash (All Vehicles),Vehicle Configuration (All Vehicles),Vehicle Emergency Use (All Vehicles),Vehicle Towed From Scene (All Vehicles),Vehicle Travel Directions (All Vehicles),Weather Conditions,County Name,Crash Report IDs,FMCSA Reportable (All Vehicles),FMCSA Reportable (Crash),First Harmful Event Location,Geocoding Method,Hit and Run,Locality,Most Harmful Event (All Vehicles),Road Contributing Circumstance,School Bus Related,Speed Limit,Traffic Control Device Function,Vehicle Sequence of Events (All Vehicles),Work Zone Related,Vulnerable User Sequence of Events (All Persons),Vulnerable User Distracted By (All Persons),Vulnerable User Traffic Control Type (All persons),Vulnerable User Origin Destination (All Persons),Vulnerable User Contributing Circumstances (All Persons),Vulnerable User Alcohol Suspected Type (All Persons),Vulnerable User Drug Suspected Type (All Persons),X,Y,Latitude,Longitude,Street Number,Roadway,Near Intersection Roadway,Distance and Direction From Intersection,Milemarker,Milemarker Route,Distance and Direction From Milemarker,Exit Number,Exit Route,Distance and Direction From Exit,Landmark,Distance and Direction From Landmark,AADT-linked RD,AADT Year-linked RD,Peak % Single Unit Trucks-linked RD,Single-Unit Truck and Bus AADT-linked RD,Peak % Combo Trucks-linked RD,Combination Truck AADT-linked RD,Curb-linked RD-linked RD,Jurisdiction-linked RD,Truck Route-linked RD,Left Sidewalk Width-linked RD,Right Sidewalk Width-linked RD,Left Shoulder Width-linked RD,Left Shoulder Type-linked RD,Surface Width-linked RD,Surface Type-linked RD,Right Shoulder Width-linked RD,Right Shoulder Type-linked RD,Number of Travel Lanes-linked RD,Number of Opposing Travel Lanes-linked RD,Median Width-linked RD,Median Type-linked RD,Urban Type-linked RD,Functional Classification-linked RD,Urbanized Area-linked RD,Federal Aid Route Number-linked RD,Facility Type-linked RD,Street Operation-linked RD,Access Control-linked RD,Number of Peak Hour Lanes-linked RD,Speed Limit-linked RD,Street Name-linked RD,From Street Name-linked RD,To Street Name-linked RD,City-linked RD-linked RD,Structural Condition-linked RD,Terrain-linked RD,Urban Location Type-linked RD,AADT Derivation-linked RD,AADT Station Number-linked RD,Opposing Direction Speed Limit-linked RD,Undivided Left Shoulder Type-linked RD,Undivided Left Shoulder Width-linked RD,Truck Exclusion Type-linked RD,Truck Exclusion Time-linked RD,Federal Functional Classification-linked RD
5615461,MALDEN,12/20/25,Property damage only (none injured),Open,10:03 PM,2025,No Apparent Injury (O),2,Local police,,35-44,35-44,,,10:00PM to 10:59PM,D1: (Distracted)  / D2: (No improper driving) ,D1: External distraction (outside the vehicle) / D2: Not Distracted,Collision with motor vehicle in traffic,No,Dark - lighted roadway,Rear-end,4,,,, PW20254664075,Dry,Not at junction,MAPC,0,0,No controls,"Two-way, not divided",V1: Travelling straight ahead / V2: Travelling straight ahead,V1:(Passenger car) / V2:(Passenger car),V1:(No) / V2:(No),V1:(No) / V2:(No),V1: E  / V2: E,Clear,MIDDLESEX,25000946,"V1:(No, not federally reportable) / V2:(No, not federally reportable)","No, not federally reportable",Roadway,,No hit and run,,V1:(Collision with motor vehicle in traffic) / V2:(Collision with motor vehicle in traffic),None,"No, school bus not involved",25,Not reported, V1:(Collision with motor vehicle in traffic) V2:(Collision with motor vehicle in traffic),No,,,,,,,,,,,,600, PLEASANT ST Rte E,,,,,,,,,,,,2020,,,,,Both sides,City or Town accepted road,,,,,,,Bituminous concrete road,,,,,,,Large Urbanized Area,Urban minor arterial or rural major collector,Boston (MA-NH-RI),,Mainline roadway,Two-way traffic,No Access Control,,30,,,MEDFORD CITY LINE,MALDEN,Good,Level Terrain,,,,,0,0,,,Minor Arterial
5615462,MALDEN,12/27/25,Property damage only (none injured),Open,2:02 AM,2025,No Apparent Injury (O),1,Local police,,25-34,25-34,,,02:00AM to 02:59AM,"D1: (Swerving or avoiding due to wind, slippery surface, vehicle, object, vulnerable user in roadway) ",,Collision with utility pole,Yes,Dark - lighted roadway,Single vehicle crash,4,,,, PW20254664074,Snow,Four-way intersection,MAPC,0,0,No controls,"Two-way, not divided",V1: Travelling straight ahead,V1:(Passenger car),V1:(No),"V1:(Yes, vehicle or trailer disabled)",V1: N,Snow,MIDDLESEX,25000958,"V1:(No, not federally reportable)","No, not federally reportable",Roadway,At Intersection,No hit and run,,V1:(Collision with utility pole),"Road surface condition (wet, icy, snow, slush, etc.)","No, school bus not involved",25,Not reported, V1:(Collision with utility pole),No,,,,,,,,239369.1438,909624.9853,42.43615376,-71.02152192,, LYNN ST Rte N  / SALEM ST Rte E  / Rte 6,,,,,,,,,,,60480,2020,0.477,2963,0.068,363,None,City or Town accepted road,,5,5,0,No Shoulder,26,Bituminous concrete road,2,Stable - Unruttable compacted subgrade,2,0,0,None,Large Urbanized Area,Urban collector or rural minor collector,Boston (MA-NH-RI),,Mainline roadway,Two-way traffic,No Access Control,,99,LYNN STREET,SALEM STREET,MALDEN CITY LINE,REVERE,Fair,Level Terrain,,Grown from Prior Year HPMS Network,,99,0,0,,,Major Collector
5615463,MALDEN,12/24/25,Non-fatal injury,Open,10:21 PM,2025,Possible Injury (C),3,Local police,,25-34,25-34,,,10:00PM to 10:59PM,D1: (Fatigued/asleep) ,,Collision with motor vehicle in traffic,Yes,Dark - lighted roadway,Single vehicle crash,4,,,, PW20254664076,Dry,Not at junction,MAPC,0,1,No controls,"Two-way, not divided",V1: Travelling straight ahead / V2: Parked / V3: Parked,"V1:(Light truck(van, mini-van, pickup, sport utility)) / V2:(Light truck(van, mini-van, pickup, sport utility)) / V3:(Light truck(van, mini-van, pickup, sport utility))",V1:(No) / V2:(No) / V3:(No),"V1:(Yes, vehicle or trailer disabled) / V2:(Yes, vehicle or trailer disabled) / V3:(No)",V1: S  / V2: S  / V3: S,Clear,MIDDLESEX,25000955,"V1:(No, not federally reportable) / V2:(No, not federally reportable) / V3:(No, not federally reportable)","No, not federally reportable",Roadway,At Address,No hit and run,,V1:(Collision with parked motor vehicle) / V2:(Collision with parked motor vehicle) / V3:(Collision with parked motor vehicle),None,"No, school bus not involved",25,Not reported, V1:(Collision with parked motor vehicle) V2:(Collision with parked motor vehicle) V3:(Collision with parked motor vehicle),No,,,,,,,,237365.8173,909170.2953,42.43215901,-71.04589856,41, MAPLEWOOD ST Rte S,,,,,,,,,,,12696,2020,0.477,621,0.068,76,Both sides,City or Town accepted road,,9,9,0,No Shoulder,30,Bituminous concrete road,0,No Shoulder,2,0,0,None,Large Urbanized Area,Urban minor arterial or rural major collector,Boston (MA-NH-RI),,Mainline roadway,Two-way traffic,No Access Control,,30,MAPLEWOOD STREET,SALEM STREET,DEAD END,MALDEN,Good,Level Terrain,,Grown from Prior Year HPMS Network,,30,0,0,,,Minor Arterial
5615464,MALDEN,12/24/25,Property damage only (none injured),Open,1:18 PM,2025,No Apparent Injury (O),1,Local police,,25-34,25-34,,,01:00PM to 01:59PM,D1: (No improper driving) ,,Collision with motor vehicle in traffic,Yes,Daylight,Single vehicle crash,4,,,, PW20254664077,Wet,Not at junction,MAPC,0,0,No controls,"Two-way, not divided",V1: Travelling straight ahead,V1:(Passenger car),V1:(No),V1:(No),V1: N,Cloudy/Snow,MIDDLESEX,25000952,"V1:(No, not federally reportable)","No, not federally reportable",Roadway,At Address,No hit and run,,V1:(Collision with motor vehicle in traffic),Unknown,"No, school bus not involved",30,Not reported, V1:(Collision with motor vehicle in traffic),No,,,,,,,,238067.0211,909681.4639,42.43672688,-71.0373434,413, BROADWAY Rte N,,,,,,,,,,,25524,2020,0.33,995,0.105,281,Right side only,City or Town accepted road,,0,8,0,No Shoulder,16,Bituminous concrete road,0,No Shoulder,1,1,10,Unprotected,Large Urbanized Area,Rural minor arterial or urban principal arterial,Boston (MA-NH-RI),,Mainline roadway,Two-way traffic,No Access Control,,30,BROADWAY,EVERETT CITY LINE,MELROSE CITY LINE,MALDEN,Good,Level Terrain,,Grown from Prior Year HPMS Network,,0,0,0,,,Principal Arterial - Other
5615465,MALDEN,12/26/25,Property damage only (none injured),Open,9:01 AM,2025,No Apparent Injury (O),2,Local police,,45-54,45-54,,,09:00AM to 09:59AM,"D1: (No improper driving),(No improper driving)  / D2: (Unknown),(Unknown) ",,Collision with parked motor vehicle,Yes,Dark - unknown roadway lighting,"Sideswipe, same direction",4,,,, PW20254664078,Unknown,Four-way intersection,MAPC,0,0,Unknown,"Two-way, not divided",V1: Parked / V2: Travelling straight ahead,V1:(Passenger car) / V2:(Passenger car),V1:(No) / V2:(No),V1:(No) / V2:(No),V1: E  / V2: E,Unknown/Unknown,MIDDLESEX,25000956,"V1:(No, not federally reportable) / V2:(No, not federally reportable)","No, not federally reportable",Unknown,At Intersection,"Yes, hit and run",,V1:(Unknown) / V2:(Collision with parked motor vehicle),Unknown,"No, school bus not involved",25,"Yes, device functioning", V2:(Collision with parked motor vehicle),No,,,,,,,,235774.8904,908400.4373,42.42530297,-71.06528021,, CENTRE ST Rte E  / FERRY ST Rte,,,,,,,,,,,14739,2020,0.558,679,0.155,162,Both sides,City or Town accepted road,,0,8,0,No Shoulder,22,Bituminous concrete road,0,No Shoulder,2,2,5,Raised Median,Large Urbanized Area,Rural minor arterial or urban principal arterial,Boston (MA-NH-RI),,Mainline roadway,Two-way traffic,No Access Control,,30,CENTRE STREET,PLEASANT STREET,EASTERN AVENUE,MALDEN,Good,Level Terrain,,Pulled back from HPMS network estimation routine,,0,0,0,,,Principal Arterial - Other
5615466,MALDEN,12/24/25,Property damage only (none injured),Open,1:02 PM,2025,No Apparent Injury (O),2,Local police,,35-44,45-54,,,01:00PM to 01:59PM,D1: (Unknown)  / D2: (No improper driving) ,,Collision with motor vehicle in traffic,Yes,Daylight,Rear-end,4,,,, PW20254664079,Wet,Four-way intersection,MAPC,0,0,No controls,"Two-way, not divided",V1: Travelling straight ahead / V2: Travelling straight ahead,"V1:(Light truck(van, mini-van, pickup, sport utility)) / V2:(Light truck(van, mini-van, pickup, sport utility))",V1:(No) / V2:(No),V1:(No) / V2:(No),V1: S  / V2: S,Cloudy/Snow,MIDDLESEX,25000951,"V1:(No, not federally reportable) / V2:(No, not federally reportable)","No, not federally reportable",Roadway,At Intersection,No hit and run,,V1:(Collision with motor vehicle in traffic) / V2:(Collision with motor vehicle in traffic),Other,"No, school bus not involved",25,Not reported, V1:(Collision with motor vehicle in traffic) V2:(Collision with motor vehicle in traffic),No,,,,,,,,237265.1561,909765.8125,42.43752497,-71.04708343,, CHERRY ST Rte E  / LEBANON ST Rte S,,,,,,,,,,,1154,,,,,,Both sides,City or Town accepted road,,7,7,0,No Shoulder,25,Bituminous concrete road,0,No Shoulder,2,0,0,None,Large Urbanized Area,Local,Boston (MA-NH-RI),,Mainline roadway,Two-way traffic,No Access Control,,,CHERRY STREET,LEBANON STREET,ECHO STREET,MALDEN,Good,Level Terrain,,,,,0,0,,,Local
5615467,MALDEN,12/31/25,Property damage only (none injured),Open,11:43 PM,2025,No Apparent Injury (O),1,Local police,,21-24,21-24,,,11:00PM to 11:59PM,D1: (No improper driving) ,,Collision with curb,Yes,Dark - lighted roadway,Single vehicle crash,4,,,, PW20254664082,Dry,Four-way intersection,MAPC,0,0,Traffic control signal,"Two-way, divided, unprotected median",V1: Travelling straight ahead,V1:(Passenger car),V1:(No),"V1:(Yes, vehicle or trailer disabled)",V1: E,Clear,MIDDLESEX,26000001,"V1:(No, not federally reportable)","No, not federally reportable",Roadside,At Intersection,No hit and run,,V1:(Collision with curb),Traffic congestion related,"No, school bus not involved",25,"Yes, device functioning", V1:(Collision with curb),No,,,,,,,,237835.2343,908965.1871,42.43028988,-71.04020735,, BROADWAY Rte E  / EASTERN AV Rte,,,,,,,,,,,24974,2020,0.33,974,0.105,275,Both sides,City or Town accepted road,,10,10,0,No Shoulder,44,Bituminous concrete road,0,No Shoulder,2,0,0,None,Large Urbanized Area,Rural minor arterial or urban principal arterial,Boston (MA-NH-RI),,Mainline roadway,Two-way traffic,No Access Control,,30,BROADWAY,EVERETT CITY LINE,MELROSE CITY LINE,MALDEN,Good,Level Terrain,,Grown from Prior Year HPMS Network,,30,0,0,,,Principal Arterial - Other
5615468,MALDEN,12/27/25,Property damage only (none injured),Open,12:42 PM,2025,No Apparent Injury (O),2,Local police,,18-20,35-44,,,12:00PM to 12:59PM,D1: (No improper driving)  / D2: (Unknown) ,D1: Not Distracted,Collision with motor vehicle in traffic,Yes,Daylight,Angle,4,,,, PW20254664080,Dry,T-intersection,MAPC,0,0,No controls,"Two-way, divided, unprotected median",V1: Travelling straight ahead / V2: Travelling straight ahead,V1:(Passenger car) / V2:(Passenger car),V1:(No) / V2:(No),"V1:(Yes, vehicle or trailer disabled) / V2:(No)",V1: S  / V2: W,Clear,MIDDLESEX,25000959,"V1:(No, not federally reportable) / V2:(No, not federally reportable)","No, not federally reportable",Roadway,At Intersection,No hit and run,,V1:(Collision with motor vehicle in traffic) / V2:(Collision with motor vehicle in traffic),None,"No, school bus not involved",30,"No, device not functioning", V1:(Collision with motor vehicle in traffic) V2:(Collision with motor vehicle in traffic),No,,,,,,,,237265.1561,909765.8125,42.43752497,-71.04708343,, LEBANON ST Rte S  / VALLEY STREET Rte W,,,,,,,,,,,13529,2020,0.477,662,0.068,81,Both sides,City or Town accepted road,,7,7,0,No Shoulder,34,Bituminous concrete road,0,No Shoulder,2,0,0,None,Large Urbanized Area,Urban minor arterial or rural major collector,Boston (MA-NH-RI),,Mainline roadway,Two-way traffic,No Access Control,,30,LEBANON STREET,MELROSE CITY LINE,SALEM STREET,MALDEN,Good,Level Terrain,,Grown from Prior Year HPMS Network,,30,0,0,,,Minor Arterial
5615471,MALDEN,12/27/25,Unknown,Open,12:29 PM,2025,Not reported,1,Local police,,,,,,12:00PM to 12:59PM,,,Collision with motor vehicle in traffic,Yes,Daylight,Unknown,4,,,, PW20254664084,Snow,Not at junction,MAPC,0,0,Traffic control signal,"Two-way, not divided",V1: Parked,V1:(Passenger car),V1:(No),V1:(No),V1:,Snow,MIDDLESEX,25000960,"V1:(No, not federally reportable)","No, not federally reportable",Roadway,At Address,"Yes, hit and run",,V1:(Collision with motor vehicle in traffic),None,"No, school bus not involved",20,"Yes, device functioning", V1:(Collision with motor vehicle in traffic),No,,,,,,,,236556.8405,907870.2104,42.42049332,-71.05581204,452, FERRY ST Rte S,,,,,,,,,,,7281,2020,0.477,356,0.068,44,Both sides,City or Town accepted road,,10,10,0,No Shoulder,40,Bituminous concrete road,0,No Shoulder,2,0,0,None,Large Urbanized Area,Urban minor arterial or rural major collector,Boston (MA-NH-RI),,Mainline roadway,Two-way traffic,No Access Control,,30,FERRY STREET,EVERETT CITY LINE,MAIN STREET,MALDEN,Good,Level Terrain,,Grown from Prior Year HPMS Network,,30,0,0,,,Minor Arterial
5615472,MALDEN,12/29/25,Property damage only (none injured),Open,12:18 PM,2025,No Apparent Injury (O),2,Local police,,45-54,45-54,,,12:00PM to 12:59PM,D2: (Inattention) ,D2: Not Distracted,Collision with parked motor vehicle,Yes,Daylight,Head-on,4,,,, PW20254664086,Dry,Not at junction,MAPC,0,0,No controls,"Two-way, not divided",V1: Parked / V2: Backing,V1:(Passenger car) / V2:(Passenger car),V1:(No) / V2:(No),V1:(No) / V2:(No),V1:    / V2: N,Clear,MIDDLESEX,25000964,"V1:(No, not federally reportable) / V2:(No, not federally reportable)","No, not federally reportable",Roadway,At Address,"Yes, hit and run",,V1:(Collision with parked motor vehicle) / V2:(Collision with parked motor vehicle),None,"No, school bus not involved",30,"Yes, device functioning", V1:(Collision with parked motor vehicle) V2:(Collision with parked motor vehicle),No,,,,,,,,235512.3569,907964.6708,42.42139197,-71.06849713,34, MERIDIAN ST Rte N,,,,,,,,,,,1154,,,,,,Both sides,City or Town accepted road,,5,5,0,No Shoulder,24,Surface-treated road,0,No Shoulder,2,0,0,None,Large Urbanized Area,Local,Boston (MA-NH-RI),,Mainline roadway,Two-way traffic,No Access Control,,,MERIDIAN STREET,MADISON STREET,WIGGLESWORTH STREET,MALDEN,Fair,Rolling Terrain,,,,,0,0,,,Local
5615473,MALDEN,12/30/25,Unknown,Open,4:20 AM,2025,Not reported,1,Local police,,,,,,04:00AM to 04:59AM,,,Collision with tree,Yes,Dark - lighted roadway,Single vehicle crash,4,,,, PW20254664085,Dry,Not at junction,MAPC,0,0,No controls,"Two-way, divided, unprotected median",V1: Parked,V1:(Passenger car),V1:(No),V1:(No),V1:,Severe crosswinds,MIDDLESEX,25000967,"V1:(No, not federally reportable)","No, not federally reportable",Roadway,At Address,No hit and run,,V1:(Collision with tree),None,"No, school bus not involved",25,Not reported, V1:(Collision with tree),No,,,,,,,,236079.6994,908126.5655,42.42282339,-71.06159348,275, FERRY STREET Rte S,,,,,,,,,,,7281,2020,0.477,356,0.068,44,Both sides,City or Town accepted road,,9,9,0,No Shoulder,40,Bituminous concrete road,0,No Shoulder,2,0,0,None,Large Urbanized Area,Urban minor arterial or rural major collector,Boston (MA-NH-RI),,Mainline roadway,Two-way traffic,No Access Control,,30,FERRY STREET,EVERETT CITY LINE,MAIN STREET,MALDEN,Good,Level Terrain,,Grown from Prior Year HPMS Network,,30,0,0,,,Minor Arterial
5615474,MALDEN,12/29/25,Property damage only (none injured),Open,7:11 AM,2025,No Apparent Injury (O),1,Local police,,35-44,35-44,,,07:00AM to 07:59AM,D1: (No improper driving) ,D1: Not Distracted,Collision with unknown fixed object,Yes,Daylight,Single vehicle crash,4,,,, PW20254664087,Ice,Not at junction,MAPC,0,0,Stop signs,"One-way, not divided",V1: Travelling straight ahead,V1:(Passenger car),V1:(No),V1:(No),V1: E,Rain,MIDDLESEX,25000963,"V1:(No, not federally reportable)","No, not federally reportable",Roadside,At Address,No hit and run,,"V1:(Collision with other fixed object (wall, building, tunnel, etc.))","Road surface condition (wet, icy, snow, slush, etc.)","No, school bus not involved",25,"Yes, device functioning"," V1:(Collision with other fixed object(wall, building, tunnel, etc.))",No,,,,,,,,235635.1776,908109.294,42.42268834,-71.06699586,1, GOULD AVE Rte E,,,,,,,,,,,1154,,,,,,Both sides,City or Town accepted road,,6,6,0,No Shoulder,20,Surface-treated road,0,No Shoulder,2,0,0,None,Large Urbanized Area,Local,Boston (MA-NH-RI),,Mainline roadway,One-way traffic,No Access Control,,,GOULD AVENUE,HIGH STREET,MAIN STREET,MALDEN,Fair,Mountainous Terrain,,,,,0,0,,,Local
5615476,MALDEN,12/26/25,Unknown,Open,5:06 PM,2025,Not reported,1,Local police,,,,,,05:00PM to 05:59PM,,,Collision with parked motor vehicle,Yes,Dusk,Unknown,4,,,, PW20254664089,Dry,Not at junction,MAPC,0,0,Unknown,"Two-way, not divided",V1: Parked,V1:(Passenger car),V1:(No),V1:(No),V1: N,Clear,MIDDLESEX,25000957,"V1:(No, not federally reportable)","No, not federally reportable",Roadway,At Address,"Yes, hit and run",,V1:(Unknown),Unknown,"No, school bus not involved",25,"No, device not functioning",,No,,,,,,,,234530.1968,908125.7278,42.42288601,-71.08042132,285, HIGHLAND AV Rte N,,,,,,,,,,,14259,2020,0.632,812,0.109,115,Both sides,City or Town accepted road,,9,9,0,No Shoulder,36,Bituminous concrete road,0,No Shoulder,2,0,0,None,Large Urbanized Area,Urban minor arterial or rural major collector,Boston (MA-NH-RI),,Mainline roadway,Two-way traffic,No Access Control,,25,HIGHLAND AVENUE,MEDFORD CITY LINE,MEDFORD CITY LINE,MALDEN,Good,Level Terrain,,Pulled back from HPMS network estimation routine,,25,0,0,,,Minor Arterial
5615478,MALDEN,12/31/25,Property damage only (none injured),Open,8:03 AM,2025,No Apparent Injury (O),2,Local police,,35-44,35-44,,,08:00AM to 08:59AM,D1: (No improper driving) ,D1: Not Distracted,Collision with parked motor vehicle,Yes,Daylight,Rear-end,4,,,, PW20254664092,Dry,Not at junction,MAPC,0,0,No controls,Unknown,V1: Backing / V2: Parked,"V1:(Light truck(van, mini-van, pickup, sport utility)) / V2:(Light truck(van, mini-van, pickup, sport utility))",V1:(No) / V2:(No),V1:(No) / V2:(No),V1: N  / V2: Not Reported,Clear,MIDDLESEX,25000971,"V1:(No, not federally reportable) / V2:(No, not federally reportable)","No, not federally reportable",Roadway,At Address,No hit and run,,V1:(Collision with parked motor vehicle) / V2:(Collision with motor vehicle in traffic),None,"No, school bus not involved",,Not reported, V1:(Collision with parked motor vehicle) V2:(Collision with motor vehicle in traffic),No,,,,,,,,237279.3425,908908.4534,42.42980591,-71.04696636,800, EASTERN AV Rte 6,,,,,,,,,,,15979,2020,0.558,735,0.155,176,Both sides,City or Town accepted road,,6,6,0,No Shoulder,28,Bituminous concrete road,8,Hardened bituminous mix or penetration,2,0,0,None,Large Urbanized Area,Rural minor arterial or urban principal arterial,Boston (MA-NH-RI),,Mainline roadway,Two-way traffic,No Access Control,,30,EASTERN AVENUE,MAIN STREET,LYNN STREET,MALDEN,Good,Level Terrain,,Pulled back from HPMS network estimation routine,,30,Surfaced shoulder exists – Portland Cement Concrete surface (PCC,8,,,Principal Arterial - Other
5615479,MALDEN,12/28/25,Property damage only (none injured),Open,10:52 AM,2025,No Apparent Injury (O),2,Local police,,25-34,25-34,,,10:00AM to 10:59AM,D1: (Unknown)  / D2: (Unknown) ,,Collision with motor vehicle in traffic,Yes,Daylight,Angle,4,,,, PW20254664091,Dry,Four-way intersection,MAPC,0,0,Traffic control signal,"Two-way, not divided",V1: Travelling straight ahead / V2: Travelling straight ahead,V1:(Passenger car) / V2:(Passenger car),V1:(No) / V2:(No),"V1:(Yes, vehicle or trailer disabled) / V2:(Yes, vehicle or trailer disabled)",V1: E  / V2: N,Clear,MIDDLESEX,25000961,"V1:(No, not federally reportable) / V2:(No, not federally reportable)","No, not federally reportable",Roadway,At Intersection,No hit and run,,V1:(Collision with motor vehicle in traffic) / V2:(Collision with motor vehicle in traffic),None,"No, school bus not involved",25,"Yes, device functioning", V1:(Collision with motor vehicle in traffic) V2:(Collision with motor vehicle in traffic),No,,,,,,,,236224.2969,907412.4378,42.41638772,-71.05988128,, BELMONT ST Rte    / HANCOCK ST Rte,,,,,,,,,,,2822,2020,0.21,137,0,17,Both sides,City or Town accepted road,,8,8,0,No Shoulder,30,Bituminous concrete road,0,No Shoulder,2,0,0,None,Large Urbanized Area,Urban collector or rural minor collector,Boston (MA-NH-RI),,Mainline roadway,Two-way traffic,No Access Control,,99,BELMONT STREET,FERRY STREET,MAIN STREET,MALDEN,Good,Rolling Terrain,,Grown from Prior Year HPMS Network,,99,0,0,,,Major Collector
5615482,MALDEN,12/11/25,Property damage only (none injured),Open,9:51 PM,2025,No Apparent Injury (O),2,Local police,,21-24,35-44,,,09:00PM to 09:59PM,D1: (No improper driving)  / D2: (No improper driving) ,,Collision with motor vehicle in traffic,Yes,Dark - lighted roadway,Head-on,4,,,, PW20254664045,Dry,Four-way intersection,MAPC,0,0,Traffic control signal,"Two-way, not divided",V1: Travelling straight ahead / V2: Turning left,V1:(Passenger car) / V2:(Passenger car),V1:(No) / V2:(No),"V1:(Yes, vehicle or trailer disabled) / V2:(Yes, vehicle or trailer disabled)",V1: W  / V2: N,Clear,MIDDLESEX,25000915,"V1:(No, not federally reportable) / V2:(No, not federally reportable)","No, not federally reportable",Roadway,At Intersection,No hit and run,,V1:(Collision with motor vehicle in traffic) / V2:(Collision with motor vehicle in traffic),None,"No, school bus not involved",25,"Yes, device functioning", V1:(Collision with motor vehicle in traffic) V2:(Collision with motor vehicle in traffic),No,,,,,,,,237835.2343,908965.1871,42.43028988,-71.04020735,, BROADWAY Rte N  / EASTERN AVE Rte W,,,,,,,,,,,24974,2020,0.33,974,0.105,275,Both sides,City or Town accepted road,,10,10,0,No Shoulder,44,Bituminous concrete road,0,No Shoulder,2,0,0,None,Large Urbanized Area,Rural minor arterial or urban principal arterial,Boston (MA-NH-RI),,Mainline roadway,Two-way traffic,No Access Control,,30,BROADWAY,EVERETT CITY LINE,MELROSE CITY LINE,MALDEN,Good,Level Terrain,,Grown from Prior Year HPMS Network,,30,0,0,,,Principal Arterial - Other
5615483,MALDEN,12/12/25,Property damage only (none injured),Open,10:25 PM,2025,No Apparent Injury (O),2,Local police,,25-34,25-34,,,10:00PM to 10:59PM,D1: (No improper driving) ,D1: Not Distracted,Collision with motor vehicle in traffic,Yes,Dark - lighted roadway,"Sideswipe, same direction",4,,,, PW20254664050,Dry,Not at junction,MAPC,0,0,No controls,"Two-way, not divided",V1: Travelling straight ahead / V2: Travelling straight ahead,V1:(Motorcycle) / V2:(Unknown vehicle configuration),V1:(No) / V2:(No),V1:(No) / V2:(No),V1: S  / V2: S,Clear,MIDDLESEX,25000920,"V1:(No, not federally reportable) / V2:(No, not federally reportable)","No, not federally reportable",Roadway,At Address,"Yes, hit and run",,V1:(Collision with motor vehicle in traffic) / V2:(Collision with motor vehicle in traffic),None,"No, school bus not involved",25,Not reported, V1:(Collision with motor vehicle in traffic) V2:(Collision with motor vehicle in traffic),No,,,,,,,,238529.985,908833.1452,42.42906715,-71.03177337,266, LYNN ST Rte S,,,,,,,,,,,7111,2020,0.232,349,0,42,Both sides,City or Town accepted road,,0,0,0,No Shoulder,36,Bituminous concrete road,0,No Shoulder,2,0,0,None,Large Urbanized Area,Urban minor arterial or rural major collector,Boston (MA-NH-RI),,Mainline roadway,Two-way traffic,No Access Control,,35,LYNN STREET,EVERETT CITY LINE,REVERE CITY LINE,MALDEN,Good,Level Terrain,,Grown from Prior Year HPMS Network,,40,0,0,,,Minor Arterial
5615484,MALDEN,12/19/25,Property damage only (none injured),Open,3:13 PM,2025,No Apparent Injury (O),2,Local police,,45-54,65-74,,,03:00PM to 03:59PM,"D1: (Unknown),(Unknown)  / D2: (Unknown),(Unknown) ",,Collision with motor vehicle in traffic,Yes,Dawn,"Sideswipe, same direction",4,,,, PW20254664054,Wet,Not at junction,MAPC,0,0,Traffic control signal,"Two-way, not divided",V1: Travelling straight ahead / V2: Travelling straight ahead,V1:(Passenger car) / V2:(Passenger car),V1:(No) / V2:(No),V1:(No) / V2:(No),V1: W  / V2: W,Rain/Cloudy,MIDDLESEX,25000939,"V1:(No, not federally reportable) / V2:(No, not federally reportable)","No, not federally reportable",Roadway,At Address,No hit and run,,V1:(Collision with motor vehicle in traffic) / V2:(Collision with motor vehicle in traffic),Unknown,"No, school bus not involved",20,"Yes, device functioning", V1:(Collision with motor vehicle in traffic) V2:(Collision with motor vehicle in traffic),No,,,,,,,,234970.4496,908093.2316,42.42257384,-71.07507383,129, COMMERCIAL ST Rte W,,,,,,,,,,,14655,2020,0.477,718,0.068,88,Both sides,City or Town accepted road,,7,7,0,No Shoulder,46,Bituminous concrete road,0,No Shoulder,4,0,0,None,Large Urbanized Area,Urban minor arterial or rural major collector,Boston (MA-NH-RI),,Mainline roadway,Two-way traffic,No Access Control,,30,COMMERCIAL STREET,PLEASANT STREET,MEDFORD CITY LINE,MALDEN,Good,Level Terrain,,Grown from Prior Year HPMS Network,,30,0,0,,,Minor Arterial